-- Script para poblar la tabla de Empleados.
insert into Empleado (nombre, apellidoPaterno, apellidoMaterno, genero, nacimiento, calle, num, ciudad, CP, CURP) values ('Huntley', 'Pall', 'Neil', 'M', '01/19/1989', '6th', '3', 'Weiwangzhuang', 35052, 'PANH19890119MWLEU5');
insert into Empleado (nombre, apellidoPaterno, apellidoMaterno, genero, nacimiento, calle, num, ciudad, CP, CURP) values ('Huntley', 'Pall', 'Neil', 'M', '01/19/1989', '6th', '3', 'Weiwangzhuang', 35052, 'PANH19891119MWLEU5');
insert into Empleado (nombre, apellidoPaterno, apellidoMaterno, genero, nacimiento, calle, num, ciudad, CP, CURP) values ('Henderson', 'Son', 'Darrell', 'M', '02/23/2000', 'Schurz', '8594', 'Yuanhou', 37490, 'SODH20000223MYNAE5');
insert into Empleado (nombre, apellidoPaterno, apellidoMaterno, genero, nacimiento, calle, num, ciudad, CP, CURP) values ('Zebadiah', 'Tymon', 'Bartholemy', 'M', '10/15/1984', 'Bayside', '16', 'Vostok', 20443, 'TYBZ19841015MVMAE9');
insert into Empleado (nombre, apellidoPaterno, apellidoMaterno, genero, nacimiento, calle, num, ciudad, CP, CURP) values ('Frankie', 'Marcelo', 'Judd', 'M', '09/04/1996', 'Parkside', '976', 'Pétionville', 20517, 'MAJF19960904MPRUR4');
insert into Empleado (nombre, apellidoPaterno, apellidoMaterno, genero, nacimiento, calle, num, ciudad, CP, CURP) values ('Mikaela', 'Meade', 'Malia', 'F', '06/29/2000', 'Drewry', '9', 'Santo Tomas', 52484, 'MEMM20000629FSAAI1');
insert into Empleado (nombre, apellidoPaterno, apellidoMaterno, genero, nacimiento, calle, num, ciudad, CP, CURP) values ('Ulick', 'Tiebout', 'Thorny', 'M', '07/01/1993', 'Pearson', '927', 'Shakhty', 18585, 'TITU19930701MSEHL4');
insert into Empleado (nombre, apellidoPaterno, apellidoMaterno, genero, nacimiento, calle, num, ciudad, CP, CURP) values ('James', 'Gordan', 'Benn', 'M', '09/16/1987', 'Fremont', '16050', 'Tall Salḩab', 60348, 'GOBJ19870916MTREA7');
insert into Empleado (nombre, apellidoPaterno, apellidoMaterno, genero, nacimiento, calle, num, ciudad, CP, CURP) values ('Hayley', 'Zorah', 'Ceciley', 'F', '06/19/1993', 'Glendale', '095', 'Kallíthiron', 59309, 'ZOCH19930619FKREA5');
insert into Empleado (nombre, apellidoPaterno, apellidoMaterno, genero, nacimiento, calle, num, ciudad, CP, CURP) values ('Billi', 'Eadie', 'Kary', 'F', '04/08/1986', 'Mariners Cove', '68', 'Zelenokumsk', 71554, 'EAKB19860408FZDAI2');
insert into Empleado (nombre, apellidoPaterno, apellidoMaterno, genero, nacimiento, calle, num, ciudad, CP, CURP) values ('Sherlock', 'Keith', 'Selig', 'M', '07/07/1984', 'Mccormick', '40342', 'Banjar Bengkelgede', 11271, 'KESS19840707MBIEH4');
insert into Empleado (nombre, apellidoPaterno, apellidoMaterno, genero, nacimiento, calle, num, ciudad, CP, CURP) values ('Bambie', 'Allegra', 'Neysa', 'F', '12/22/1995', 'Orin', '8', 'Kórnik', 75017, 'ALNB19951222FKLEA8');
insert into Empleado (nombre, apellidoPaterno, apellidoMaterno, genero, nacimiento, calle, num, ciudad, CP, CURP) values ('Reeba', 'Cherice', 'Kaela', 'F', '12/06/1994', 'Graceland', '93', 'General Alvear', 88455, 'CHKR19941206FGEAE2');
insert into Empleado (nombre, apellidoPaterno, apellidoMaterno, genero, nacimiento, calle, num, ciudad, CP, CURP) values ('Wallis', 'Wyatt', 'Kane', 'M', '07/22/1996', 'Anniversary', '04', 'Ananindeua', 90713, 'WYKW19960722MAAAA2');
insert into Empleado (nombre, apellidoPaterno, apellidoMaterno, genero, nacimiento, calle, num, ciudad, CP, CURP) values ('Zeke', 'Erie', 'Julie', 'M', '08/06/1985', 'Little Fleur', '4583', 'Buzen', 25338, 'ERJZ19850806MBIUE5');
insert into Empleado (nombre, apellidoPaterno, apellidoMaterno, genero, nacimiento, calle, num, ciudad, CP, CURP) values ('Brand', 'Florian', 'Cristiano', 'M', '10/07/1986', 'Sunnyside', '94', 'Mayenne', 89593, 'FLCB19861007MMORR5');
insert into Empleado (nombre, apellidoPaterno, apellidoMaterno, genero, nacimiento, calle, num, ciudad, CP, CURP) values ('Gregorius', 'Scott', 'Eldin', 'M', '08/19/1984', 'Ludington', '69303', 'Dubrovka', 63095, 'SCEG19840819MDOLR4');
insert into Empleado (nombre, apellidoPaterno, apellidoMaterno, genero, nacimiento, calle, num, ciudad, CP, CURP) values ('Randa', 'Agneta', 'Jannelle', 'F', '06/15/1996', 'Crowley', '15729', 'Concepción', 10112, 'AGJR19960615FCNAA3');
insert into Empleado (nombre, apellidoPaterno, apellidoMaterno, genero, nacimiento, calle, num, ciudad, CP, CURP) values ('Ricoriki', 'Pieter', 'Chester', 'M', '06/09/1983', 'Fairfield', '84853', 'Chavão', 61067, 'PICR19830609MCEHI7');
insert into Empleado (nombre, apellidoPaterno, apellidoMaterno, genero, nacimiento, calle, num, ciudad, CP, CURP) values ('Zorana', 'Rodie', 'Hilde', 'F', '10/21/1996', 'Pepper Wood', '32219', 'Capitão Poço', 63618, 'ROHZ19961021FCDIO1');
insert into Empleado (nombre, apellidoPaterno, apellidoMaterno, genero, nacimiento, calle, num, ciudad, CP, CURP) values ('Blair', 'Hillie', 'Oby', 'M', '02/21/1981', 'Katie', '930', 'Beaumont', 29313, 'HIOB19810221MBLBL2');
insert into Empleado (nombre, apellidoPaterno, apellidoMaterno, genero, nacimiento, calle, num, ciudad, CP, CURP) values ('Rozamond', 'Anallise', 'Lynna', 'F', '08/22/1982', 'Rowland', '83754', 'Krasnaya Polyana', 71754, 'ANLR19820822FKAYO9');
insert into Empleado (nombre, apellidoPaterno, apellidoMaterno, genero, nacimiento, calle, num, ciudad, CP, CURP) values ('Allene', 'Carmelle', 'Lise', 'F', '11/08/1992', '1st', '9708', 'Norrköping', 47808, 'CALA19921108FNRIL2');
insert into Empleado (nombre, apellidoPaterno, apellidoMaterno, genero, nacimiento, calle, num, ciudad, CP, CURP) values ('Bernadene', 'Anabella', 'Chantalle', 'F', '11/27/1995', 'Bluejay', '30', 'Austin', 19793, 'ANCB19951127FAAHE7');
insert into Empleado (nombre, apellidoPaterno, apellidoMaterno, genero, nacimiento, calle, num, ciudad, CP, CURP) values ('Bennie', 'Percival', 'Rik', 'M', '10/20/1981', 'Northwestern', '46', 'Mensalong', 45154, 'PERB19811020MMRIE6');
insert into Empleado (nombre, apellidoPaterno, apellidoMaterno, genero, nacimiento, calle, num, ciudad, CP, CURP) values ('Amara', 'Michaeline', 'Hilliary', 'F', '10/24/1999', 'Loeprich', '6011', 'Pangpang', 80898, 'MIHA19991024FPCIM8');
insert into Empleado (nombre, apellidoPaterno, apellidoMaterno, genero, nacimiento, calle, num, ciudad, CP, CURP) values ('Kym', 'Gusti', 'Tish', 'F', '12/20/1981', 'Boyd', '194', 'Winnica', 78317, 'GUTK19811220FWSIY8');
insert into Empleado (nombre, apellidoPaterno, apellidoMaterno, genero, nacimiento, calle, num, ciudad, CP, CURP) values ('Remington', 'Alfons', 'Hartwell', 'M', '08/06/1996', 'Almo', '4', 'Laiponda', 96380, 'ALHR19960806MLFAE9');
insert into Empleado (nombre, apellidoPaterno, apellidoMaterno, genero, nacimiento, calle, num, ciudad, CP, CURP) values ('George', 'Gar', 'Hilton', 'M', '12/28/1998', 'Schurz', '874', 'Tambillo', 41747, 'GAHG19981228MTRIE5');
insert into Empleado (nombre, apellidoPaterno, apellidoMaterno, genero, nacimiento, calle, num, ciudad, CP, CURP) values ('Caresa', 'Carena', 'Rhody', 'F', '04/12/1982', 'Eastlawn', '0', 'Kabalo', 72567, 'CARC19820412FKRHA7');
insert into Empleado (nombre, apellidoPaterno, apellidoMaterno, genero, nacimiento, calle, num, ciudad, CP, CURP) values ('Stefa', 'Sheena', 'Joeann', 'F', '04/10/1985', '6th', '15586', 'Luntai', 92378, 'SHJS19850410FLEOT3');
insert into Empleado (nombre, apellidoPaterno, apellidoMaterno, genero, nacimiento, calle, num, ciudad, CP, CURP) values ('Graehme', 'Mic', 'Lem', 'M', '07/10/1999', 'Heffernan', '8770', 'Ḩājjīābād', 80323, 'MILG19990710MḨCER0');
insert into Empleado (nombre, apellidoPaterno, apellidoMaterno, genero, nacimiento, calle, num, ciudad, CP, CURP) values ('Rosalind', 'Gloriane', 'Latia', 'F', '08/10/1996', 'Lunder', '395', 'Kefar Tavor', 32826, 'GLLR19960810FKOAO9');
insert into Empleado (nombre, apellidoPaterno, apellidoMaterno, genero, nacimiento, calle, num, ciudad, CP, CURP) values ('Cleveland', 'Sigfrid', 'Jeramey', 'M', '01/09/1995', 'Petterle', '4442', 'Nakamura', 67344, 'SIJC19950109MNGEL9');
insert into Empleado (nombre, apellidoPaterno, apellidoMaterno, genero, nacimiento, calle, num, ciudad, CP, CURP) values ('Matthew', 'Sheffield', 'Fields', 'M', '04/07/1992', 'Pleasure', '9', 'Osiek', 32746, 'SHFM19920407MOEIA7');
insert into Empleado (nombre, apellidoPaterno, apellidoMaterno, genero, nacimiento, calle, num, ciudad, CP, CURP) values ('Suzy', 'Marni', 'Vonny', 'F', '10/16/1991', 'Continental', '160', 'Wuxi', 40604, 'MAVS19911016FWROU0');
insert into Empleado (nombre, apellidoPaterno, apellidoMaterno, genero, nacimiento, calle, num, ciudad, CP, CURP) values ('Vanny', 'Quinn', 'Elfrida', 'F', '10/19/1991', 'Pearson', '29341', 'Cikuya', 81550, 'QUEV19911019FCILA6');
insert into Empleado (nombre, apellidoPaterno, apellidoMaterno, genero, nacimiento, calle, num, ciudad, CP, CURP) values ('Nikita', 'Elmo', 'Bertie', 'M', '10/16/1989', 'Grasskamp', '742', 'Koncang', 75455, 'ELBN19891016MKMEI1');
insert into Empleado (nombre, apellidoPaterno, apellidoMaterno, genero, nacimiento, calle, num, ciudad, CP, CURP) values ('Vaclav', 'See', 'Jayme', 'M', '02/10/1984', 'Arrowood', '8707', 'Antsirabe', 95947, 'SEJV19840210MAEAA6');
insert into Empleado (nombre, apellidoPaterno, apellidoMaterno, genero, nacimiento, calle, num, ciudad, CP, CURP) values ('Frank', 'Constancia', 'Charmion', 'F', '01/16/1996', 'Sachtjen', '9198', 'Yunxi', 63632, 'COCF19960116FYNHR6');
insert into Empleado (nombre, apellidoPaterno, apellidoMaterno, genero, nacimiento, calle, num, ciudad, CP, CURP) values ('Elena', 'Mara', 'Nelle', 'F', '07/17/1994', 'Bashford', '579', 'Kuching', 57930, 'MANE19940717FKREL9');
insert into Empleado (nombre, apellidoPaterno, apellidoMaterno, genero, nacimiento, calle, num, ciudad, CP, CURP) values ('Adeline', 'Dyana', 'Bridgette', 'F', '12/19/1990', 'Hagan', '8615', 'Bekondo', 33180, 'DYBA19901219FBARD1');
insert into Empleado (nombre, apellidoPaterno, apellidoMaterno, genero, nacimiento, calle, num, ciudad, CP, CURP) values ('Daniel', 'Granville', 'Salomon', 'M', '11/28/1992', 'Darwin', '23', 'Valday', 97719, 'GRSD19921128MVAAA5');
insert into Empleado (nombre, apellidoPaterno, apellidoMaterno, genero, nacimiento, calle, num, ciudad, CP, CURP) values ('Wenda', 'Cassi', 'Rosamund', 'F', '04/02/1994', 'Sugar', '461', 'Jammāl', 64208, 'CARW19940402FJSOE6');
insert into Empleado (nombre, apellidoPaterno, apellidoMaterno, genero, nacimiento, calle, num, ciudad, CP, CURP) values ('Thaxter', 'Lynn', 'Launce', 'M', '02/06/1981', 'Summerview', '93102', 'Morón', 56797, 'LYLT19810206MMNAH4');
insert into Empleado (nombre, apellidoPaterno, apellidoMaterno, genero, nacimiento, calle, num, ciudad, CP, CURP) values ('Terrie', 'Aloise', 'Margaux', 'F', '01/27/1994', 'Fieldstone', '33169', 'Thành Phố Bà Rịa', 73039, 'ALMT19940127FTOAE2');
insert into Empleado (nombre, apellidoPaterno, apellidoMaterno, genero, nacimiento, calle, num, ciudad, CP, CURP) values ('Joeann', 'Carmella', 'Estele', 'F', '09/20/1997', 'Artisan', '222', 'Vatutino', 56990, 'CAEJ19970920FVRSO1');
insert into Empleado (nombre, apellidoPaterno, apellidoMaterno, genero, nacimiento, calle, num, ciudad, CP, CURP) values ('Alvie', 'Archambault', 'Kasper', 'M', '09/19/1997', 'Utah', '4', 'Ronov nad Doubravou', 50369, 'ARKA19970919MRCAL2');
insert into Empleado (nombre, apellidoPaterno, apellidoMaterno, genero, nacimiento, calle, num, ciudad, CP, CURP) values ('Lothaire', 'Brit', 'Reagan', 'M', '06/20/1992', 'Toban', '93', 'Montalegre', 54935, 'BRRL19920620MMIEO7');
insert into Empleado (nombre, apellidoPaterno, apellidoMaterno, genero, nacimiento, calle, num, ciudad, CP, CURP) values ('Wesley', 'Regan', 'Hadlee', 'M', '05/15/1994', 'Packers', '6659', 'Vredenburg', 27818, 'REHW19940515MVGAE2');
insert into Empleado (nombre, apellidoPaterno, apellidoMaterno, genero, nacimiento, calle, num, ciudad, CP, CURP) values ('Logan', 'Cassius', 'Kurtis', 'M', '12/03/1983', 'Kennedy', '3', 'Isaka', 55703, 'CAKL19831203MISUO9');
insert into Empleado (nombre, apellidoPaterno, apellidoMaterno, genero, nacimiento, calle, num, ciudad, CP, CURP) values ('Peggy', 'Gertrudis', 'Siouxie', 'F', '02/14/1983', 'Hoepker', '596', 'Mirandela', 22569, 'GESP19830214FMRIE5');
insert into Empleado (nombre, apellidoPaterno, apellidoMaterno, genero, nacimiento, calle, num, ciudad, CP, CURP) values ('Maxy', 'Carmen', 'Arlana', 'F', '03/24/1999', 'Buell', '74', 'Andrushivka', 90736, 'CAAM19990324FARRA8');
insert into Empleado (nombre, apellidoPaterno, apellidoMaterno, genero, nacimiento, calle, num, ciudad, CP, CURP) values ('Georgi', 'Edwin', 'Kip', 'M', '09/13/1986', 'Walton', '9309', 'Sanquan', 71829, 'EDKG19860913MSWIE1');
insert into Empleado (nombre, apellidoPaterno, apellidoMaterno, genero, nacimiento, calle, num, ciudad, CP, CURP) values ('Crista', 'Debbie', 'Batsheva', 'F', '02/20/1999', 'David', '385', 'Strasbourg', 54459, 'DEBC19990220FSBAR5');
insert into Empleado (nombre, apellidoPaterno, apellidoMaterno, genero, nacimiento, calle, num, ciudad, CP, CURP) values ('Emmerich', 'Kelbee', 'Evelyn', 'M', '05/21/1999', 'Eggendart', '511', 'Lidzbark', 23426, 'KEEE19990521MLLVM0');
insert into Empleado (nombre, apellidoPaterno, apellidoMaterno, genero, nacimiento, calle, num, ciudad, CP, CURP) values ('Ginevra', 'Robbie', 'Marthe', 'F', '12/18/1986', '1st', '962', 'Néa Ionía', 38307, 'ROMG19861218FNBAI6');
insert into Empleado (nombre, apellidoPaterno, apellidoMaterno, genero, nacimiento, calle, num, ciudad, CP, CURP) values ('Florette', 'Lari', 'Staci', 'F', '07/07/1988', 'Hanson', '2293', 'Argavand', 85953, 'LASF19880707FARTL3');
insert into Empleado (nombre, apellidoPaterno, apellidoMaterno, genero, nacimiento, calle, num, ciudad, CP, CURP) values ('Amy', 'Juliette', 'Isabelle', 'F', '01/01/1998', 'Superior', '2', 'Krasnyy Klyuch', 10509, 'JUIA19980101FKLSM2');
insert into Empleado (nombre, apellidoPaterno, apellidoMaterno, genero, nacimiento, calle, num, ciudad, CP, CURP) values ('Terese', 'Quinta', 'Adelaida', 'F', '05/27/1998', 'Morning', '81013', 'Miatli', 67947, 'QUAT19980527FMIDE6');
insert into Empleado (nombre, apellidoPaterno, apellidoMaterno, genero, nacimiento, calle, num, ciudad, CP, CURP) values ('Hartley', 'Myrvyn', 'Mord', 'M', '02/04/1985', 'Anderson', '22', 'Mountain View', 60192, 'MYMH19850204MMROA3');
insert into Empleado (nombre, apellidoPaterno, apellidoMaterno, genero, nacimiento, calle, num, ciudad, CP, CURP) values ('Bonny', 'Delora', 'Cora', 'F', '09/20/1987', 'Myrtle', '2546', 'Thorold', 99286, 'DECB19870920FTLOO1');
insert into Empleado (nombre, apellidoPaterno, apellidoMaterno, genero, nacimiento, calle, num, ciudad, CP, CURP) values ('Hewe', 'Friedrick', 'Heywood', 'M', '03/17/1996', 'Old Gate', '970', 'Qingyuan', 11264, 'FRHH19960317MQIEE3');
insert into Empleado (nombre, apellidoPaterno, apellidoMaterno, genero, nacimiento, calle, num, ciudad, CP, CURP) values ('Corella', 'Arlina', 'Gates', 'F', '05/07/1986', 'Gina', '5', 'Ishioka', 37217, 'ARGC19860507FILAO9');
insert into Empleado (nombre, apellidoPaterno, apellidoMaterno, genero, nacimiento, calle, num, ciudad, CP, CURP) values ('Horton', 'Tynan', 'Francois', 'M', '02/20/1996', 'Charing Cross', '58', 'Oslo', 23519, 'TYFH19960220MONRO8');
insert into Empleado (nombre, apellidoPaterno, apellidoMaterno, genero, nacimiento, calle, num, ciudad, CP, CURP) values ('Sandra', 'Alidia', 'Jilly', 'F', '07/18/1998', 'Hayes', '76', 'Åkersberga', 20675, 'ALJS19980718FÅIIA8');
insert into Empleado (nombre, apellidoPaterno, apellidoMaterno, genero, nacimiento, calle, num, ciudad, CP, CURP) values ('Brendis', 'Gerhardt', 'Alejoa', 'M', '11/27/1982', 'Mosinee', '245', 'Dicun', 17620, 'GEAB19821127MDRLR7');
insert into Empleado (nombre, apellidoPaterno, apellidoMaterno, genero, nacimiento, calle, num, ciudad, CP, CURP) values ('Arny', 'Gregorius', 'Scottie', 'M', '01/26/1986', 'Prairie Rose', '40', 'Skhodnya', 68730, 'GRSA19860126MSECR5');
insert into Empleado (nombre, apellidoPaterno, apellidoMaterno, genero, nacimiento, calle, num, ciudad, CP, CURP) values ('Darsey', 'Jennine', 'Teodora', 'F', '06/21/1994', 'Mesta', '9', 'Néo Psychikó', 78251, 'JETD19940621FNNEA1');
insert into Empleado (nombre, apellidoPaterno, apellidoMaterno, genero, nacimiento, calle, num, ciudad, CP, CURP) values ('Shannon', 'Deina', 'Eirena', 'F', '04/25/1982', 'Esker', '19', 'San Carlos', 34351, 'DEES19820425FSIIH5');
insert into Empleado (nombre, apellidoPaterno, apellidoMaterno, genero, nacimiento, calle, num, ciudad, CP, CURP) values ('Richy', 'Adair', 'Oswell', 'M', '01/29/1991', 'Kingsford', '0', 'Copa', 63537, 'ADOR19910129MCASI0');
insert into Empleado (nombre, apellidoPaterno, apellidoMaterno, genero, nacimiento, calle, num, ciudad, CP, CURP) values ('Rosmunda', 'Morganica', 'Rachele', 'F', '09/07/1985', 'Crescent Oaks', '47094', 'Bomomani', 67129, 'MORR19850907FBRAO5');
insert into Empleado (nombre, apellidoPaterno, apellidoMaterno, genero, nacimiento, calle, num, ciudad, CP, CURP) values ('Hilde', 'Rosmunda', 'Claudelle', 'F', '09/22/1999', 'Annamark', '35597', 'Atiquizaya', 40820, 'ROCH19990922FASLI9');
insert into Empleado (nombre, apellidoPaterno, apellidoMaterno, genero, nacimiento, calle, num, ciudad, CP, CURP) values ('Ozzie', 'Earlie', 'Launce', 'M', '12/18/1996', 'Golden Leaf', '15', 'Machagai', 65434, 'EALO19961218MMRAZ4');
insert into Empleado (nombre, apellidoPaterno, apellidoMaterno, genero, nacimiento, calle, num, ciudad, CP, CURP) values ('Vikky', 'Estell', 'Ingeberg', 'F', '09/08/1986', 'Forest Run', '944', 'Lachute', 62463, 'ESIV19860908FLTNI7');
insert into Empleado (nombre, apellidoPaterno, apellidoMaterno, genero, nacimiento, calle, num, ciudad, CP, CURP) values ('Dexter', 'Domenic', 'Enoch', 'M', '07/24/1988', 'Fremont', '9', 'Thị Trấn Nho Quan', 96858, 'DOED19880724MTMNE5');
insert into Empleado (nombre, apellidoPaterno, apellidoMaterno, genero, nacimiento, calle, num, ciudad, CP, CURP) values ('Gonzalo', 'Edgar', 'Hubert', 'M', '04/14/1996', 'Rigney', '1', 'Puerto Cisnes', 29392, 'EDHG19960414MPGUO1');
insert into Empleado (nombre, apellidoPaterno, apellidoMaterno, genero, nacimiento, calle, num, ciudad, CP, CURP) values ('Corina', 'Doe', 'Jacklin', 'F', '06/27/1993', 'South', '757', 'Kuanghe', 97818, 'DOJC19930627FKEAO1');
insert into Empleado (nombre, apellidoPaterno, apellidoMaterno, genero, nacimiento, calle, num, ciudad, CP, CURP) values ('Alisander', 'Nial', 'Winny', 'M', '07/23/1990', 'Fair Oaks', '1', 'Voskopojë', 83033, 'NIWA19900723MVAIL5');
insert into Empleado (nombre, apellidoPaterno, apellidoMaterno, genero, nacimiento, calle, num, ciudad, CP, CURP) values ('Caryl', 'Enrica', 'Bennie', 'F', '05/21/1984', 'Carpenter', '0430', 'Waterbury', 74950, 'ENBC19840521FWREA2');
insert into Empleado (nombre, apellidoPaterno, apellidoMaterno, genero, nacimiento, calle, num, ciudad, CP, CURP) values ('Eleanora', 'Terrye', 'Ynes', 'F', '06/05/1997', 'Doe Crossing', '4', 'Łopuszno', 85415, 'TEYE19970605FŁRNL7');
insert into Empleado (nombre, apellidoPaterno, apellidoMaterno, genero, nacimiento, calle, num, ciudad, CP, CURP) values ('Paolina', 'Dita', 'Leonore', 'F', '06/03/1982', 'Emmet', '6457', 'Kaolack', 91306, 'DILP19820603FKTEA5');
insert into Empleado (nombre, apellidoPaterno, apellidoMaterno, genero, nacimiento, calle, num, ciudad, CP, CURP) values ('Helaina', 'Sacha', 'Roxy', 'F', '06/30/1987', 'Russell', '47', 'Masis', 42962, 'SARH19870630FMCOE4');
insert into Empleado (nombre, apellidoPaterno, apellidoMaterno, genero, nacimiento, calle, num, ciudad, CP, CURP) values ('Norry', 'Roana', 'Laverne', 'F', '12/17/1992', 'Steensland', '83308', 'Sātkhira', 16992, 'ROLN19921217FSAAO2');
insert into Empleado (nombre, apellidoPaterno, apellidoMaterno, genero, nacimiento, calle, num, ciudad, CP, CURP) values ('Karlyn', 'Verine', 'Tobe', 'F', '05/25/1999', 'Manufacturers', '36', 'Xiling', 99068, 'VETK19990525FXROA5');
insert into Empleado (nombre, apellidoPaterno, apellidoMaterno, genero, nacimiento, calle, num, ciudad, CP, CURP) values ('Wolfie', 'Templeton', 'Linoel', 'M', '12/23/1986', 'Packers', '4', 'Changtan', 21962, 'TELW19861223MCMIO0');
insert into Empleado (nombre, apellidoPaterno, apellidoMaterno, genero, nacimiento, calle, num, ciudad, CP, CURP) values ('Vale', 'Reta', 'Pia', 'F', '12/12/1989', 'Algoma', '31', 'Huangdimiao', 28960, 'REPV19891212FHTIA8');
insert into Empleado (nombre, apellidoPaterno, apellidoMaterno, genero, nacimiento, calle, num, ciudad, CP, CURP) values ('Claretta', 'Pauline', 'Vina', 'F', '07/29/1992', 'Memorial', '52', 'Aswan', 60695, 'PAVC19920729FAUIL0');
insert into Empleado (nombre, apellidoPaterno, apellidoMaterno, genero, nacimiento, calle, num, ciudad, CP, CURP) values ('Benjie', 'Wright', 'Rog', 'M', '09/17/1988', 'Twin Pines', '0', 'Mount Pearl', 49790, 'WRRB19880917MMIOE3');
insert into Empleado (nombre, apellidoPaterno, apellidoMaterno, genero, nacimiento, calle, num, ciudad, CP, CURP) values ('Tye', 'Jeffry', 'Dallas', 'M', '12/23/1981', 'Sutherland', '34010', 'Cihaur', 95074, 'JEDT19811223MCFAY0');
insert into Empleado (nombre, apellidoPaterno, apellidoMaterno, genero, nacimiento, calle, num, ciudad, CP, CURP) values ('Anet', 'Kalila', 'Madeline', 'F', '06/10/1981', 'Shasta', '335', 'Chowṉêy', 68147, 'KAMA19810610FCLAN8');
insert into Empleado (nombre, apellidoPaterno, apellidoMaterno, genero, nacimiento, calle, num, ciudad, CP, CURP) values ('Morganica', 'Bambie', 'Edith', 'F', '05/27/1982', 'Heath', '9388', 'Samobor', 53588, 'BAEM19820527FSMDO1');
insert into Empleado (nombre, apellidoPaterno, apellidoMaterno, genero, nacimiento, calle, num, ciudad, CP, CURP) values ('Alica', 'Nadine', 'Jacintha', 'F', '01/30/1989', 'Bobwhite', '017', 'Concepción del Uruguay', 73949, 'NAJA19890130FCDAL0');
insert into Empleado (nombre, apellidoPaterno, apellidoMaterno, genero, nacimiento, calle, num, ciudad, CP, CURP) values ('Jenica', 'Lori', 'Brigit', 'F', '11/25/1988', 'Warner', '1021', 'Mpigi', 46011, 'LOBJ19881125FMRRE9');
insert into Empleado (nombre, apellidoPaterno, apellidoMaterno, genero, nacimiento, calle, num, ciudad, CP, CURP) values ('Farrel', 'Stacee', 'Griz', 'M', '05/06/1989', 'Lakeland', '759', 'Tulsa', 80317, 'STGF19890506MTARA1');
insert into Empleado (nombre, apellidoPaterno, apellidoMaterno, genero, nacimiento, calle, num, ciudad, CP, CURP) values ('Idalina', 'Lona', 'Leigha', 'F', '04/11/1993', 'Maple Wood', '3', 'Sawahrandu', 53228, 'LOLI19930411FSNED6');
insert into Empleado (nombre, apellidoPaterno, apellidoMaterno, genero, nacimiento, calle, num, ciudad, CP, CURP) values ('Berrie', 'Drusilla', 'Eleni', 'F', '07/21/1988', 'Grayhawk', '63486', 'Haczów', 99359, 'DREB19880721FHULE7');
insert into Empleado (nombre, apellidoPaterno, apellidoMaterno, genero, nacimiento, calle, num, ciudad, CP, CURP) values ('Jessy', 'Sheba', 'Imojean', 'F', '08/18/1983', 'Eastlawn', '2', 'Donghui', 67344, 'SHIJ19830818FDEME8');
insert into Empleado (nombre, apellidoPaterno, apellidoMaterno, genero, nacimiento, calle, num, ciudad, CP, CURP) values ('Bren', 'Laina', 'Shea', 'F', '02/01/1981', 'Boyd', '650', 'Pudoc', 82544, 'LASB19810201FPIHR2');
insert into Empleado (nombre, apellidoPaterno, apellidoMaterno, genero, nacimiento, calle, num, ciudad, CP, CURP) values ('Susi', 'Alameda', 'Caria', 'F', '01/28/1984', 'Eagle Crest', '478', 'Lindome', 32583, 'ALCS19840128FLAAU3');
insert into Empleado (nombre, apellidoPaterno, apellidoMaterno, genero, nacimiento, calle, num, ciudad, CP, CURP) values ('Clayton', 'Rafael', 'Rolland', 'M', '04/18/1985', 'Debra', '07427', 'Lenešice', 66296, 'RARC19850418MLFOL5');
insert into Empleado (nombre, apellidoPaterno, apellidoMaterno, genero, nacimiento, calle, num, ciudad, CP, CURP) values ('Celestine', 'Hallie', 'Adrea', 'F', '08/18/1983', 'Delladonna', '9', 'Thongwa', 51402, 'HAAC19830818FTLDE0');
insert into Empleado (nombre, apellidoPaterno, apellidoMaterno, genero, nacimiento, calle, num, ciudad, CP, CURP) values ('Haleigh', 'Timotheus', 'Durand', 'M', '08/31/1994', 'Paget', '24762', 'Lazaro Cardenas', 20718, 'TIDH19940831MLMUA4');
insert into Empleado (nombre, apellidoPaterno, apellidoMaterno, genero, nacimiento, calle, num, ciudad, CP, CURP) values ('Gus', 'Keefe', 'Earle', 'M', '01/09/1998', 'Division', '0', 'Senhor da Serra', 73671, 'KEEG19980109MSEAU7');
insert into Empleado (nombre, apellidoPaterno, apellidoMaterno, genero, nacimiento, calle, num, ciudad, CP, CURP) values ('Benn', 'Bruno', 'Adolpho', 'M', '02/19/1983', 'Farmco', '4848', 'Fumin', 85032, 'BRAB19830219MFUDE3');
insert into Empleado (nombre, apellidoPaterno, apellidoMaterno, genero, nacimiento, calle, num, ciudad, CP, CURP) values ('Dorette', 'Christa', 'Tony', 'F', '12/03/1990', 'Lake View', '502', 'Qinxi', 32813, 'CHTD19901203FQROO8');
insert into Empleado (nombre, apellidoPaterno, apellidoMaterno, genero, nacimiento, calle, num, ciudad, CP, CURP) values ('Blake', 'Brigham', 'Ellswerth', 'M', '01/02/1991', 'Bowman', '926', 'Shahumyan', 23862, 'BREB19910102MSILL2');
insert into Empleado (nombre, apellidoPaterno, apellidoMaterno, genero, nacimiento, calle, num, ciudad, CP, CURP) values ('Kristin', 'Torey', 'Gabbey', 'F', '01/30/1988', 'Vermont', '8314', 'Tlumačov', 91619, 'TOGK19880130FTRAR6');
insert into Empleado (nombre, apellidoPaterno, apellidoMaterno, genero, nacimiento, calle, num, ciudad, CP, CURP) values ('Suzi', 'Darcee', 'Diana', 'F', '02/15/1989', 'Golf', '37890', 'Ash Shāmīyah', 19560, 'DADS19890215FARIU4');
insert into Empleado (nombre, apellidoPaterno, apellidoMaterno, genero, nacimiento, calle, num, ciudad, CP, CURP) values ('Arlinda', 'Binni', 'Sissy', 'F', '07/21/1993', 'Gina', '4241', 'Zeerust', 98919, 'BISA19930721FZNIR0');
insert into Empleado (nombre, apellidoPaterno, apellidoMaterno, genero, nacimiento, calle, num, ciudad, CP, CURP) values ('Caprice', 'Amalle', 'Cicely', 'F', '12/09/1993', 'Lillian', '05', 'Checacupe', 27977, 'AMCC19931209FCAIA8');
insert into Empleado (nombre, apellidoPaterno, apellidoMaterno, genero, nacimiento, calle, num, ciudad, CP, CURP) values ('Farrell', 'Benedicto', 'Hillel', 'M', '04/09/1989', 'Elka', '05', 'Agboville', 72614, 'BEHF19890409MANIA0');
insert into Empleado (nombre, apellidoPaterno, apellidoMaterno, genero, nacimiento, calle, num, ciudad, CP, CURP) values ('Shalna', 'Calida', 'Marla', 'F', '04/27/1989', 'Texas', '86', 'Tha Tako', 98729, 'CAMS19890427FTLAH8');
insert into Empleado (nombre, apellidoPaterno, apellidoMaterno, genero, nacimiento, calle, num, ciudad, CP, CURP) values ('Min', 'Ann', 'Koressa', 'F', '12/29/1982', 'Longview', '18526', 'Chipoka', 57001, 'ANKM19821229FCNOI9');
insert into Empleado (nombre, apellidoPaterno, apellidoMaterno, genero, nacimiento, calle, num, ciudad, CP, CURP) values ('Alessandro', 'Avery', 'Hayyim', 'M', '05/09/1990', 'Crescent Oaks', '92', 'Senahú', 21284, 'AVHA19900509MSEAL1');
insert into Empleado (nombre, apellidoPaterno, apellidoMaterno, genero, nacimiento, calle, num, ciudad, CP, CURP) values ('Mela', 'Augusta', 'Raquel', 'F', '02/02/1988', 'Cambridge', '2802', 'Storozhynets’', 25605, 'AURM19880202FSGAE3');
insert into Empleado (nombre, apellidoPaterno, apellidoMaterno, genero, nacimiento, calle, num, ciudad, CP, CURP) values ('Dennie', 'Opalina', 'Tanhya', 'F', '12/24/1987', 'Corben', '0', 'Tegalrejo', 53098, 'OPTD19871224FTAAE2');
insert into Empleado (nombre, apellidoPaterno, apellidoMaterno, genero, nacimiento, calle, num, ciudad, CP, CURP) values ('Lanny', 'Elmo', 'Keane', 'M', '04/30/1999', 'Luster', '15', 'Markova', 13647, 'ELKL19990430MMMEA0');
insert into Empleado (nombre, apellidoPaterno, apellidoMaterno, genero, nacimiento, calle, num, ciudad, CP, CURP) values ('Darrin', 'Dario', 'Felike', 'M', '11/14/1994', 'Trailsway', '81', 'Swords', 37576, 'DAFD19941114MSREA7');
insert into Empleado (nombre, apellidoPaterno, apellidoMaterno, genero, nacimiento, calle, num, ciudad, CP, CURP) values ('Jeffrey', 'Nikki', 'Patricio', 'M', '01/03/1981', 'Forest Run', '65', 'Bosanski Novi', 81792, 'NIPJ19810103MBKAE6');
insert into Empleado (nombre, apellidoPaterno, apellidoMaterno, genero, nacimiento, calle, num, ciudad, CP, CURP) values ('Rafaela', 'Isabelita', 'Teri', 'F', '11/19/1995', 'Hintze', '0', 'Fort Wayne', 75463, 'ISTR19951119FFAEA9');
insert into Empleado (nombre, apellidoPaterno, apellidoMaterno, genero, nacimiento, calle, num, ciudad, CP, CURP) values ('Desmond', 'Lorne', 'Giuseppe', 'M', '12/19/1999', 'Hooker', '8', 'La Libertad', 99313, 'LOGD19991219MLRIE2');
insert into Empleado (nombre, apellidoPaterno, apellidoMaterno, genero, nacimiento, calle, num, ciudad, CP, CURP) values ('Arden', 'Devora', 'Trudy', 'F', '11/05/1988', 'Vidon', '0186', 'Gwio Kura', 52502, 'DETA19881105FGVRR8');
insert into Empleado (nombre, apellidoPaterno, apellidoMaterno, genero, nacimiento, calle, num, ciudad, CP, CURP) values ('Kristine', 'Andee', 'Mira', 'F', '08/30/1988', 'Anniversary', '14', 'Tabuadelo', 98323, 'ANMK19880830FTDIR6');
insert into Empleado (nombre, apellidoPaterno, apellidoMaterno, genero, nacimiento, calle, num, ciudad, CP, CURP) values ('Sibelle', 'Batsheva', 'Cari', 'F', '08/13/1987', 'Golf View', '3', 'Vyatskiye Polyany', 36811, 'BACS19870813FVTAI5');
insert into Empleado (nombre, apellidoPaterno, apellidoMaterno, genero, nacimiento, calle, num, ciudad, CP, CURP) values ('Kylynn', 'Starr', 'Rahel', 'F', '03/20/1990', 'Daystar', '2224', 'Ma’an', 21747, 'STRK19900320FMAAY4');
insert into Empleado (nombre, apellidoPaterno, apellidoMaterno, genero, nacimiento, calle, num, ciudad, CP, CURP) values ('Britney', 'Annabella', 'Lian', 'F', '04/17/1997', 'Roth', '57150', 'Sukaharja', 89879, 'ANLB19970417FSNIR8');
insert into Empleado (nombre, apellidoPaterno, apellidoMaterno, genero, nacimiento, calle, num, ciudad, CP, CURP) values ('Colette', 'Johnna', 'Anthe', 'F', '06/28/1992', 'Talmadge', '342', 'Doong', 37209, 'JOAC19920628FDHNO5');
insert into Empleado (nombre, apellidoPaterno, apellidoMaterno, genero, nacimiento, calle, num, ciudad, CP, CURP) values ('Shelby', 'Pippo', 'Langsdon', 'M', '09/02/2000', 'Stephen', '08', 'Laguna', 11621, 'PILS20000902MLPAH8');
insert into Empleado (nombre, apellidoPaterno, apellidoMaterno, genero, nacimiento, calle, num, ciudad, CP, CURP) values ('Erasmus', 'Aleksandr', 'Forrest', 'M', '07/25/1994', 'Sutherland', '15', 'Houston', 75457, 'ALFE19940725MHEOR8');
insert into Empleado (nombre, apellidoPaterno, apellidoMaterno, genero, nacimiento, calle, num, ciudad, CP, CURP) values ('Rori', 'Amabelle', 'Danya', 'F', '09/08/1987', 'Cambridge', '26', 'Katsuyama', 12382, 'AMDR19870908FKAAO1');
insert into Empleado (nombre, apellidoPaterno, apellidoMaterno, genero, nacimiento, calle, num, ciudad, CP, CURP) values ('Bear', 'Raynor', 'Crawford', 'M', '06/06/1994', 'Stone Corner', '9354', 'Estância Velha', 88879, 'RACB19940606MEYRE6');
insert into Empleado (nombre, apellidoPaterno, apellidoMaterno, genero, nacimiento, calle, num, ciudad, CP, CURP) values ('Kennett', 'Alphard', 'Evyn', 'M', '08/10/1984', 'Meadow Vale', '6', 'Tucupita', 16999, 'ALEK19840810MTPVE9');
insert into Empleado (nombre, apellidoPaterno, apellidoMaterno, genero, nacimiento, calle, num, ciudad, CP, CURP) values ('Brocky', 'Lennard', 'Theodoric', 'M', '11/26/1994', 'Redwing', '0', 'Puerto Santander', 90070, 'LETB19941126MPNHR3');
insert into Empleado (nombre, apellidoPaterno, apellidoMaterno, genero, nacimiento, calle, num, ciudad, CP, CURP) values ('Tedi', 'Allegra', 'Jo ann', 'F', '12/22/1992', 'Caliangt', '8345', 'Facatativá', 46471, 'ALJT19921222FFLOE3');
insert into Empleado (nombre, apellidoPaterno, apellidoMaterno, genero, nacimiento, calle, num, ciudad, CP, CURP) values ('Noell', 'Brier', 'Minetta', 'F', '09/01/1989', 'Oneill', '1755', 'Toulon', 72362, 'BRMN19890901FTIIO2');
insert into Empleado (nombre, apellidoPaterno, apellidoMaterno, genero, nacimiento, calle, num, ciudad, CP, CURP) values ('Herta', 'Dani', 'Dora', 'F', '04/20/1987', 'Bultman', '3', 'Nova Granada', 70589, 'DADH19870420FNNOE3');
insert into Empleado (nombre, apellidoPaterno, apellidoMaterno, genero, nacimiento, calle, num, ciudad, CP, CURP) values ('Emmalynn', 'Lilith', 'Dagmar', 'F', '06/07/1982', 'Susan', '065', 'Tena', 46708, 'LIDE19820607FTLAM4');
insert into Empleado (nombre, apellidoPaterno, apellidoMaterno, genero, nacimiento, calle, num, ciudad, CP, CURP) values ('Brinna', 'Leora', 'Dawna', 'F', '09/13/1999', 'Rowland', '40232', 'Ujazd', 97484, 'LEDB19990913FUOAR1');
insert into Empleado (nombre, apellidoPaterno, apellidoMaterno, genero, nacimiento, calle, num, ciudad, CP, CURP) values ('Philipa', 'Megan', 'Netti', 'F', '11/16/1983', 'Schmedeman', '8795', 'Dadiharja', 98706, 'MENP19831116FDGEH2');
insert into Empleado (nombre, apellidoPaterno, apellidoMaterno, genero, nacimiento, calle, num, ciudad, CP, CURP) values ('Anestassia', 'Rhodie', 'Aretha', 'F', '06/25/1984', 'Helena', '071', 'Kousa', 49261, 'RHAA19840625FKORN0');
insert into Empleado (nombre, apellidoPaterno, apellidoMaterno, genero, nacimiento, calle, num, ciudad, CP, CURP) values ('Correy', 'Blondie', 'Alameda', 'F', '06/23/1983', 'Maple Wood', '72', 'Choujiang', 82148, 'BLAC19830623FCOLO6');
insert into Empleado (nombre, apellidoPaterno, apellidoMaterno, genero, nacimiento, calle, num, ciudad, CP, CURP) values ('Shelby', 'Evangelina', 'Leann', 'F', '06/23/1990', 'Tennyson', '63613', 'Kiev', 78408, 'EVLS19900623FKAEH2');
insert into Empleado (nombre, apellidoPaterno, apellidoMaterno, genero, nacimiento, calle, num, ciudad, CP, CURP) values ('Modesty', 'Idalina', 'Alana', 'F', '01/05/1989', 'Rigney', '1', 'Sukagawa', 92380, 'IDAM19890105FSALO2');
insert into Empleado (nombre, apellidoPaterno, apellidoMaterno, genero, nacimiento, calle, num, ciudad, CP, CURP) values ('Arlyne', 'Maryellen', 'Leann', 'F', '07/08/2000', 'Sundown', '0598', 'Jugezhuang', 44567, 'MALA20000708FJRER7');
insert into Empleado (nombre, apellidoPaterno, apellidoMaterno, genero, nacimiento, calle, num, ciudad, CP, CURP) values ('Gloriane', 'Aurelie', 'Bonita', 'F', '03/30/1999', 'Lakewood Gardens', '3', 'Yanino Vtoroye', 96638, 'AUBG19990330FYROL8');
insert into Empleado (nombre, apellidoPaterno, apellidoMaterno, genero, nacimiento, calle, num, ciudad, CP, CURP) values ('Janina', 'Ronnica', 'Theadora', 'F', '07/02/1989', 'Roxbury', '82', 'Khŭjand', 94821, 'ROTJ19890702FKNHA3');
insert into Empleado (nombre, apellidoPaterno, apellidoMaterno, genero, nacimiento, calle, num, ciudad, CP, CURP) values ('Elianore', 'Ellie', 'Anabelle', 'F', '11/23/1997', 'Sullivan', '726', 'Krajan Dua Padomasan', 50165, 'ELAE19971123FKLNL1');
insert into Empleado (nombre, apellidoPaterno, apellidoMaterno, genero, nacimiento, calle, num, ciudad, CP, CURP) values ('Roseanne', 'Jodi', 'Carine', 'F', '12/15/1997', 'Di Loreto', '5494', 'Itaguaçu', 66165, 'JOCR19971215FIDAO3');
insert into Empleado (nombre, apellidoPaterno, apellidoMaterno, genero, nacimiento, calle, num, ciudad, CP, CURP) values ('Kaja', 'Jeanna', 'Tiphani', 'F', '07/27/1987', 'Goodland', '61890', 'Tønsberg', 81949, 'JETK19870727FTAIA4');
insert into Empleado (nombre, apellidoPaterno, apellidoMaterno, genero, nacimiento, calle, num, ciudad, CP, CURP) values ('L;urette', 'Marijo', 'Morna', 'F', '04/24/2000', 'Buena Vista', '87739', 'Lyubymivka', 92954, 'MAML20000424FLROM1');
insert into Empleado (nombre, apellidoPaterno, apellidoMaterno, genero, nacimiento, calle, num, ciudad, CP, CURP) values ('Faydra', 'Rozella', 'Oona', 'F', '12/02/1980', 'Birchwood', '4', 'Xijiang', 16355, 'ROOF19801202FXZOA3');
insert into Empleado (nombre, apellidoPaterno, apellidoMaterno, genero, nacimiento, calle, num, ciudad, CP, CURP) values ('Sherlock', 'Alfons', 'Wilmar', 'M', '01/24/1993', 'Hudson', '11', 'Prince Rupert', 77346, 'ALWS19930124MPFIH3');
insert into Empleado (nombre, apellidoPaterno, apellidoMaterno, genero, nacimiento, calle, num, ciudad, CP, CURP) values ('Vail', 'Garret', 'Barth', 'M', '12/16/1991', 'Moulton', '648', 'Grästorp', 57811, 'GABV19911216MGRAA1');
insert into Empleado (nombre, apellidoPaterno, apellidoMaterno, genero, nacimiento, calle, num, ciudad, CP, CURP) values ('Charmane', 'Caroljean', 'Farand', 'F', '09/08/1983', 'Shoshone', '5374', 'Boleszkowice', 63967, 'CAFC19830908FBRAH0');
insert into Empleado (nombre, apellidoPaterno, apellidoMaterno, genero, nacimiento, calle, num, ciudad, CP, CURP) values ('Emlyn', 'Urson', 'Rollie', 'M', '08/30/1994', 'Mesta', '906', 'Ilihan', 17522, 'URRE19940830MISOM8');
insert into Empleado (nombre, apellidoPaterno, apellidoMaterno, genero, nacimiento, calle, num, ciudad, CP, CURP) values ('Stace', 'Rochelle', 'Katrine', 'F', '02/14/1990', 'Monica', '54431', 'Valencia', 86792, 'ROKS19900214FVCAT8');
insert into Empleado (nombre, apellidoPaterno, apellidoMaterno, genero, nacimiento, calle, num, ciudad, CP, CURP) values ('Wanda', 'Lotty', 'Mia', 'F', '03/25/1997', 'Hudson', '674', 'Solntsevo', 28214, 'LOMW19970325FSTIA0');
insert into Empleado (nombre, apellidoPaterno, apellidoMaterno, genero, nacimiento, calle, num, ciudad, CP, CURP) values ('Rici', 'Peggy', 'Franny', 'F', '11/06/1992', 'Badeau', '158', 'Bila', 50454, 'PEFR19921106FBGRI4');
insert into Empleado (nombre, apellidoPaterno, apellidoMaterno, genero, nacimiento, calle, num, ciudad, CP, CURP) values ('Rafaela', 'Michelle', 'Virgie', 'F', '03/25/2000', 'Meadow Ridge', '77286', 'Yangmiao', 35910, 'MIVR20000325FYCIA4');
insert into Empleado (nombre, apellidoPaterno, apellidoMaterno, genero, nacimiento, calle, num, ciudad, CP, CURP) values ('Joe', 'Thorstein', 'Abbott', 'M', '10/04/2000', 'Manufacturers', '5', 'Magadan', 85421, 'THAJ20001004MMOBO5');
insert into Empleado (nombre, apellidoPaterno, apellidoMaterno, genero, nacimiento, calle, num, ciudad, CP, CURP) values ('Etan', 'Scotti', 'Pryce', 'M', '02/04/1986', 'North', '9263', 'Seka', 12107, 'SCPE19860204MSORT4');
insert into Empleado (nombre, apellidoPaterno, apellidoMaterno, genero, nacimiento, calle, num, ciudad, CP, CURP) values ('Flossi', 'Dorice', 'Bonita', 'F', '05/11/1987', 'David', '60', 'Yima', 82545, 'DOBF19870511FYROL1');
insert into Empleado (nombre, apellidoPaterno, apellidoMaterno, genero, nacimiento, calle, num, ciudad, CP, CURP) values ('Desmond', 'Temp', 'Patric', 'M', '12/13/1995', 'Tennessee', '943', 'Xinhua', 28619, 'TEPD19951213MXMAE0');
insert into Empleado (nombre, apellidoPaterno, apellidoMaterno, genero, nacimiento, calle, num, ciudad, CP, CURP) values ('Mady', 'Helena', 'Lila', 'F', '10/13/1998', 'Evergreen', '96902', 'Hangzhou', 82194, 'HELM19981013FHLIA5');
insert into Empleado (nombre, apellidoPaterno, apellidoMaterno, genero, nacimiento, calle, num, ciudad, CP, CURP) values ('Shaw', 'Aland', 'Norry', 'M', '11/14/1983', 'Warner', '5824', 'Buawan', 22514, 'ALNS19831114MBAOH4');
insert into Empleado (nombre, apellidoPaterno, apellidoMaterno, genero, nacimiento, calle, num, ciudad, CP, CURP) values ('Christoper', 'Boothe', 'Ram', 'M', '09/08/1990', 'Roxbury', '47', 'Burbank', 49648, 'BORC19900908MBOAH2');
insert into Empleado (nombre, apellidoPaterno, apellidoMaterno, genero, nacimiento, calle, num, ciudad, CP, CURP) values ('Aurora', 'Charlot', 'Colene', 'F', '12/04/1998', 'Everett', '50', 'Anzhero-Sudzhensk', 84629, 'CHCA19981204FAAOU2');
insert into Empleado (nombre, apellidoPaterno, apellidoMaterno, genero, nacimiento, calle, num, ciudad, CP, CURP) values ('Georgeta', 'Tomasina', 'Gianna', 'F', '04/16/1995', 'Holmberg', '943', 'Volksrust', 19827, 'TOGG19950416FVMIE3');
insert into Empleado (nombre, apellidoPaterno, apellidoMaterno, genero, nacimiento, calle, num, ciudad, CP, CURP) values ('Jobye', 'Umeko', 'Lizzie', 'F', '09/29/1992', 'Red Cloud', '169', 'Des Moines', 60775, 'UMLJ19920929FDEIO6');
insert into Empleado (nombre, apellidoPaterno, apellidoMaterno, genero, nacimiento, calle, num, ciudad, CP, CURP) values ('Annabel', 'Adelina', 'Seka', 'F', '08/01/1982', 'Old Gate', '7', 'Nowy Tomyśl', 75612, 'ADSA19820801FNEEN5');
insert into Empleado (nombre, apellidoPaterno, apellidoMaterno, genero, nacimiento, calle, num, ciudad, CP, CURP) values ('Judi', 'Chrysler', 'Charmaine', 'F', '06/24/1990', 'Cardinal', '6', 'Tanabi', 54758, 'CHCJ19900624FTRHU2');
insert into Empleado (nombre, apellidoPaterno, apellidoMaterno, genero, nacimiento, calle, num, ciudad, CP, CURP) values ('Loree', 'Clo', 'Kalli', 'F', '08/25/1997', 'Leroy', '85', 'Xiaoshanzi', 15652, 'CLKL19970825FXOAO3');
insert into Empleado (nombre, apellidoPaterno, apellidoMaterno, genero, nacimiento, calle, num, ciudad, CP, CURP) values ('Cybill', 'Janean', 'Heddie', 'F', '05/20/1985', 'Carberry', '601', 'Loureiro', 34782, 'JAHC19850520FLNEY8');
insert into Empleado (nombre, apellidoPaterno, apellidoMaterno, genero, nacimiento, calle, num, ciudad, CP, CURP) values ('Isobel', 'Lisetta', 'Sibelle', 'F', '10/03/1998', 'Columbus', '06', 'Itararé', 70060, 'LISI19981003FISIS1');
insert into Empleado (nombre, apellidoPaterno, apellidoMaterno, genero, nacimiento, calle, num, ciudad, CP, CURP) values ('Giacobo', 'Shelton', 'Armstrong', 'M', '09/16/1982', 'Prairieview', '82', 'Lençóis Paulista', 30175, 'SHAG19820916MLERI8');
insert into Empleado (nombre, apellidoPaterno, apellidoMaterno, genero, nacimiento, calle, num, ciudad, CP, CURP) values ('Breanne', 'Penni', 'Darb', 'F', '06/01/1985', 'Maryland', '3971', 'Paombong', 50131, 'PEDB19850601FPNAR0');
insert into Empleado (nombre, apellidoPaterno, apellidoMaterno, genero, nacimiento, calle, num, ciudad, CP, CURP) values ('Maxim', 'Ivar', 'Cletis', 'M', '06/07/1987', 'Mallory', '63455', 'Bisert’', 27609, 'IVCM19870607MBALA2');
insert into Empleado (nombre, apellidoPaterno, apellidoMaterno, genero, nacimiento, calle, num, ciudad, CP, CURP) values ('Symon', 'Pierre', 'Northrup', 'M', '09/28/1985', 'Caliangt', '884', 'Galán', 10906, 'PINS19850928MGEOY2');
insert into Empleado (nombre, apellidoPaterno, apellidoMaterno, genero, nacimiento, calle, num, ciudad, CP, CURP) values ('Kincaid', 'Isacco', 'Parsifal', 'M', '04/25/1985', 'Dunning', '9', 'Ingarö', 78906, 'ISPK19850425MIAAI4');
insert into Empleado (nombre, apellidoPaterno, apellidoMaterno, genero, nacimiento, calle, num, ciudad, CP, CURP) values ('Alana', 'Lynelle', 'Wilow', 'F', '06/21/1993', 'Homewood', '959', 'Khyzy', 27992, 'LYWA19930621FKNIL2');
insert into Empleado (nombre, apellidoPaterno, apellidoMaterno, genero, nacimiento, calle, num, ciudad, CP, CURP) values ('Lonnie', 'Amos', 'Sayres', 'M', '08/04/1988', 'Bellgrove', '7025', 'Chaumont', 29865, 'AMSL19880804MCOAO8');
insert into Empleado (nombre, apellidoPaterno, apellidoMaterno, genero, nacimiento, calle, num, ciudad, CP, CURP) values ('Issiah', 'Berny', 'Enoch', 'M', '07/25/1990', 'Helena', '618', 'Lesozavodsk', 87806, 'BEEI19900725MLRNS0');
insert into Empleado (nombre, apellidoPaterno, apellidoMaterno, genero, nacimiento, calle, num, ciudad, CP, CURP) values ('Donnie', 'Nell', 'Mufi', 'F', '08/27/1991', '1st', '95', 'Trai Ngau', 43322, 'NEMD19910827FTLUO4');
insert into Empleado (nombre, apellidoPaterno, apellidoMaterno, genero, nacimiento, calle, num, ciudad, CP, CURP) values ('Birgitta', 'Alexina', 'Eba', 'F', '04/03/1992', '6th', '90', 'Timiryazevo', 27104, 'ALEB19920403FTEBI6');
insert into Empleado (nombre, apellidoPaterno, apellidoMaterno, genero, nacimiento, calle, num, ciudad, CP, CURP) values ('Tripp', 'Carver', 'Maddie', 'M', '11/02/1991', 'Stang', '12', 'Pasaje', 86863, 'CAMT19911102MPRAR1');
insert into Empleado (nombre, apellidoPaterno, apellidoMaterno, genero, nacimiento, calle, num, ciudad, CP, CURP) values ('Dotty', 'Kizzee', 'Lethia', 'F', '03/31/1982', 'Gerald', '5073', 'Wadi', 57554, 'KILD19820331FWZEO4');
insert into Empleado (nombre, apellidoPaterno, apellidoMaterno, genero, nacimiento, calle, num, ciudad, CP, CURP) values ('Tomlin', 'Weber', 'Alastair', 'M', '03/13/1991', 'Karstens', '724', 'Kvänum', 98165, 'WEAT19910313MKBLO2');
insert into Empleado (nombre, apellidoPaterno, apellidoMaterno, genero, nacimiento, calle, num, ciudad, CP, CURP) values ('Vail', 'Silas', 'Broderic', 'M', '12/18/1981', 'Del Mar', '373', 'Pruszków', 81363, 'SIBV19811218MPLRA0');
insert into Empleado (nombre, apellidoPaterno, apellidoMaterno, genero, nacimiento, calle, num, ciudad, CP, CURP) values ('Marissa', 'Glenn', 'Petronia', 'F', '06/12/1993', 'American Ash', '5108', 'Buenavista', 53933, 'GLPM19930612FBEEA0');
insert into Empleado (nombre, apellidoPaterno, apellidoMaterno, genero, nacimiento, calle, num, ciudad, CP, CURP) values ('Thorny', 'Filbert', 'Brion', 'M', '11/07/1994', 'Hollow Ridge', '50', 'Beaufort', 67490, 'FIBT19941107MBLRH5');
insert into Empleado (nombre, apellidoPaterno, apellidoMaterno, genero, nacimiento, calle, num, ciudad, CP, CURP) values ('Barnett', 'Halsey', 'Farlay', 'M', '06/01/1989', 'Johnson', '2337', 'Tumpukrenteng', 42854, 'HAFB19890601MTLAA7');
insert into Empleado (nombre, apellidoPaterno, apellidoMaterno, genero, nacimiento, calle, num, ciudad, CP, CURP) values ('Rosella', 'Josie', 'Carlin', 'F', '04/27/1999', 'Roxbury', '29', 'Tahe', 25903, 'JOCR19990427FTSAO5');
insert into Empleado (nombre, apellidoPaterno, apellidoMaterno, genero, nacimiento, calle, num, ciudad, CP, CURP) values ('Katrinka', 'Marla', 'Claude', 'F', '06/22/1983', 'Sullivan', '20', 'Vespasiano', 30657, 'MACK19830622FVRLA4');
insert into Empleado (nombre, apellidoPaterno, apellidoMaterno, genero, nacimiento, calle, num, ciudad, CP, CURP) values ('Hilde', 'Mabelle', 'Faina', 'F', '04/26/1993', 'Ronald Regan', '001', 'Jintian', 33788, 'MAFH19930426FJBAI0');
insert into Empleado (nombre, apellidoPaterno, apellidoMaterno, genero, nacimiento, calle, num, ciudad, CP, CURP) values ('Claiborn', 'Jeremy', 'Titos', 'M', '08/10/1993', 'Butterfield', '8', 'Ntungamo', 37897, 'JETC19930810MNRIL7');
insert into Empleado (nombre, apellidoPaterno, apellidoMaterno, genero, nacimiento, calle, num, ciudad, CP, CURP) values ('Ester', 'Carlota', 'Robinetta', 'F', '08/24/1986', 'Novick', '0877', 'Mollas', 75136, 'CARE19860824FMROS0');
insert into Empleado (nombre, apellidoPaterno, apellidoMaterno, genero, nacimiento, calle, num, ciudad, CP, CURP) values ('Josy', 'Perle', 'Crystal', 'F', '12/31/1984', 'Katie', '8086', 'Masaguisi', 45111, 'PECJ19841231FMRRO3');
insert into Empleado (nombre, apellidoPaterno, apellidoMaterno, genero, nacimiento, calle, num, ciudad, CP, CURP) values ('Karla', 'Erinn', 'Haily', 'F', '08/19/1984', 'Green Ridge', '3', 'Shikeng', 94733, 'ERHK19840819FSIAA5');
insert into Empleado (nombre, apellidoPaterno, apellidoMaterno, genero, nacimiento, calle, num, ciudad, CP, CURP) values ('Derry', 'Cyrus', 'Kelbee', 'M', '09/16/1999', 'Coleman', '66415', 'Pinglin', 54769, 'CYKD19990916MPREE5');
insert into Empleado (nombre, apellidoPaterno, apellidoMaterno, genero, nacimiento, calle, num, ciudad, CP, CURP) values ('Edd', 'Aubrey', 'Martino', 'M', '03/07/1983', 'Vermont', '17555', 'Bolembre', 61235, 'AUME19830307MBBAD2');
insert into Empleado (nombre, apellidoPaterno, apellidoMaterno, genero, nacimiento, calle, num, ciudad, CP, CURP) values ('Mabelle', 'Juli', 'Katrinka', 'F', '01/17/1994', 'Knutson', '8824', 'Sobeok', 25855, 'JUKM19940117FSLAA8');
insert into Empleado (nombre, apellidoPaterno, apellidoMaterno, genero, nacimiento, calle, num, ciudad, CP, CURP) values ('Ravid', 'Irvin', 'Harp', 'M', '09/06/1986', 'Forster', '5', 'Hongde', 53125, 'IRHR19860906MHVAA1');
insert into Empleado (nombre, apellidoPaterno, apellidoMaterno, genero, nacimiento, calle, num, ciudad, CP, CURP) values ('Mace', 'James', 'Austin', 'M', '04/09/1984', 'Texas', '350', 'La Labor', 73599, 'JAAM19840409MLMUA6');
insert into Empleado (nombre, apellidoPaterno, apellidoMaterno, genero, nacimiento, calle, num, ciudad, CP, CURP) values ('Baird', 'Rey', 'Enos', 'M', '05/02/1993', 'Grover', '0', 'Isaka', 91542, 'REEB19930502MIYNA9');
insert into Empleado (nombre, apellidoPaterno, apellidoMaterno, genero, nacimiento, calle, num, ciudad, CP, CURP) values ('Griffy', 'Lanie', 'Zelig', 'M', '05/04/1998', 'Messerschmidt', '3', 'Lambangan Kulon', 28417, 'LAZG19980504MLNER2');
insert into Empleado (nombre, apellidoPaterno, apellidoMaterno, genero, nacimiento, calle, num, ciudad, CP, CURP) values ('Russell', 'Archie', 'Albert', 'M', '07/10/1987', 'Ryan', '788', 'Pervoural’sk', 67019, 'ARAR19870710MPCLU4');
insert into Empleado (nombre, apellidoPaterno, apellidoMaterno, genero, nacimiento, calle, num, ciudad, CP, CURP) values ('Giovanni', 'Jermayne', 'Erroll', 'M', '09/07/1984', 'Hagan', '8390', 'Longshe', 86660, 'JEEG19840907MLRRI3');
insert into Empleado (nombre, apellidoPaterno, apellidoMaterno, genero, nacimiento, calle, num, ciudad, CP, CURP) values ('Brewer', 'Skipp', 'Sergio', 'M', '10/29/1988', 'Ohio', '5598', 'Chiriguaná', 83517, 'SKSB19881029MCIER8');
insert into Empleado (nombre, apellidoPaterno, apellidoMaterno, genero, nacimiento, calle, num, ciudad, CP, CURP) values ('Pepe', 'Joshua', 'Nils', 'M', '01/22/2000', 'Rowland', '293', 'Gamut', 31589, 'JONP20000122MGSIE3');
insert into Empleado (nombre, apellidoPaterno, apellidoMaterno, genero, nacimiento, calle, num, ciudad, CP, CURP) values ('Ethelred', 'Nero', 'Quill', 'M', '06/04/1992', 'Esch', '236', 'Zhongxing', 77739, 'NEQE19920604MZRUT8');
insert into Empleado (nombre, apellidoPaterno, apellidoMaterno, genero, nacimiento, calle, num, ciudad, CP, CURP) values ('Rosanne', 'Zara', 'Meara', 'F', '08/03/1995', 'Blackbird', '5805', 'Jibiya', 45403, 'ZAMR19950803FJREO3');
insert into Empleado (nombre, apellidoPaterno, apellidoMaterno, genero, nacimiento, calle, num, ciudad, CP, CURP) values ('Lilla', 'Brande', 'Jackie', 'F', '07/13/1988', 'Glendale', '77', 'Września', 65713, 'BRJL19880713FWAAI1');
insert into Empleado (nombre, apellidoPaterno, apellidoMaterno, genero, nacimiento, calle, num, ciudad, CP, CURP) values ('Nelia', 'Desirae', 'Marlie', 'F', '07/17/1987', 'Linden', '4', 'Palmas De Gran Canaria, Las', 58387, 'DEMN19870717FPSAE3');
insert into Empleado (nombre, apellidoPaterno, apellidoMaterno, genero, nacimiento, calle, num, ciudad, CP, CURP) values ('Lela', 'Nessy', 'Vina', 'F', '07/24/1992', 'Eggendart', '341', 'Bintuni', 84670, 'NEVL19920724FBSIE5');
insert into Empleado (nombre, apellidoPaterno, apellidoMaterno, genero, nacimiento, calle, num, ciudad, CP, CURP) values ('Olivette', 'Halimeda', 'Florida', 'F', '10/05/1994', 'Esker', '1', 'Ghazni', 20702, 'HAFO19941005FGLLL7');
insert into Empleado (nombre, apellidoPaterno, apellidoMaterno, genero, nacimiento, calle, num, ciudad, CP, CURP) values ('Graig', 'Killian', 'Bartlet', 'M', '11/07/1991', 'Anniversary', '16', 'Potchefstroom', 93202, 'KIBG19911107MPLAR7');
insert into Empleado (nombre, apellidoPaterno, apellidoMaterno, genero, nacimiento, calle, num, ciudad, CP, CURP) values ('Dotti', 'Drusilla', 'Thomasine', 'F', '01/29/1993', 'Melrose', '692', 'Padangan', 58952, 'DRTD19930129FPUHO1');
insert into Empleado (nombre, apellidoPaterno, apellidoMaterno, genero, nacimiento, calle, num, ciudad, CP, CURP) values ('Westbrook', 'Eward', 'Artemas', 'M', '01/19/1988', 'International', '28017', 'Kota Bharu', 48637, 'EWAW19880119MKARE4');
insert into Empleado (nombre, apellidoPaterno, apellidoMaterno, genero, nacimiento, calle, num, ciudad, CP, CURP) values ('Frederich', 'Boigie', 'Warner', 'M', '07/23/1987', 'Little Fleur', '3953', 'Biên Hòa', 50777, 'BOWF19870723MBIAR9');
insert into Empleado (nombre, apellidoPaterno, apellidoMaterno, genero, nacimiento, calle, num, ciudad, CP, CURP) values ('Ethe', 'Cordie', 'Randie', 'M', '04/30/1981', 'Ramsey', '4902', 'Vysokovsk', 49135, 'CORE19810430MVRAT9');
insert into Empleado (nombre, apellidoPaterno, apellidoMaterno, genero, nacimiento, calle, num, ciudad, CP, CURP) values ('Jasun', 'Simeon', 'Baily', 'M', '10/24/1995', 'Columbus', '6', 'Polanka Wielka', 51891, 'SIBJ19951024MPMAA7');
insert into Empleado (nombre, apellidoPaterno, apellidoMaterno, genero, nacimiento, calle, num, ciudad, CP, CURP) values ('Silvan', 'Nigel', 'Clemmy', 'M', '01/23/1998', 'Thackeray', '8631', 'Rekowo Dolne', 46987, 'NICS19980123MRGLI4');
insert into Empleado (nombre, apellidoPaterno, apellidoMaterno, genero, nacimiento, calle, num, ciudad, CP, CURP) values ('Row', 'Chloris', 'Garnet', 'F', '11/02/1998', 'Homewood', '9', 'Colmar', 82670, 'CHGR19981102FCLAO8');
insert into Empleado (nombre, apellidoPaterno, apellidoMaterno, genero, nacimiento, calle, num, ciudad, CP, CURP) values ('Brier', 'Chiquita', 'Cathe', 'F', '04/23/1997', 'Hagan', '80795', 'Xiejiaya', 44671, 'CHCB19970423FXIAR2');
insert into Empleado (nombre, apellidoPaterno, apellidoMaterno, genero, nacimiento, calle, num, ciudad, CP, CURP) values ('Katha', 'Raye', 'Nataline', 'F', '05/19/1990', 'Hazelcrest', '2', 'Lac-Mégantic', 95327, 'RANK19900519FLYAA9');
insert into Empleado (nombre, apellidoPaterno, apellidoMaterno, genero, nacimiento, calle, num, ciudad, CP, CURP) values ('Conroy', 'Greg', 'Dante', 'M', '06/11/1982', 'Sloan', '93', 'Freiria', 94684, 'GRDC19820611MFEAO4');
insert into Empleado (nombre, apellidoPaterno, apellidoMaterno, genero, nacimiento, calle, num, ciudad, CP, CURP) values ('Aurie', 'Jillane', 'Sibyl', 'F', '01/28/1991', 'Annamark', '83', 'Alexandria', 50848, 'JISA19910128FALIU5');
insert into Empleado (nombre, apellidoPaterno, apellidoMaterno, genero, nacimiento, calle, num, ciudad, CP, CURP) values ('Vivien', 'Kit', 'Madalyn', 'F', '12/16/1997', 'Coolidge', '81071', 'Shuitou', 25622, 'KIMV19971216FSTAI5');
insert into Empleado (nombre, apellidoPaterno, apellidoMaterno, genero, nacimiento, calle, num, ciudad, CP, CURP) values ('Brunhilda', 'Betsy', 'Julee', 'F', '08/09/1985', 'Thompson', '2', 'Hanjia', 24830, 'BEJB19850809FHTUR1');
insert into Empleado (nombre, apellidoPaterno, apellidoMaterno, genero, nacimiento, calle, num, ciudad, CP, CURP) values ('Anthony', 'Kasper', 'Fredek', 'M', '08/19/1989', 'Karstens', '6554', 'Shalakusha', 54792, 'KAFA19890819MSSRN8');
insert into Empleado (nombre, apellidoPaterno, apellidoMaterno, genero, nacimiento, calle, num, ciudad, CP, CURP) values ('Kirbee', 'Anallese', 'Magdalene', 'F', '04/26/1982', 'Cottonwood', '8526', 'Olovyannaya', 92057, 'ANMK19820426FOAAI2');
insert into Empleado (nombre, apellidoPaterno, apellidoMaterno, genero, nacimiento, calle, num, ciudad, CP, CURP) values ('Ignace', 'Herrick', 'Gilburt', 'M', '10/04/1986', 'Oneill', '319', 'Årjäng', 54996, 'HEGI19861004MÅRIG6');
insert into Empleado (nombre, apellidoPaterno, apellidoMaterno, genero, nacimiento, calle, num, ciudad, CP, CURP) values ('Jasun', 'Lorrie', 'Jarrad', 'M', '09/28/1985', 'Summit', '1', 'Nagbacalan', 58030, 'LOJJ19850928MNRAA8');
insert into Empleado (nombre, apellidoPaterno, apellidoMaterno, genero, nacimiento, calle, num, ciudad, CP, CURP) values ('Gertrud', 'Coral', 'Blair', 'F', '09/17/1986', 'Tennessee', '482', 'Astromil', 31473, 'COBG19860917FARLE2');
insert into Empleado (nombre, apellidoPaterno, apellidoMaterno, genero, nacimiento, calle, num, ciudad, CP, CURP) values ('Felisha', 'Arlene', 'Vivie', 'F', '01/04/1986', 'Ridgeway', '6', 'Kuala Lumpur', 93538, 'ARVF19860104FKLIE9');
insert into Empleado (nombre, apellidoPaterno, apellidoMaterno, genero, nacimiento, calle, num, ciudad, CP, CURP) values ('Lynna', 'Lynnette', 'Linnie', 'F', '02/10/1989', 'Sutherland', '029', 'Bukbatang', 30038, 'LYLL19890210FBNIY8');
insert into Empleado (nombre, apellidoPaterno, apellidoMaterno, genero, nacimiento, calle, num, ciudad, CP, CURP) values ('Damian', 'Gibby', 'Huntley', 'M', '09/30/1987', 'Washington', '05224', 'Araraquara', 94259, 'GIHD19870930MABUA5');
insert into Empleado (nombre, apellidoPaterno, apellidoMaterno, genero, nacimiento, calle, num, ciudad, CP, CURP) values ('Ellene', 'Bobbi', 'Edita', 'F', '07/19/1993', 'Dixon', '0', 'Anbyŏn-ŭp', 88149, 'BOEE19930719FABDL4');
insert into Empleado (nombre, apellidoPaterno, apellidoMaterno, genero, nacimiento, calle, num, ciudad, CP, CURP) values ('Katharina', 'Orelie', 'Nani', 'F', '08/24/1989', 'Corscot', '5114', 'Monte Redondo', 69978, 'ORNK19890824FMEAA3');
insert into Empleado (nombre, apellidoPaterno, apellidoMaterno, genero, nacimiento, calle, num, ciudad, CP, CURP) values ('Tristam', 'Brockie', 'Val', 'M', '11/15/1996', 'Marquette', '1420', 'Sobinka', 48769, 'BRVT19961115MSOAR8');
insert into Empleado (nombre, apellidoPaterno, apellidoMaterno, genero, nacimiento, calle, num, ciudad, CP, CURP) values ('Aretha', 'June', 'Reeva', 'F', '03/26/1994', 'Ridge Oak', '6', 'Pyrzyce', 38381, 'JURA19940326FPNER1');
insert into Empleado (nombre, apellidoPaterno, apellidoMaterno, genero, nacimiento, calle, num, ciudad, CP, CURP) values ('Celestyn', 'Rosalie', 'Camel', 'F', '01/25/1995', 'Swallow', '42921', 'Jombang', 66090, 'ROCC19950125FJSAE4');
insert into Empleado (nombre, apellidoPaterno, apellidoMaterno, genero, nacimiento, calle, num, ciudad, CP, CURP) values ('Celka', 'Gloriane', 'Janeen', 'F', '04/01/1997', 'Delaware', '4426', 'Stamboliyski', 91091, 'GLJC19970401FSOAE8');
insert into Empleado (nombre, apellidoPaterno, apellidoMaterno, genero, nacimiento, calle, num, ciudad, CP, CURP) values ('Jeddy', 'Derek', 'Reinald', 'M', '05/29/1984', 'Nevada', '724', 'Stockholm', 83151, 'DERJ19840529MSREE9');
insert into Empleado (nombre, apellidoPaterno, apellidoMaterno, genero, nacimiento, calle, num, ciudad, CP, CURP) values ('Yvonne', 'Patrica', 'Quintina', 'F', '12/02/1988', 'Ridgeway', '7025', 'Mozhong', 64355, 'PAQY19881202FMTUV9');
insert into Empleado (nombre, apellidoPaterno, apellidoMaterno, genero, nacimiento, calle, num, ciudad, CP, CURP) values ('Arri', 'Bill', 'Guntar', 'M', '04/09/1992', 'Huxley', '6', 'Funga', 54976, 'BIGA19920409MFLUR2');
insert into Empleado (nombre, apellidoPaterno, apellidoMaterno, genero, nacimiento, calle, num, ciudad, CP, CURP) values ('Meris', 'Belvia', 'Caresa', 'F', '12/07/1998', 'Ryan', '25098', 'Petersfield', 61755, 'BECM19981207FPLAE2');
insert into Empleado (nombre, apellidoPaterno, apellidoMaterno, genero, nacimiento, calle, num, ciudad, CP, CURP) values ('Corette', 'Christan', 'Layla', 'F', '04/10/1983', 'Rieder', '2996', 'Néos Skopós', 68676, 'CHLC19830410FNRAO6');
insert into Empleado (nombre, apellidoPaterno, apellidoMaterno, genero, nacimiento, calle, num, ciudad, CP, CURP) values ('Zechariah', 'Sansone', 'Tymon', 'M', '05/04/1998', 'Esker', '33', 'Prokhorovka', 98220, 'SATZ19980504MPNYE1');
insert into Empleado (nombre, apellidoPaterno, apellidoMaterno, genero, nacimiento, calle, num, ciudad, CP, CURP) values ('Philip', 'Abe', 'Sigmund', 'M', '05/14/1989', 'Dottie', '60', 'Futian', 84744, 'ABSP19890514MFEIH5');
insert into Empleado (nombre, apellidoPaterno, apellidoMaterno, genero, nacimiento, calle, num, ciudad, CP, CURP) values ('Ker', 'Garreth', 'Stirling', 'M', '03/07/1993', 'Kipling', '9', 'Weichanglu', 23529, 'GASK19930307MWRTE8');
insert into Empleado (nombre, apellidoPaterno, apellidoMaterno, genero, nacimiento, calle, num, ciudad, CP, CURP) values ('Blinnie', 'Bobbette', 'Gus', 'F', '08/05/1998', 'Ramsey', '47', 'Sharga', 45295, 'BOGB19980805FSBUL4');
insert into Empleado (nombre, apellidoPaterno, apellidoMaterno, genero, nacimiento, calle, num, ciudad, CP, CURP) values ('Josias', 'David', 'Conant', 'M', '02/01/1994', 'Clove', '53635', 'Arauca', 25159, 'DACJ19940201MAVOO8');
insert into Empleado (nombre, apellidoPaterno, apellidoMaterno, genero, nacimiento, calle, num, ciudad, CP, CURP) values ('Rayner', 'Lief', 'Bernard', 'M', '10/20/1991', 'Gateway', '92', 'Kolyubakino', 17725, 'LIBR19911020MKEEA8');
insert into Empleado (nombre, apellidoPaterno, apellidoMaterno, genero, nacimiento, calle, num, ciudad, CP, CURP) values ('Rosabella', 'Margery', 'Aurelie', 'F', '07/19/1987', 'Clove', '39891', 'San Miguel de Tucumán', 89018, 'MAAR19870719FSRUO1');
insert into Empleado (nombre, apellidoPaterno, apellidoMaterno, genero, nacimiento, calle, num, ciudad, CP, CURP) values ('Dari', 'Kendra', 'Ronnica', 'F', '11/08/1994', 'Bay', '434', 'Mangulile', 89435, 'KERD19941108FMNOA0');
insert into Empleado (nombre, apellidoPaterno, apellidoMaterno, genero, nacimiento, calle, num, ciudad, CP, CURP) values ('Maryjo', 'Odella', 'Neely', 'F', '07/16/1996', 'Holy Cross', '35861', 'Tala', 44541, 'ODNM19960716FTEEA4');
insert into Empleado (nombre, apellidoPaterno, apellidoMaterno, genero, nacimiento, calle, num, ciudad, CP, CURP) values ('Berny', 'Emlynne', 'Angelle', 'F', '11/20/1985', 'Logan', '752', 'Jiangdianzi', 45427, 'EMAB19851120FJLNE7');
insert into Empleado (nombre, apellidoPaterno, apellidoMaterno, genero, nacimiento, calle, num, ciudad, CP, CURP) values ('Ariel', 'Kizzie', 'Frederique', 'F', '02/04/1983', 'Morrow', '1', 'Doghs', 49293, 'KIFA19830204FDZRR6');
insert into Empleado (nombre, apellidoPaterno, apellidoMaterno, genero, nacimiento, calle, num, ciudad, CP, CURP) values ('Ellwood', 'Erhart', 'Ephrayim', 'M', '07/19/1996', 'Algoma', '644', 'Kangar', 13639, 'EREE19960719MKHPL0');
insert into Empleado (nombre, apellidoPaterno, apellidoMaterno, genero, nacimiento, calle, num, ciudad, CP, CURP) values ('Obed', 'Torin', 'Bartholomew', 'M', '10/03/1995', 'Farwell', '3', 'Kemendung', 14239, 'TOBO19951003MKRAB6');
insert into Empleado (nombre, apellidoPaterno, apellidoMaterno, genero, nacimiento, calle, num, ciudad, CP, CURP) values ('Malinde', 'Melonie', 'Sal', 'F', '02/07/1984', 'Cordelia', '939', 'Panggulan', 58947, 'MESM19840207FPLAA2');
insert into Empleado (nombre, apellidoPaterno, apellidoMaterno, genero, nacimiento, calle, num, ciudad, CP, CURP) values ('Etheline', 'Delinda', 'Esmaria', 'F', '08/10/1990', 'Muir', '45540', 'Yongheshi', 94868, 'DEEE19900810FYLST7');
insert into Empleado (nombre, apellidoPaterno, apellidoMaterno, genero, nacimiento, calle, num, ciudad, CP, CURP) values ('Michel', 'Stefania', 'Jobey', 'F', '06/16/2000', 'Lake View', '87343', 'Padre Burgos', 48543, 'STJM20000616FPEOI1');
insert into Empleado (nombre, apellidoPaterno, apellidoMaterno, genero, nacimiento, calle, num, ciudad, CP, CURP) values ('Diego', 'Hobey', 'Michael', 'M', '01/11/1991', 'Tennessee', '25402', 'Degeberga', 40598, 'HOMD19910111MDBII5');
insert into Empleado (nombre, apellidoPaterno, apellidoMaterno, genero, nacimiento, calle, num, ciudad, CP, CURP) values ('Ingelbert', 'Hoebart', 'Clayborn', 'M', '10/12/1987', 'Kennedy', '51', 'Konsoy', 51758, 'HOCI19871012MKELN1');
insert into Empleado (nombre, apellidoPaterno, apellidoMaterno, genero, nacimiento, calle, num, ciudad, CP, CURP) values ('Arty', 'Merle', 'Cecilio', 'M', '08/18/1999', 'Holmberg', '7', 'Qā’en', 84646, 'MECA19990818MQRER7');
insert into Empleado (nombre, apellidoPaterno, apellidoMaterno, genero, nacimiento, calle, num, ciudad, CP, CURP) values ('Elden', 'Abbey', 'Klaus', 'M', '01/12/1985', 'Jenna', '093', 'Santa Rosa de Aguán', 24948, 'ABKE19850112MSBLL0');
insert into Empleado (nombre, apellidoPaterno, apellidoMaterno, genero, nacimiento, calle, num, ciudad, CP, CURP) values ('Gusella', 'Rosemonde', 'Lotty', 'F', '12/15/1993', 'Express', '17', 'Shirochanka', 97041, 'ROLG19931215FSSOU1');
insert into Empleado (nombre, apellidoPaterno, apellidoMaterno, genero, nacimiento, calle, num, ciudad, CP, CURP) values ('Billie', 'Janice', 'Jennifer', 'F', '05/07/1999', 'Ilene', '22', 'Chhāgalnāiya', 50164, 'JAJB19990507FCNEI7');
insert into Empleado (nombre, apellidoPaterno, apellidoMaterno, genero, nacimiento, calle, num, ciudad, CP, CURP) values ('Tuckie', 'Davin', 'Yorke', 'M', '03/04/1996', 'Carioca', '62827', 'Nangkaruka', 90810, 'DAYT19960304MNVOU5');
insert into Empleado (nombre, apellidoPaterno, apellidoMaterno, genero, nacimiento, calle, num, ciudad, CP, CURP) values ('Keely', 'Liv', 'Gloria', 'F', '05/27/1987', 'Mcbride', '1', 'Taitung City', 76278, 'LIGK19870527FTVLE7');
insert into Empleado (nombre, apellidoPaterno, apellidoMaterno, genero, nacimiento, calle, num, ciudad, CP, CURP) values ('Bill', 'Parke', 'Sly', 'M', '07/28/1998', 'Moland', '44456', 'Chicoana', 74555, 'PASB19980728MCRLI4');
insert into Empleado (nombre, apellidoPaterno, apellidoMaterno, genero, nacimiento, calle, num, ciudad, CP, CURP) values ('Corey', 'Kin', 'Adolf', 'M', '02/14/1989', 'Warrior', '1', 'Khamis Mushait', 48020, 'KIAC19890214MKNDO5');
insert into Empleado (nombre, apellidoPaterno, apellidoMaterno, genero, nacimiento, calle, num, ciudad, CP, CURP) values ('Crichton', 'Gregory', 'Cirillo', 'M', '12/31/1999', 'Mallory', '78', 'Vetlanda', 74605, 'GRCC19991231MVEIR5');
insert into Empleado (nombre, apellidoPaterno, apellidoMaterno, genero, nacimiento, calle, num, ciudad, CP, CURP) values ('Odelinda', 'Moselle', 'Michaelina', 'F', '01/23/1986', 'Acker', '5', 'Ramaram', 87329, 'MOMO19860123FRSID2');
insert into Empleado (nombre, apellidoPaterno, apellidoMaterno, genero, nacimiento, calle, num, ciudad, CP, CURP) values ('Torrie', 'Thomasa', 'Kelsy', 'F', '03/05/1990', 'Sullivan', '344', 'Amurzet', 59399, 'THKT19900305FAOEO7');
insert into Empleado (nombre, apellidoPaterno, apellidoMaterno, genero, nacimiento, calle, num, ciudad, CP, CURP) values ('Pansie', 'Meggy', 'Emelina', 'F', '10/25/1985', 'Sutherland', '416', 'Lazurne', 56800, 'MEEP19851025FLGMA6');
insert into Empleado (nombre, apellidoPaterno, apellidoMaterno, genero, nacimiento, calle, num, ciudad, CP, CURP) values ('Farrell', 'Alaric', 'Jamie', 'M', '05/18/1982', 'Superior', '19', 'Longhe', 69497, 'ALJF19820518MLAAA5');
insert into Empleado (nombre, apellidoPaterno, apellidoMaterno, genero, nacimiento, calle, num, ciudad, CP, CURP) values ('Monti', 'Kleon', 'Windham', 'M', '07/29/1988', 'Red Cloud', '1', 'Bayt Sāḩūr', 79180, 'KLWM19880729MBEIO8');
insert into Empleado (nombre, apellidoPaterno, apellidoMaterno, genero, nacimiento, calle, num, ciudad, CP, CURP) values ('Mercy', 'Lissy', 'Johna', 'F', '10/14/1998', 'Kedzie', '37', 'Yujia', 13970, 'LIJM19981014FYSOE6');
insert into Empleado (nombre, apellidoPaterno, apellidoMaterno, genero, nacimiento, calle, num, ciudad, CP, CURP) values ('Montgomery', 'Fonsie', 'Waverly', 'M', '02/06/1981', 'Manufacturers', '8', 'Hashimoto', 16425, 'FOWM19810206MHNAO0');
insert into Empleado (nombre, apellidoPaterno, apellidoMaterno, genero, nacimiento, calle, num, ciudad, CP, CURP) values ('Hugh', 'Giovanni', 'Rafi', 'M', '11/11/1992', 'Debra', '7727', 'Maltahöhe', 60792, 'GIRH19921111MMOAU6');
insert into Empleado (nombre, apellidoPaterno, apellidoMaterno, genero, nacimiento, calle, num, ciudad, CP, CURP) values ('Amelina', 'Juliann', 'Roch', 'F', '01/26/1994', 'Loomis', '41', 'Dos Quebradas', 61272, 'JURA19940126FDLOM9');
insert into Empleado (nombre, apellidoPaterno, apellidoMaterno, genero, nacimiento, calle, num, ciudad, CP, CURP) values ('Danell', 'Moll', 'Philomena', 'F', '08/29/1997', 'Fremont', '5465', 'Kilkís', 50180, 'MOPD19970829FKLHA6');
insert into Empleado (nombre, apellidoPaterno, apellidoMaterno, genero, nacimiento, calle, num, ciudad, CP, CURP) values ('Archy', 'Dani', 'Joseph', 'M', '11/20/1998', 'Erie', '70019', 'Tbêng Méanchey', 64872, 'DAJA19981120MTNOR3');
insert into Empleado (nombre, apellidoPaterno, apellidoMaterno, genero, nacimiento, calle, num, ciudad, CP, CURP) values ('Sidoney', 'Ashlee', 'Linnea', 'F', '03/14/1982', 'Sauthoff', '5', 'Nan’an', 25759, 'ASLS19820314FNHII6');
insert into Empleado (nombre, apellidoPaterno, apellidoMaterno, genero, nacimiento, calle, num, ciudad, CP, CURP) values ('Karlee', 'Linzy', 'Leelah', 'F', '03/26/1999', 'Nelson', '64', 'Toužim', 90831, 'LILK19990326FTNEA4');
insert into Empleado (nombre, apellidoPaterno, apellidoMaterno, genero, nacimiento, calle, num, ciudad, CP, CURP) values ('Ameline', 'Codee', 'Reeba', 'F', '01/08/1998', 'Mesta', '9157', 'Divnoye', 30492, 'CORA19980108FDDEM1');
insert into Empleado (nombre, apellidoPaterno, apellidoMaterno, genero, nacimiento, calle, num, ciudad, CP, CURP) values ('Leela', 'Ardelis', 'Birgit', 'F', '09/07/1997', 'Norway Maple', '285', 'Meilin', 99126, 'ARBL19970907FMDIE3');
insert into Empleado (nombre, apellidoPaterno, apellidoMaterno, genero, nacimiento, calle, num, ciudad, CP, CURP) values ('Yance', 'Ansell', 'Harold', 'M', '08/05/1992', 'Helena', '600', 'Dukla', 14198, 'ANHY19920805MDSAA9');
insert into Empleado (nombre, apellidoPaterno, apellidoMaterno, genero, nacimiento, calle, num, ciudad, CP, CURP) values ('Gilles', 'Monroe', 'Ronnie', 'M', '06/01/1984', 'Crescent Oaks', '028', 'Pampas', 78638, 'MORG19840601MPNOI4');
insert into Empleado (nombre, apellidoPaterno, apellidoMaterno, genero, nacimiento, calle, num, ciudad, CP, CURP) values ('Felix', 'Esme', 'Ashbey', 'M', '02/10/1984', 'Ohio', '913', 'Nguken', 11762, 'ESAF19840210MNMSE6');
insert into Empleado (nombre, apellidoPaterno, apellidoMaterno, genero, nacimiento, calle, num, ciudad, CP, CURP) values ('Flem', 'Cornelius', 'Nikolas', 'M', '12/05/1993', 'Crownhardt', '85', 'Runka', 65054, 'CONF19931205MRRIL6');
insert into Empleado (nombre, apellidoPaterno, apellidoMaterno, genero, nacimiento, calle, num, ciudad, CP, CURP) values ('Reid', 'Tucker', 'Efrem', 'M', '08/05/1988', 'Eliot', '4', 'Dukuhbadag', 43797, 'TUER19880805MDCFE8');
insert into Empleado (nombre, apellidoPaterno, apellidoMaterno, genero, nacimiento, calle, num, ciudad, CP, CURP) values ('Tremain', 'Fredrick', 'Fraze', 'M', '04/18/2000', 'Cordelia', '609', 'Rosmalen', 37949, 'FRFT20000418MRERR1');
insert into Empleado (nombre, apellidoPaterno, apellidoMaterno, genero, nacimiento, calle, num, ciudad, CP, CURP) values ('Rosalie', 'Janeczka', 'Kaile', 'F', '08/09/1997', 'Dennis', '179', 'Caracal', 23086, 'JAKR19970809FCNAO0');
insert into Empleado (nombre, apellidoPaterno, apellidoMaterno, genero, nacimiento, calle, num, ciudad, CP, CURP) values ('Dedra', 'Doti', 'Chiquita', 'F', '03/26/1999', 'Namekagon', '5', 'Jamao al Norte', 25622, 'DOCD19990326FJTHE1');
insert into Empleado (nombre, apellidoPaterno, apellidoMaterno, genero, nacimiento, calle, num, ciudad, CP, CURP) values ('Lynn', 'Chickie', 'Gregorio', 'M', '09/19/1983', 'Del Mar', '7589', 'Alcaria', 88458, 'CHGL19830919MAIRY1');
insert into Empleado (nombre, apellidoPaterno, apellidoMaterno, genero, nacimiento, calle, num, ciudad, CP, CURP) values ('Kacie', 'Amandie', 'Madelle', 'F', '11/16/1996', 'Kim', '18', 'Tha Bo', 54567, 'AMMK19961116FTAAA7');
insert into Empleado (nombre, apellidoPaterno, apellidoMaterno, genero, nacimiento, calle, num, ciudad, CP, CURP) values ('Tildy', 'Glennie', 'Shawnee', 'F', '06/29/1988', 'Commercial', '8622', 'Cholargós', 74917, 'GLST19880629FCEHI9');
insert into Empleado (nombre, apellidoPaterno, apellidoMaterno, genero, nacimiento, calle, num, ciudad, CP, CURP) values ('Daphna', 'Noelle', 'Lorry', 'F', '11/27/1999', 'Raven', '212', 'Czerniewice', 41187, 'NOLD19991127FCEOA2');
insert into Empleado (nombre, apellidoPaterno, apellidoMaterno, genero, nacimiento, calle, num, ciudad, CP, CURP) values ('Roslyn', 'Jeni', 'Idalina', 'F', '11/10/1987', 'Hoard', '834', 'Futtsu', 41275, 'JEIR19871110FFNDO9');
insert into Empleado (nombre, apellidoPaterno, apellidoMaterno, genero, nacimiento, calle, num, ciudad, CP, CURP) values ('Jordan', 'Latashia', 'Nicolina', 'F', '11/29/1990', 'Kipling', '319', 'Maiac', 66242, 'LANJ19901129FMTIO0');
insert into Empleado (nombre, apellidoPaterno, apellidoMaterno, genero, nacimiento, calle, num, ciudad, CP, CURP) values ('Gal', 'Lief', 'Reggie', 'M', '12/06/1980', 'Buhler', '45992', 'Velykyi Bereznyi', 92628, 'LIRG19801206MVEEA0');
insert into Empleado (nombre, apellidoPaterno, apellidoMaterno, genero, nacimiento, calle, num, ciudad, CP, CURP) values ('Madalyn', 'Tracey', 'Mariejeanne', 'F', '11/24/1997', 'Melody', '07', 'Tsiombe', 75624, 'TRMM19971124FTAAA0');
insert into Empleado (nombre, apellidoPaterno, apellidoMaterno, genero, nacimiento, calle, num, ciudad, CP, CURP) values ('Abie', 'Cyrillus', 'Tully', 'M', '07/09/1999', 'Browning', '999', 'La Purisima', 45130, 'CYTA19990709MLRUB0');
insert into Empleado (nombre, apellidoPaterno, apellidoMaterno, genero, nacimiento, calle, num, ciudad, CP, CURP) values ('Maximilianus', 'Vassili', 'Launce', 'M', '06/14/1997', 'Forest Dale', '0', 'Hudong', 52110, 'VALM19970614MHSAA9');
insert into Empleado (nombre, apellidoPaterno, apellidoMaterno, genero, nacimiento, calle, num, ciudad, CP, CURP) values ('Salvatore', 'Dew', 'Steward', 'M', '09/03/1996', 'South', '6', 'Ryūō', 26708, 'DESS19960903MRWTA1');
insert into Empleado (nombre, apellidoPaterno, apellidoMaterno, genero, nacimiento, calle, num, ciudad, CP, CURP) values ('Dominga', 'Julia', 'Rachael', 'F', '11/28/1980', 'Longview', '5440', 'Tukuyu', 97229, 'JURD19801128FTLAO6');
insert into Empleado (nombre, apellidoPaterno, apellidoMaterno, genero, nacimiento, calle, num, ciudad, CP, CURP) values ('Julian', 'Eadmund', 'Hayden', 'M', '02/25/1986', 'Surrey', '95', 'Rasskazovo', 29931, 'EAHJ19860225MRDAU4');
insert into Empleado (nombre, apellidoPaterno, apellidoMaterno, genero, nacimiento, calle, num, ciudad, CP, CURP) values ('Jeni', 'Shelley', 'Arly', 'F', '02/18/1998', 'Memorial', '85', 'Sobreda', 93158, 'SHAJ19980218FSERE6');
insert into Empleado (nombre, apellidoPaterno, apellidoMaterno, genero, nacimiento, calle, num, ciudad, CP, CURP) values ('Lauri', 'Margalo', 'Olenka', 'F', '08/21/1991', 'Grayhawk', '143', 'Hidalgo', 90544, 'MAOL19910821FHRLA5');
insert into Empleado (nombre, apellidoPaterno, apellidoMaterno, genero, nacimiento, calle, num, ciudad, CP, CURP) values ('Field', 'Arlan', 'Gian', 'M', '11/19/1985', 'Prairie Rose', '1', 'Stende', 70172, 'ARGF19851119MSLII3');
insert into Empleado (nombre, apellidoPaterno, apellidoMaterno, genero, nacimiento, calle, num, ciudad, CP, CURP) values ('Robin', 'Normie', 'Felike', 'M', '04/08/1985', '3rd', '1', 'Konibodom', 17121, 'NOFR19850408MKREO1');
insert into Empleado (nombre, apellidoPaterno, apellidoMaterno, genero, nacimiento, calle, num, ciudad, CP, CURP) values ('Gustave', 'Doyle', 'Tally', 'M', '08/15/1992', 'Talisman', '0', 'General La Madrid', 65253, 'DOTG19920815MGYAU5');
insert into Empleado (nombre, apellidoPaterno, apellidoMaterno, genero, nacimiento, calle, num, ciudad, CP, CURP) values ('Barbi', 'Cyndi', 'Celle', 'F', '03/30/1994', 'Rutledge', '01', 'Bandar-e Ganāveh', 24297, 'CYCB19940330FBNEA2');
insert into Empleado (nombre, apellidoPaterno, apellidoMaterno, genero, nacimiento, calle, num, ciudad, CP, CURP) values ('Adams', 'Trstram', 'Kerby', 'M', '12/21/1988', 'Moulton', '36214', 'Zangzhai', 48829, 'TRKA19881221MZSED6');
insert into Empleado (nombre, apellidoPaterno, apellidoMaterno, genero, nacimiento, calle, num, ciudad, CP, CURP) values ('Miquela', 'Sharity', 'Marjie', 'F', '05/17/1988', 'Butterfield', '665', 'Lidzbark', 51386, 'SHMM19880517FLAAI5');
insert into Empleado (nombre, apellidoPaterno, apellidoMaterno, genero, nacimiento, calle, num, ciudad, CP, CURP) values ('Grete', 'Drusi', 'Kelsi', 'F', '04/19/1987', 'Thackeray', '11', 'Nouâdhibou', 25996, 'DRKG19870419FNUER5');
insert into Empleado (nombre, apellidoPaterno, apellidoMaterno, genero, nacimiento, calle, num, ciudad, CP, CURP) values ('Cornie', 'Adeline', 'Marie', 'F', '09/23/1994', 'Farwell', '48', 'Yaozhuang', 19907, 'ADMC19940923FYEAO4');
insert into Empleado (nombre, apellidoPaterno, apellidoMaterno, genero, nacimiento, calle, num, ciudad, CP, CURP) values ('Morley', 'Aristotle', 'Stewart', 'M', '08/20/2000', 'Northview', '91', 'Veinticinco de Mayo', 95788, 'ARSM20000820MVITO9');
insert into Empleado (nombre, apellidoPaterno, apellidoMaterno, genero, nacimiento, calle, num, ciudad, CP, CURP) values ('Abby', 'Emmalyn', 'Britney', 'F', '10/18/1982', 'Dixon', '2', 'Hyesan-si', 49471, 'EMBA19821018FHMRB8');
insert into Empleado (nombre, apellidoPaterno, apellidoMaterno, genero, nacimiento, calle, num, ciudad, CP, CURP) values ('Darrick', 'Morgun', 'Sholom', 'M', '02/16/1984', 'Melody', '60', 'Garagoa', 10899, 'MOSD19840216MGRHA3');
insert into Empleado (nombre, apellidoPaterno, apellidoMaterno, genero, nacimiento, calle, num, ciudad, CP, CURP) values ('Isador', 'Worthy', 'Hammad', 'M', '08/28/1986', 'Autumn Leaf', '7', 'Amaraji', 99952, 'WOHI19860828MARAS4');
insert into Empleado (nombre, apellidoPaterno, apellidoMaterno, genero, nacimiento, calle, num, ciudad, CP, CURP) values ('Enrique', 'Nataniel', 'Morris', 'M', '11/05/1996', 'Hollow Ridge', '536', 'Kamru', 11771, 'NAME19961105MKTON6');
insert into Empleado (nombre, apellidoPaterno, apellidoMaterno, genero, nacimiento, calle, num, ciudad, CP, CURP) values ('Kristien', 'Marcella', 'Lurline', 'F', '12/22/1981', 'Rutledge', '06', 'Baruny', 24128, 'MALK19811222FBRUR5');
insert into Empleado (nombre, apellidoPaterno, apellidoMaterno, genero, nacimiento, calle, num, ciudad, CP, CURP) values ('Cassey', 'Elnore', 'Melinde', 'F', '06/06/1984', 'Artisan', '866', 'Staraya Kulatka', 47207, 'ELMC19840606FSNEA3');
insert into Empleado (nombre, apellidoPaterno, apellidoMaterno, genero, nacimiento, calle, num, ciudad, CP, CURP) values ('Adrian', 'Nye', 'Emanuel', 'M', '02/17/1996', 'Mallory', '55', 'Kiernozia', 41026, 'NYEA19960217MKEMD0');
insert into Empleado (nombre, apellidoPaterno, apellidoMaterno, genero, nacimiento, calle, num, ciudad, CP, CURP) values ('Clarance', 'Barclay', 'Gianni', 'M', '10/22/1982', 'Forest Dale', '6697', 'Primorskiy', 83520, 'BAGC19821022MPRIL5');
insert into Empleado (nombre, apellidoPaterno, apellidoMaterno, genero, nacimiento, calle, num, ciudad, CP, CURP) values ('Rosalind', 'Gaylene', 'Valli', 'F', '09/05/1987', 'Darwin', '758', 'Mpraeso', 86947, 'GAVR19870905FMYAO9');
insert into Empleado (nombre, apellidoPaterno, apellidoMaterno, genero, nacimiento, calle, num, ciudad, CP, CURP) values ('Jeffie', 'Lothario', 'Constantin', 'M', '11/17/1982', 'Hollow Ridge', '32', 'Qishui', 70631, 'LOCJ19821117MQTOE9');
insert into Empleado (nombre, apellidoPaterno, apellidoMaterno, genero, nacimiento, calle, num, ciudad, CP, CURP) values ('Fidel', 'Mario', 'Donnell', 'M', '09/27/1998', 'Lakeland', '69', 'Saint George''s', 84159, 'MADF19980927MSROI2');
insert into Empleado (nombre, apellidoPaterno, apellidoMaterno, genero, nacimiento, calle, num, ciudad, CP, CURP) values ('Lynda', 'Gussy', 'Lilly', 'F', '01/29/1988', 'International', '1298', 'Chenārān', 25226, 'GULL19880129FCSIY2');
insert into Empleado (nombre, apellidoPaterno, apellidoMaterno, genero, nacimiento, calle, num, ciudad, CP, CURP) values ('Joane', 'Kaitlyn', 'Chantalle', 'F', '04/10/1989', 'Morning', '56291', 'Bánica', 92440, 'KACJ19890410FBIHO5');
insert into Empleado (nombre, apellidoPaterno, apellidoMaterno, genero, nacimiento, calle, num, ciudad, CP, CURP) values ('Thornie', 'Valentin', 'Maximilianus', 'M', '04/30/1993', 'Towne', '8', 'Poxi', 62453, 'VAMT19930430MPLAH3');
insert into Empleado (nombre, apellidoPaterno, apellidoMaterno, genero, nacimiento, calle, num, ciudad, CP, CURP) values ('El', 'Morey', 'Carson', 'M', '02/13/1992', 'Farwell', '3', 'Colonia Nicolich', 14715, 'MOCE19920213MCRAL6');
insert into Empleado (nombre, apellidoPaterno, apellidoMaterno, genero, nacimiento, calle, num, ciudad, CP, CURP) values ('Elinor', 'Gerri', 'Jacquie', 'F', '01/22/1997', 'Ilene', '56', 'Guixi', 45241, 'GEJE19970122FGRAL0');
insert into Empleado (nombre, apellidoPaterno, apellidoMaterno, genero, nacimiento, calle, num, ciudad, CP, CURP) values ('Elyn', 'Idalina', 'Nariko', 'F', '07/11/1984', 'Mandrake', '12841', 'Starobachaty', 73574, 'IDNE19840711FSAAL3');
insert into Empleado (nombre, apellidoPaterno, apellidoMaterno, genero, nacimiento, calle, num, ciudad, CP, CURP) values ('Ignacius', 'Elmer', 'Juan', 'M', '03/30/1982', 'Clove', '1710', 'Qifang', 67837, 'ELJI19820330MQMUG2');
insert into Empleado (nombre, apellidoPaterno, apellidoMaterno, genero, nacimiento, calle, num, ciudad, CP, CURP) values ('Waylin', 'Conrado', 'Welby', 'M', '07/11/2000', 'Trailsway', '64625', 'Hōfu', 13468, 'COWW20000711MHNEA4');
insert into Empleado (nombre, apellidoPaterno, apellidoMaterno, genero, nacimiento, calle, num, ciudad, CP, CURP) values ('Rachelle', 'Debbie', 'Ailina', 'F', '09/10/1989', 'Pepper Wood', '6420', 'Rochester', 21156, 'DEAR19890910FRBIA0');
insert into Empleado (nombre, apellidoPaterno, apellidoMaterno, genero, nacimiento, calle, num, ciudad, CP, CURP) values ('Lynea', 'Nathalie', 'Phyllys', 'F', '08/21/1998', 'Nobel', '3558', 'Pirapozinho', 57367, 'NAPL19980821FPTHY9');
insert into Empleado (nombre, apellidoPaterno, apellidoMaterno, genero, nacimiento, calle, num, ciudad, CP, CURP) values ('Willie', 'Horacio', 'Alwyn', 'M', '02/15/1993', 'Cambridge', '74086', 'Krokeaí', 26302, 'HOAW19930215MKRLI2');
insert into Empleado (nombre, apellidoPaterno, apellidoMaterno, genero, nacimiento, calle, num, ciudad, CP, CURP) values ('Ora', 'Cate', 'Guglielma', 'F', '03/28/1999', 'Norway Maple', '27356', 'Sampaio', 41439, 'CAGO19990328FSTUR5');
insert into Empleado (nombre, apellidoPaterno, apellidoMaterno, genero, nacimiento, calle, num, ciudad, CP, CURP) values ('Riva', 'Julianne', 'Roseline', 'F', '06/23/1987', 'Namekagon', '29', 'Izyum', 85641, 'JURR19870623FILOI4');
insert into Empleado (nombre, apellidoPaterno, apellidoMaterno, genero, nacimiento, calle, num, ciudad, CP, CURP) values ('Shelba', 'Augusta', 'Janet', 'F', '01/16/1987', 'Division', '3', 'Xinxing', 10797, 'AUJS19870116FXGAH2');
insert into Empleado (nombre, apellidoPaterno, apellidoMaterno, genero, nacimiento, calle, num, ciudad, CP, CURP) values ('Meredeth', 'Eziechiele', 'Byrann', 'M', '09/20/1983', 'Bluejay', '4857', 'Ibiporã', 62665, 'EZBM19830920MIIYE9');
insert into Empleado (nombre, apellidoPaterno, apellidoMaterno, genero, nacimiento, calle, num, ciudad, CP, CURP) values ('Karlens', 'Freemon', 'Berton', 'M', '01/05/1996', 'Nobel', '4', 'Patea', 98174, 'FRBK19960105MPEEA6');
insert into Empleado (nombre, apellidoPaterno, apellidoMaterno, genero, nacimiento, calle, num, ciudad, CP, CURP) values ('Laverne', 'Brande', 'Devonne', 'F', '03/23/1994', 'Arkansas', '2', 'Inta', 38548, 'BRDL19940323FIAEA7');
insert into Empleado (nombre, apellidoPaterno, apellidoMaterno, genero, nacimiento, calle, num, ciudad, CP, CURP) values ('Stevy', 'Kahlil', 'Walsh', 'M', '12/22/1999', 'Starling', '7', 'Cintawana', 16059, 'KAWS19991222MCHAT2');
insert into Empleado (nombre, apellidoPaterno, apellidoMaterno, genero, nacimiento, calle, num, ciudad, CP, CURP) values ('Bearnard', 'Lionello', 'Andrew', 'M', '08/11/1985', 'Anzinger', '7617', 'Sarapul', 12291, 'LIAB19850811MSONE3');
insert into Empleado (nombre, apellidoPaterno, apellidoMaterno, genero, nacimiento, calle, num, ciudad, CP, CURP) values ('Morganica', 'Bertha', 'Adelina', 'F', '01/27/1985', 'Mccormick', '62', 'Kuantian', 75020, 'BEAM19850127FKRDO0');
insert into Empleado (nombre, apellidoPaterno, apellidoMaterno, genero, nacimiento, calle, num, ciudad, CP, CURP) values ('Ber', 'Micky', 'Aron', 'M', '07/14/1985', 'Hanover', '729', 'Arcos de Valdevez', 74355, 'MIAB19850714MACRE6');
insert into Empleado (nombre, apellidoPaterno, apellidoMaterno, genero, nacimiento, calle, num, ciudad, CP, CURP) values ('Meryl', 'Jessamine', 'Torrie', 'F', '03/04/1988', 'Gateway', '386', 'Zishan', 45886, 'JETM19880304FZSOE3');
insert into Empleado (nombre, apellidoPaterno, apellidoMaterno, genero, nacimiento, calle, num, ciudad, CP, CURP) values ('Wye', 'Woodrow', 'Stefano', 'M', '01/28/1990', 'Trailsway', '922', 'Trzciana', 77671, 'WOSW19900128MTOTY3');
insert into Empleado (nombre, apellidoPaterno, apellidoMaterno, genero, nacimiento, calle, num, ciudad, CP, CURP) values ('Kermie', 'Tibold', 'Eward', 'M', '05/02/1993', 'Brickson Park', '17711', 'Paraćin', 92217, 'TIEK19930502MPBWE9');
insert into Empleado (nombre, apellidoPaterno, apellidoMaterno, genero, nacimiento, calle, num, ciudad, CP, CURP) values ('Way', 'Bastien', 'Rand', 'M', '10/31/1994', 'Surrey', '7315', 'Xinbu', 70737, 'BARW19941031MXSAA0');
insert into Empleado (nombre, apellidoPaterno, apellidoMaterno, genero, nacimiento, calle, num, ciudad, CP, CURP) values ('Jerry', 'Emmett', 'Clair', 'M', '03/02/1992', 'Stang', '6703', 'Kidangbang', 79456, 'EMCJ19920302MKMLE1');
insert into Empleado (nombre, apellidoPaterno, apellidoMaterno, genero, nacimiento, calle, num, ciudad, CP, CURP) values ('Quill', 'Sergeant', 'Haven', 'M', '08/17/1988', 'John Wall', '78', 'Pulo', 36520, 'SEHQ19880817MPRAU1');
insert into Empleado (nombre, apellidoPaterno, apellidoMaterno, genero, nacimiento, calle, num, ciudad, CP, CURP) values ('Lin', 'Dulcea', 'Ruthy', 'F', '12/08/1984', 'Nobel', '4486', 'Dagup', 19260, 'DURL19841208FDLUI4');
insert into Empleado (nombre, apellidoPaterno, apellidoMaterno, genero, nacimiento, calle, num, ciudad, CP, CURP) values ('Evangeline', 'Sonja', 'Hyacinthia', 'F', '06/13/1985', 'Hayes', '09215', 'Sanana', 93758, 'SOHE19850613FSNYV9');
insert into Empleado (nombre, apellidoPaterno, apellidoMaterno, genero, nacimiento, calle, num, ciudad, CP, CURP) values ('Brittaney', 'Janela', 'Ulrika', 'F', '09/13/1995', 'Graedel', '18', 'Witbank', 69628, 'JAUB19950913FWNLR2');
insert into Empleado (nombre, apellidoPaterno, apellidoMaterno, genero, nacimiento, calle, num, ciudad, CP, CURP) values ('Ajay', 'Malia', 'Selestina', 'F', '03/25/1982', 'Forest Dale', '5786', 'Duwaktenggi', 38179, 'MASA19820325FDLEJ6');
insert into Empleado (nombre, apellidoPaterno, apellidoMaterno, genero, nacimiento, calle, num, ciudad, CP, CURP) values ('Kathryn', 'Debra', 'Consuela', 'F', '07/03/1984', 'Sunnyside', '24', 'Siteki', 73593, 'DECK19840703FSBOA2');
insert into Empleado (nombre, apellidoPaterno, apellidoMaterno, genero, nacimiento, calle, num, ciudad, CP, CURP) values ('Lissie', 'Audy', 'Robbin', 'F', '10/06/1996', 'Mitchell', '2753', 'Verkhniy Landekh', 67843, 'AURL19961006FVDOI5');
insert into Empleado (nombre, apellidoPaterno, apellidoMaterno, genero, nacimiento, calle, num, ciudad, CP, CURP) values ('Ferdy', 'Barrett', 'Renard', 'M', '12/07/1994', 'Emmet', '47', 'Čakovec', 35434, 'BARF19941207MČREE4');
insert into Empleado (nombre, apellidoPaterno, apellidoMaterno, genero, nacimiento, calle, num, ciudad, CP, CURP) values ('Ursuline', 'Brena', 'Renee', 'F', '12/20/1996', 'Sundown', '5', 'Tebon', 22246, 'BRRU19961220FTEER1');
insert into Empleado (nombre, apellidoPaterno, apellidoMaterno, genero, nacimiento, calle, num, ciudad, CP, CURP) values ('Ari', 'Edd', 'Miller', 'M', '09/24/1999', 'Scofield', '12', 'Zamarski', 19332, 'EDMA19990924MZDIR7');
insert into Empleado (nombre, apellidoPaterno, apellidoMaterno, genero, nacimiento, calle, num, ciudad, CP, CURP) values ('Kerianne', 'Ofilia', 'Cheri', 'F', '05/11/1991', 'Basil', '236', 'Sala', 36126, 'OFCK19910511FSIHE9');
insert into Empleado (nombre, apellidoPaterno, apellidoMaterno, genero, nacimiento, calle, num, ciudad, CP, CURP) values ('Lorette', 'Cathee', 'Gwenette', 'F', '08/04/2000', 'Brown', '0', 'San Francisco', 68440, 'CAGL20000804FSTWO9');
insert into Empleado (nombre, apellidoPaterno, apellidoMaterno, genero, nacimiento, calle, num, ciudad, CP, CURP) values ('Jarrid', 'Rowan', 'Waylan', 'M', '01/03/1999', 'Rowland', '9475', 'Carcassonne', 66105, 'ROWJ19990103MCWAA2');
insert into Empleado (nombre, apellidoPaterno, apellidoMaterno, genero, nacimiento, calle, num, ciudad, CP, CURP) values ('Mandi', 'Debee', 'Gaby', 'F', '07/16/1983', 'Sloan', '9', 'Kuniran', 89566, 'DEGM19830716FKBAA4');
insert into Empleado (nombre, apellidoPaterno, apellidoMaterno, genero, nacimiento, calle, num, ciudad, CP, CURP) values ('Denyse', 'Marysa', 'Selle', 'F', '01/25/1992', 'Cottonwood', '2185', 'Thanh Ba', 84811, 'MASD19920125FTREE0');
insert into Empleado (nombre, apellidoPaterno, apellidoMaterno, genero, nacimiento, calle, num, ciudad, CP, CURP) values ('Nichole', 'Gib', 'Griffith', 'M', '03/04/1982', 'Dwight', '212', 'Mkushi', 64890, 'GIGN19820304MMBRI3');
insert into Empleado (nombre, apellidoPaterno, apellidoMaterno, genero, nacimiento, calle, num, ciudad, CP, CURP) values ('Blair', 'Pascal', 'Kleon', 'M', '10/26/1996', 'Kim', '139', 'Kwangju', 62193, 'PAKB19961026MKSLL1');
insert into Empleado (nombre, apellidoPaterno, apellidoMaterno, genero, nacimiento, calle, num, ciudad, CP, CURP) values ('Cleopatra', 'Ebonee', 'Theo', 'F', '11/14/1994', 'Lyons', '0566', 'Lille', 16374, 'EBTC19941114FLOHL1');
insert into Empleado (nombre, apellidoPaterno, apellidoMaterno, genero, nacimiento, calle, num, ciudad, CP, CURP) values ('Aprilette', 'Bobine', 'Leia', 'F', '07/27/1996', 'Manitowish', '2393', 'Kembé', 53827, 'BOLA19960727FKBEP3');
insert into Empleado (nombre, apellidoPaterno, apellidoMaterno, genero, nacimiento, calle, num, ciudad, CP, CURP) values ('Allsun', 'Anna', 'Glenda', 'F', '03/14/1998', 'Anthes', '3', 'Orlovo', 42479, 'ANGA19980314FONLL5');
insert into Empleado (nombre, apellidoPaterno, apellidoMaterno, genero, nacimiento, calle, num, ciudad, CP, CURP) values ('Oralie', 'Renee', 'Dore', 'F', '04/06/1985', 'Fulton', '57996', 'Murygino', 96405, 'REDO19850406FMNOR4');
insert into Empleado (nombre, apellidoPaterno, apellidoMaterno, genero, nacimiento, calle, num, ciudad, CP, CURP) values ('Ozzy', 'Esra', 'Thoma', 'M', '06/29/1986', 'Clyde Gallagher', '14', 'Cubatão', 95701, 'ESTO19860629MCRHZ8');
insert into Empleado (nombre, apellidoPaterno, apellidoMaterno, genero, nacimiento, calle, num, ciudad, CP, CURP) values ('Dahlia', 'Dorelle', 'Tony', 'F', '11/03/1982', 'Little Fleur', '44', 'Zhanghua', 37173, 'DOTD19821103FZROA9');
insert into Empleado (nombre, apellidoPaterno, apellidoMaterno, genero, nacimiento, calle, num, ciudad, CP, CURP) values ('Natale', 'Bartolomeo', 'Nat', 'M', '01/17/1985', 'Memorial', '665', 'Concepción del Bermejo', 71063, 'BANN19850117MCRAA5');
insert into Empleado (nombre, apellidoPaterno, apellidoMaterno, genero, nacimiento, calle, num, ciudad, CP, CURP) values ('Franciskus', 'Erskine', 'Gardy', 'M', '07/17/1988', 'Schlimgen', '97306', 'Dzhalka', 29385, 'ERGF19880717MDSAR2');
insert into Empleado (nombre, apellidoPaterno, apellidoMaterno, genero, nacimiento, calle, num, ciudad, CP, CURP) values ('Devora', 'Estelle', 'Agnella', 'F', '04/09/1989', 'Crownhardt', '768', 'Postřekov', 99021, 'ESAD19890409FPTGE8');
insert into Empleado (nombre, apellidoPaterno, apellidoMaterno, genero, nacimiento, calle, num, ciudad, CP, CURP) values ('Siegfried', 'Norby', 'Durward', 'M', '08/12/1999', 'Shopko', '45597', 'Komletinci', 72792, 'NODS19990812MKRUI2');
insert into Empleado (nombre, apellidoPaterno, apellidoMaterno, genero, nacimiento, calle, num, ciudad, CP, CURP) values ('Marietta', 'Aubert', 'Pyotr', 'M', '01/16/1988', 'Golf', '88', 'Verd', 65081, 'AUPM19880116MVBYA7');
insert into Empleado (nombre, apellidoPaterno, apellidoMaterno, genero, nacimiento, calle, num, ciudad, CP, CURP) values ('Turner', 'Geoff', 'Garwin', 'M', '12/07/1981', 'Corry', '070', 'Luts’k', 92289, 'GEGT19811207MLOAU2');
insert into Empleado (nombre, apellidoPaterno, apellidoMaterno, genero, nacimiento, calle, num, ciudad, CP, CURP) values ('Salvador', 'Maury', 'Heywood', 'M', '05/02/1982', 'Stuart', '3848', 'Ognevka', 77139, 'MAHS19820502MOUEA4');
insert into Empleado (nombre, apellidoPaterno, apellidoMaterno, genero, nacimiento, calle, num, ciudad, CP, CURP) values ('Abran', 'Mattheus', 'Jeramey', 'M', '02/23/1986', 'Grayhawk', '897', 'Tamano', 91610, 'MAJA19860223MTTEB3');
insert into Empleado (nombre, apellidoPaterno, apellidoMaterno, genero, nacimiento, calle, num, ciudad, CP, CURP) values ('Teador', 'Reider', 'Maximo', 'M', '06/30/1989', 'Namekagon', '1', 'Loja', 65150, 'REMT19890630MLIAE9');
insert into Empleado (nombre, apellidoPaterno, apellidoMaterno, genero, nacimiento, calle, num, ciudad, CP, CURP) values ('Gertruda', 'Lib', 'Calypso', 'F', '04/04/1996', 'Anhalt', '59', 'Zipárion', 28727, 'LICG19960404FZBAE7');
insert into Empleado (nombre, apellidoPaterno, apellidoMaterno, genero, nacimiento, calle, num, ciudad, CP, CURP) values ('Desmund', 'Lewie', 'Osborne', 'M', '12/17/1994', 'West', '368', 'Santa Maria', 94657, 'LEOD19941217MSWSE7');
insert into Empleado (nombre, apellidoPaterno, apellidoMaterno, genero, nacimiento, calle, num, ciudad, CP, CURP) values ('Chalmers', 'Ronny', 'Griffin', 'M', '02/13/2000', 'Waxwing', '487', 'Hehu', 29585, 'ROGC20000213MHNRH9');
insert into Empleado (nombre, apellidoPaterno, apellidoMaterno, genero, nacimiento, calle, num, ciudad, CP, CURP) values ('Guglielma', 'Marian', 'Lorry', 'F', '07/14/1982', 'Mifflin', '74735', 'Badou', 78365, 'MALG19820714FBROU8');
insert into Empleado (nombre, apellidoPaterno, apellidoMaterno, genero, nacimiento, calle, num, ciudad, CP, CURP) values ('Garland', 'Jacquette', 'Caren', 'F', '07/04/1995', 'Dapin', '66', 'Primero de Enero', 64453, 'JACG19950704FPCAA2');
insert into Empleado (nombre, apellidoPaterno, apellidoMaterno, genero, nacimiento, calle, num, ciudad, CP, CURP) values ('Guthry', 'Bear', 'Galen', 'M', '06/09/1989', 'Columbus', '34', 'Konārak', 61479, 'BEGG19890609MKAAU0');
insert into Empleado (nombre, apellidoPaterno, apellidoMaterno, genero, nacimiento, calle, num, ciudad, CP, CURP) values ('Gare', 'Franchot', 'Jesus', 'M', '06/14/1988', 'Lighthouse Bay', '1878', 'Roshnik', 65940, 'FRJG19880614MRAEA3');
insert into Empleado (nombre, apellidoPaterno, apellidoMaterno, genero, nacimiento, calle, num, ciudad, CP, CURP) values ('Della', 'Marylinda', 'Farand', 'F', '04/03/1982', 'Trailsway', '0735', 'Pushchino', 32205, 'MAFD19820403FPRAE7');
insert into Empleado (nombre, apellidoPaterno, apellidoMaterno, genero, nacimiento, calle, num, ciudad, CP, CURP) values ('Dasha', 'Reiko', 'Leslie', 'F', '11/18/1993', 'Vahlen', '4', 'Aramayuan', 23807, 'RELD19931118FAIEA1');
insert into Empleado (nombre, apellidoPaterno, apellidoMaterno, genero, nacimiento, calle, num, ciudad, CP, CURP) values ('Prisca', 'Persis', 'Orelee', 'F', '07/15/1994', 'Blackbird', '67792', 'Kujung', 27687, 'PEOP19940715FKRRR4');
insert into Empleado (nombre, apellidoPaterno, apellidoMaterno, genero, nacimiento, calle, num, ciudad, CP, CURP) values ('Jasen', 'Thomas', 'Riley', 'M', '07/13/1982', 'Havey', '69', 'Örebro', 67285, 'THRJ19820713MÖOIA0');
insert into Empleado (nombre, apellidoPaterno, apellidoMaterno, genero, nacimiento, calle, num, ciudad, CP, CURP) values ('Evy', 'Selie', 'Oralee', 'F', '02/18/1997', 'Cordelia', '8', 'Timmins', 48560, 'SEOE19970218FTLRV3');
insert into Empleado (nombre, apellidoPaterno, apellidoMaterno, genero, nacimiento, calle, num, ciudad, CP, CURP) values ('Tandy', 'Helena', 'Rosamund', 'F', '09/29/1991', 'Red Cloud', '6', 'Norrköping', 38172, 'HERT19910929FNLOA0');
insert into Empleado (nombre, apellidoPaterno, apellidoMaterno, genero, nacimiento, calle, num, ciudad, CP, CURP) values ('Moina', 'Allys', 'Adriana', 'F', '04/05/1988', 'Buell', '4683', 'Akure', 70480, 'ALAM19880405FALDO0');
insert into Empleado (nombre, apellidoPaterno, apellidoMaterno, genero, nacimiento, calle, num, ciudad, CP, CURP) values ('Kinsley', 'Merell', 'Adolph', 'M', '11/05/1997', 'Ridgeway', '852', 'Fuling', 38738, 'MEAK19971105MFRDI9');
insert into Empleado (nombre, apellidoPaterno, apellidoMaterno, genero, nacimiento, calle, num, ciudad, CP, CURP) values ('Bogart', 'Allayne', 'Kort', 'M', '03/14/1989', 'Eggendart', '3044', 'Lobatse', 24104, 'ALKB19890314MLLOO5');
insert into Empleado (nombre, apellidoPaterno, apellidoMaterno, genero, nacimiento, calle, num, ciudad, CP, CURP) values ('Ruddie', 'Read', 'Philip', 'M', '01/07/1995', 'Longview', '19', 'Hässleholm', 61975, 'REPR19950107MHAHU0');
insert into Empleado (nombre, apellidoPaterno, apellidoMaterno, genero, nacimiento, calle, num, ciudad, CP, CURP) values ('Hurlee', 'Taylor', 'Ike', 'M', '07/13/1992', 'Twin Pines', '1', 'Straszydle', 52939, 'TAIH19920713MSYKU3');
insert into Empleado (nombre, apellidoPaterno, apellidoMaterno, genero, nacimiento, calle, num, ciudad, CP, CURP) values ('Filippa', 'Caressa', 'Hadria', 'F', '03/20/1986', 'Myrtle', '2569', 'Norrtälje', 89306, 'CAHF19860320FNRAI5');
insert into Empleado (nombre, apellidoPaterno, apellidoMaterno, genero, nacimiento, calle, num, ciudad, CP, CURP) values ('Ricki', 'Reese', 'Egan', 'M', '09/05/1991', 'Farmco', '856', 'Hikone', 11903, 'REER19910905MHEGI9');
insert into Empleado (nombre, apellidoPaterno, apellidoMaterno, genero, nacimiento, calle, num, ciudad, CP, CURP) values ('Vic', 'Ignacio', 'Homer', 'M', '01/14/1999', 'Village', '4709', 'Idfu', 65980, 'IGHV19990114MINOI5');
insert into Empleado (nombre, apellidoPaterno, apellidoMaterno, genero, nacimiento, calle, num, ciudad, CP, CURP) values ('Imelda', 'Cybil', 'Murial', 'F', '06/12/1992', 'Oak Valley', '869', 'Vitry-sur-Seine', 55054, 'CYMI19920612FVBUM3');
insert into Empleado (nombre, apellidoPaterno, apellidoMaterno, genero, nacimiento, calle, num, ciudad, CP, CURP) values ('Parnell', 'Gib', 'Antony', 'M', '06/23/1997', 'Schmedeman', '5', 'Ivanovo', 32409, 'GIAP19970623MIBNA7');
insert into Empleado (nombre, apellidoPaterno, apellidoMaterno, genero, nacimiento, calle, num, ciudad, CP, CURP) values ('Brandtr', 'Flory', 'Griffie', 'M', '12/25/1998', 'Northridge', '29', 'Ganyan', 49265, 'FLGB19981225MGORR7');
insert into Empleado (nombre, apellidoPaterno, apellidoMaterno, genero, nacimiento, calle, num, ciudad, CP, CURP) values ('Clarita', 'Datha', 'Shirleen', 'F', '05/16/1982', 'Acker', '01297', 'Giemdiem', 97760, 'DASC19820516FGTHL2');
insert into Empleado (nombre, apellidoPaterno, apellidoMaterno, genero, nacimiento, calle, num, ciudad, CP, CURP) values ('Pippo', 'Hii', 'Gearalt', 'M', '08/11/1982', 'Anthes', '8837', 'San José de Cusmapa', 44091, 'HIGP19820811MSIEI7');
insert into Empleado (nombre, apellidoPaterno, apellidoMaterno, genero, nacimiento, calle, num, ciudad, CP, CURP) values ('Devlen', 'Erwin', 'Banky', 'M', '04/17/1988', 'Thackeray', '11', 'Chumphon Buri', 99847, 'ERBD19880417MCWAE4');
insert into Empleado (nombre, apellidoPaterno, apellidoMaterno, genero, nacimiento, calle, num, ciudad, CP, CURP) values ('Christophe', 'Mendy', 'Tobe', 'M', '07/13/1993', 'Bunting', '0', 'Victoria', 78882, 'METC19930713MVNOH3');
insert into Empleado (nombre, apellidoPaterno, apellidoMaterno, genero, nacimiento, calle, num, ciudad, CP, CURP) values ('Brena', 'Fulvia', 'Dede', 'F', '06/09/1998', 'Coleman', '51651', 'Maliq', 78876, 'FUDB19980609FMLER5');
insert into Empleado (nombre, apellidoPaterno, apellidoMaterno, genero, nacimiento, calle, num, ciudad, CP, CURP) values ('Clemente', 'Addison', 'Aldous', 'M', '07/26/1984', 'Judy', '0550', 'La Soledad', 62661, 'ADAC19840726MLDLL3');
insert into Empleado (nombre, apellidoPaterno, apellidoMaterno, genero, nacimiento, calle, num, ciudad, CP, CURP) values ('Etan', 'Stephen', 'Yank', 'M', '07/25/1999', 'Declaration', '1685', 'Tabira', 68184, 'STYE19990725MTEAT9');
insert into Empleado (nombre, apellidoPaterno, apellidoMaterno, genero, nacimiento, calle, num, ciudad, CP, CURP) values ('Consalve', 'Kevon', 'Reagan', 'M', '03/31/1986', 'Mosinee', '75', 'Albardón', 81853, 'KERC19860331MAVEO2');
insert into Empleado (nombre, apellidoPaterno, apellidoMaterno, genero, nacimiento, calle, num, ciudad, CP, CURP) values ('Babbie', 'Cam', 'Kippy', 'F', '07/04/1999', 'Leroy', '23831', 'Honglong', 31512, 'CAKB19990704FHMIA8');
insert into Empleado (nombre, apellidoPaterno, apellidoMaterno, genero, nacimiento, calle, num, ciudad, CP, CURP) values ('Alexandre', 'Hall', 'Ralf', 'M', '12/15/1989', 'Muir', '119', 'Bununu Kasa', 28037, 'HARA19891215MBLAL2');
insert into Empleado (nombre, apellidoPaterno, apellidoMaterno, genero, nacimiento, calle, num, ciudad, CP, CURP) values ('Augie', 'Cece', 'Levin', 'M', '07/03/1982', 'Lerdahl', '9', 'Santa Rosa', 18021, 'CELA19820703MSCEU8');
insert into Empleado (nombre, apellidoPaterno, apellidoMaterno, genero, nacimiento, calle, num, ciudad, CP, CURP) values ('Alf', 'Hort', 'Greggory', 'M', '01/19/1983', 'Prentice', '36', 'Inari', 34211, 'HOGA19830119MIRRL5');
insert into Empleado (nombre, apellidoPaterno, apellidoMaterno, genero, nacimiento, calle, num, ciudad, CP, CURP) values ('Florry', 'Dionis', 'Elana', 'F', '08/07/1999', 'Knutson', '766', 'Lukavice', 99013, 'DIEF19990807FLOLL4');
insert into Empleado (nombre, apellidoPaterno, apellidoMaterno, genero, nacimiento, calle, num, ciudad, CP, CURP) values ('Nichole', 'Dennet', 'Douglas', 'M', '09/22/1989', 'Gale', '3706', 'Gaotang', 14611, 'DEDN19890922MGNOI2');
insert into Empleado (nombre, apellidoPaterno, apellidoMaterno, genero, nacimiento, calle, num, ciudad, CP, CURP) values ('Gaspar', 'Forrest', 'Alyosha', 'M', '01/16/1998', 'Hintze', '8', 'Austin', 45937, 'FOAG19980116MARLA3');
insert into Empleado (nombre, apellidoPaterno, apellidoMaterno, genero, nacimiento, calle, num, ciudad, CP, CURP) values ('Parnell', 'Arnaldo', 'Haroun', 'M', '02/07/1986', 'Westridge', '5315', 'Wilcza', 33465, 'ARHP19860207MWNAA2');
insert into Empleado (nombre, apellidoPaterno, apellidoMaterno, genero, nacimiento, calle, num, ciudad, CP, CURP) values ('Davis', 'Claybourne', 'Gerek', 'M', '12/18/1986', 'Westport', '9215', 'Dukou', 60607, 'CLGD19861218MDAEA8');
insert into Empleado (nombre, apellidoPaterno, apellidoMaterno, genero, nacimiento, calle, num, ciudad, CP, CURP) values ('Stormi', 'Ranice', 'Birdie', 'F', '11/11/1988', 'Morning', '746', 'Terong', 27338, 'RABS19881111FTNIT4');
insert into Empleado (nombre, apellidoPaterno, apellidoMaterno, genero, nacimiento, calle, num, ciudad, CP, CURP) values ('Conan', 'Davy', 'Roy', 'M', '03/04/1987', '7th', '9', 'Namur', 99140, 'DARC19870304MNVOO1');
insert into Empleado (nombre, apellidoPaterno, apellidoMaterno, genero, nacimiento, calle, num, ciudad, CP, CURP) values ('Kendrick', 'Payton', 'Far', 'M', '10/10/1983', 'Melvin', '27', 'North Side', 91962, 'PAFK19831010MNYAE8');
insert into Empleado (nombre, apellidoPaterno, apellidoMaterno, genero, nacimiento, calle, num, ciudad, CP, CURP) values ('Cooper', 'Mortimer', 'Llewellyn', 'M', '12/21/1990', 'Butterfield', '085', 'Liudaogou', 97792, 'MOLC19901221MLRLO9');
insert into Empleado (nombre, apellidoPaterno, apellidoMaterno, genero, nacimiento, calle, num, ciudad, CP, CURP) values ('Tiphani', 'Merry', 'Selena', 'F', '05/22/1987', 'Chinook', '5', 'Chefchaouene', 79802, 'MEST19870522FCREI9');
insert into Empleado (nombre, apellidoPaterno, apellidoMaterno, genero, nacimiento, calle, num, ciudad, CP, CURP) values ('Redd', 'Symon', 'Francesco', 'M', '07/03/1981', 'Hansons', '4', 'Fílla', 67878, 'SYFR19810703MFMRE6');
insert into Empleado (nombre, apellidoPaterno, apellidoMaterno, genero, nacimiento, calle, num, ciudad, CP, CURP) values ('Channa', 'Nady', 'Kimberli', 'F', '11/23/1993', 'Hudson', '753', 'Sabae', 26264, 'NAKC19931123FSDIH9');
insert into Empleado (nombre, apellidoPaterno, apellidoMaterno, genero, nacimiento, calle, num, ciudad, CP, CURP) values ('Katy', 'Nissy', 'Eleanore', 'F', '07/19/1985', 'Haas', '89', 'Babice', 42247, 'NIEK19850719FBSLA9');
insert into Empleado (nombre, apellidoPaterno, apellidoMaterno, genero, nacimiento, calle, num, ciudad, CP, CURP) values ('Brietta', 'Darby', 'Ursala', 'F', '12/13/1984', 'Lotheville', '633', 'Tarsouat', 84616, 'DAUB19841213FTRRR0');
insert into Empleado (nombre, apellidoPaterno, apellidoMaterno, genero, nacimiento, calle, num, ciudad, CP, CURP) values ('Albina', 'Prisca', 'Darda', 'F', '07/28/1995', 'Delladonna', '635', 'Riversdale', 28443, 'PRDA19950728FRIAL3');
insert into Empleado (nombre, apellidoPaterno, apellidoMaterno, genero, nacimiento, calle, num, ciudad, CP, CURP) values ('Jayme', 'Venus', 'Zuzana', 'F', '07/15/1999', 'Sauthoff', '17', 'Schengen', 99939, 'VEZJ19990715FSNUA9');
insert into Empleado (nombre, apellidoPaterno, apellidoMaterno, genero, nacimiento, calle, num, ciudad, CP, CURP) values ('Kleon', 'Kellen', 'Westbrooke', 'M', '03/09/1998', 'Bluestem', '402', 'Belmullet', 81437, 'KEWK19980309MBLEL9');
insert into Empleado (nombre, apellidoPaterno, apellidoMaterno, genero, nacimiento, calle, num, ciudad, CP, CURP) values ('Norbie', 'Kiley', 'Zared', 'M', '11/26/1981', 'Mockingbird', '271', 'Izazi', 63307, 'KIZN19811126MILAO0');
insert into Empleado (nombre, apellidoPaterno, apellidoMaterno, genero, nacimiento, calle, num, ciudad, CP, CURP) values ('Thaddus', 'Martin', 'Axe', 'M', '06/17/1987', 'Stephen', '832', 'Hengshitang', 39320, 'MAAT19870617MHRXH8');
insert into Empleado (nombre, apellidoPaterno, apellidoMaterno, genero, nacimiento, calle, num, ciudad, CP, CURP) values ('Ronni', 'Wrennie', 'Tobye', 'F', '11/02/1992', 'Loeprich', '071', 'Priiskovyy', 64263, 'WRTR19921102FPEOO5');
insert into Empleado (nombre, apellidoPaterno, apellidoMaterno, genero, nacimiento, calle, num, ciudad, CP, CURP) values ('Kendricks', 'Clayton', 'Harp', 'M', '05/20/1992', 'Ramsey', '22', 'Talmest', 37833, 'CLHK19920520MTAAE1');
insert into Empleado (nombre, apellidoPaterno, apellidoMaterno, genero, nacimiento, calle, num, ciudad, CP, CURP) values ('Meredith', 'Jeramie', 'Buiron', 'M', '10/02/1981', 'Melody', '4884', 'Schenectady', 65809, 'JEBM19811002MSRUE6');
insert into Empleado (nombre, apellidoPaterno, apellidoMaterno, genero, nacimiento, calle, num, ciudad, CP, CURP) values ('Rosalynd', 'Jany', 'Cornie', 'F', '10/23/1990', 'Sunbrook', '3019', 'Apeldoorn', 44742, 'JACR19901023FANOO8');
insert into Empleado (nombre, apellidoPaterno, apellidoMaterno, genero, nacimiento, calle, num, ciudad, CP, CURP) values ('Osborn', 'Worthy', 'Desmond', 'M', '09/03/1981', 'Raven', '68', 'Xarrë', 65754, 'WODO19810903MXRES0');
insert into Empleado (nombre, apellidoPaterno, apellidoMaterno, genero, nacimiento, calle, num, ciudad, CP, CURP) values ('Rutledge', 'Bartram', 'Shadow', 'M', '12/29/1982', 'Crowley', '8', 'Selaphum', 98427, 'BASR19821229MSRHU5');
insert into Empleado (nombre, apellidoPaterno, apellidoMaterno, genero, nacimiento, calle, num, ciudad, CP, CURP) values ('Annabal', 'Lilli', 'Nomi', 'F', '08/08/1987', 'Paget', '5', 'Kumanovo', 87118, 'LINA19870808FKLON0');
insert into Empleado (nombre, apellidoPaterno, apellidoMaterno, genero, nacimiento, calle, num, ciudad, CP, CURP) values ('Randolf', 'Michail', 'Feliks', 'M', '04/03/1997', 'Portage', '087', 'San Pascual', 83199, 'MIFR19970403MSCEA3');
insert into Empleado (nombre, apellidoPaterno, apellidoMaterno, genero, nacimiento, calle, num, ciudad, CP, CURP) values ('Ellwood', 'Iosep', 'Hector', 'M', '08/24/1991', 'Farragut', '45801', 'Portumna', 65689, 'IOHE19910824MPSEL3');
insert into Empleado (nombre, apellidoPaterno, apellidoMaterno, genero, nacimiento, calle, num, ciudad, CP, CURP) values ('Abbe', 'Lissi', 'Krissy', 'F', '11/12/1989', 'Darwin', '56', 'Castelsarrasin', 65584, 'LIKA19891112FCSRB8');
insert into Empleado (nombre, apellidoPaterno, apellidoMaterno, genero, nacimiento, calle, num, ciudad, CP, CURP) values ('Dion', 'Maddie', 'Tome', 'M', '09/19/1987', 'Lake View', '40938', 'Hultsfred', 72971, 'MATD19870919MHDOI2');
insert into Empleado (nombre, apellidoPaterno, apellidoMaterno, genero, nacimiento, calle, num, ciudad, CP, CURP) values ('Ulric', 'Alexander', 'Aron', 'M', '12/18/1999', 'Meadow Valley', '88', 'Imatra', 55754, 'ALAU19991218MIERL5');
insert into Empleado (nombre, apellidoPaterno, apellidoMaterno, genero, nacimiento, calle, num, ciudad, CP, CURP) values ('Trenton', 'Niko', 'Isidoro', 'M', '12/21/1995', 'Lakeland', '877', 'Tisma', 57175, 'NIIT19951221MTKSR6');
insert into Empleado (nombre, apellidoPaterno, apellidoMaterno, genero, nacimiento, calle, num, ciudad, CP, CURP) values ('Lela', 'Joella', 'Ilene', 'F', '08/04/1994', 'Maryland', '4640', 'Carlton', 13271, 'JOIL19940804FCELE5');
insert into Empleado (nombre, apellidoPaterno, apellidoMaterno, genero, nacimiento, calle, num, ciudad, CP, CURP) values ('Robinson', 'Arley', 'Galvin', 'M', '12/02/1998', 'Holy Cross', '40', 'Gorelki', 57459, 'ARGR19981202MGLAO0');
insert into Empleado (nombre, apellidoPaterno, apellidoMaterno, genero, nacimiento, calle, num, ciudad, CP, CURP) values ('Tobey', 'Erica', 'Shelia', 'F', '09/23/1992', 'Everett', '170', 'Springfield', 56489, 'ERST19920923FSIHO5');
insert into Empleado (nombre, apellidoPaterno, apellidoMaterno, genero, nacimiento, calle, num, ciudad, CP, CURP) values ('Rivy', 'Ardra', 'Devi', 'F', '06/03/1998', 'John Wall', '25328', 'Merefa', 72327, 'ARDR19980603FMDEI8');
insert into Empleado (nombre, apellidoPaterno, apellidoMaterno, genero, nacimiento, calle, num, ciudad, CP, CURP) values ('Raphaela', 'Marlyn', 'Mae', 'F', '04/17/1988', 'Forest Run', '85', 'Neofbaun', 37392, 'MAMR19880417FNRAA2');
insert into Empleado (nombre, apellidoPaterno, apellidoMaterno, genero, nacimiento, calle, num, ciudad, CP, CURP) values ('Chrissie', 'Kellina', 'Amelita', 'F', '12/17/1995', 'Birchwood', '5', 'Ilebo', 26865, 'KEAC19951217FILMH0');
insert into Empleado (nombre, apellidoPaterno, apellidoMaterno, genero, nacimiento, calle, num, ciudad, CP, CURP) values ('Byron', 'Riobard', 'Herby', 'M', '01/24/1994', 'Hooker', '33366', 'Chakou', 40700, 'RIHB19940124MCOEY0');
insert into Empleado (nombre, apellidoPaterno, apellidoMaterno, genero, nacimiento, calle, num, ciudad, CP, CURP) values ('Hillyer', 'Patton', 'Addie', 'M', '08/22/1997', 'Sutherland', '75', 'Langnga', 90838, 'PAAH19970822MLTDI8');
insert into Empleado (nombre, apellidoPaterno, apellidoMaterno, genero, nacimiento, calle, num, ciudad, CP, CURP) values ('Helaina', 'Bebe', 'Hedvige', 'F', '05/20/1995', 'Ridge Oak', '16', 'Matou', 92959, 'BEHH19950520FMBEE2');
insert into Empleado (nombre, apellidoPaterno, apellidoMaterno, genero, nacimiento, calle, num, ciudad, CP, CURP) values ('Edith', 'Jazmin', 'Austina', 'F', '07/04/1988', 'Morrow', '0234', 'Bantu', 52757, 'JAAE19880704FBZUD9');
insert into Empleado (nombre, apellidoPaterno, apellidoMaterno, genero, nacimiento, calle, num, ciudad, CP, CURP) values ('Aldin', 'Nehemiah', 'Hunter', 'M', '08/21/1998', 'Meadow Vale', '6769', 'Gongbuxue', 76092, 'NEHA19980821MGHUL4');
insert into Empleado (nombre, apellidoPaterno, apellidoMaterno, genero, nacimiento, calle, num, ciudad, CP, CURP) values ('Sharyl', 'Valencia', 'Grazia', 'F', '10/22/1989', 'Comanche', '73', 'Revda', 59092, 'VAGS19891022FRLRH1');
insert into Empleado (nombre, apellidoPaterno, apellidoMaterno, genero, nacimiento, calle, num, ciudad, CP, CURP) values ('Timothy', 'Alexandro', 'Ambrosi', 'M', '08/29/1998', 'West', '65', 'Chełmża', 54531, 'ALAT19980829MCEMI3');
insert into Empleado (nombre, apellidoPaterno, apellidoMaterno, genero, nacimiento, calle, num, ciudad, CP, CURP) values ('Drusilla', 'Sissy', 'Jemie', 'F', '11/30/1980', 'Sutherland', '608', 'Leer', 33012, 'SIJD19801130FLSER7');
insert into Empleado (nombre, apellidoPaterno, apellidoMaterno, genero, nacimiento, calle, num, ciudad, CP, CURP) values ('Darcy', 'Jesus', 'Tammy', 'M', '01/22/1998', 'Brentwood', '61', 'Korolëv Stan', 89783, 'JETD19980122MKSAA6');
insert into Empleado (nombre, apellidoPaterno, apellidoMaterno, genero, nacimiento, calle, num, ciudad, CP, CURP) values ('Benito', 'Wilfrid', 'Leigh', 'M', '01/25/1988', 'Spaight', '2429', 'Pangkungparuk', 85515, 'WILB19880125MPLEE2');
insert into Empleado (nombre, apellidoPaterno, apellidoMaterno, genero, nacimiento, calle, num, ciudad, CP, CURP) values ('Harcourt', 'Bordie', 'Yuma', 'M', '06/20/1999', 'Paget', '5875', 'Shenwan', 67183, 'BOYH19990620MSRUA9');
insert into Empleado (nombre, apellidoPaterno, apellidoMaterno, genero, nacimiento, calle, num, ciudad, CP, CURP) values ('Larina', 'Maria', 'Ardyth', 'F', '08/02/1991', 'Gerald', '6119', 'Kedungasem', 53943, 'MAAL19910802FKRRA0');
insert into Empleado (nombre, apellidoPaterno, apellidoMaterno, genero, nacimiento, calle, num, ciudad, CP, CURP) values ('Quinn', 'Fin', 'Chuck', 'M', '07/15/1992', 'Arapahoe', '458', 'Coayllo', 48898, 'FICQ19920715MCNHU6');
insert into Empleado (nombre, apellidoPaterno, apellidoMaterno, genero, nacimiento, calle, num, ciudad, CP, CURP) values ('Doralin', 'Dyane', 'Carlotta', 'F', '06/05/1981', 'Buell', '018', 'Chenji', 69943, 'DYCD19810605FCAAO2');
insert into Empleado (nombre, apellidoPaterno, apellidoMaterno, genero, nacimiento, calle, num, ciudad, CP, CURP) values ('Shalne', 'Michaella', 'Emmeline', 'F', '06/05/1982', 'Mockingbird', '8397', 'Kakamas', 25303, 'MIES19820605FKCMH1');
insert into Empleado (nombre, apellidoPaterno, apellidoMaterno, genero, nacimiento, calle, num, ciudad, CP, CURP) values ('Cole', 'Hollis', 'Ginger', 'M', '05/26/1999', 'Schurz', '2842', 'Prinza', 14060, 'HOGC19990526MPLIO0');
insert into Empleado (nombre, apellidoPaterno, apellidoMaterno, genero, nacimiento, calle, num, ciudad, CP, CURP) values ('Agathe', 'Evangelia', 'Maurene', 'F', '10/16/1985', 'Warbler', '2995', 'Krasnyye Chetai', 81150, 'EVMA19851016FKAAG9');
insert into Empleado (nombre, apellidoPaterno, apellidoMaterno, genero, nacimiento, calle, num, ciudad, CP, CURP) values ('Cecilius', 'Franny', 'Collin', 'M', '03/15/1997', 'Express', '4201', 'Rammūn', 59920, 'FRCC19970315MRAOE3');
insert into Empleado (nombre, apellidoPaterno, apellidoMaterno, genero, nacimiento, calle, num, ciudad, CP, CURP) values ('Xerxes', 'Andrej', 'Harris', 'M', '06/19/1997', 'Mallory', '2705', 'Vanadzor', 44817, 'ANHX19970619MVDAE2');
insert into Empleado (nombre, apellidoPaterno, apellidoMaterno, genero, nacimiento, calle, num, ciudad, CP, CURP) values ('Floyd', 'Bord', 'Nicol', 'M', '09/23/1989', 'Buhler', '18149', 'Korsze', 20875, 'BONF19890923MKRIL0');
insert into Empleado (nombre, apellidoPaterno, apellidoMaterno, genero, nacimiento, calle, num, ciudad, CP, CURP) values ('Ferd', 'Bone', 'Devlin', 'M', '01/04/1988', 'Claremont', '4799', 'Varaždin', 38276, 'BODF19880104MVNEE7');
insert into Empleado (nombre, apellidoPaterno, apellidoMaterno, genero, nacimiento, calle, num, ciudad, CP, CURP) values ('Vincenz', 'Ware', 'Hurleigh', 'M', '01/02/1983', 'Hagan', '26927', 'Alès', 69121, 'WAHV19830102MARUI2');
insert into Empleado (nombre, apellidoPaterno, apellidoMaterno, genero, nacimiento, calle, num, ciudad, CP, CURP) values ('Bartlet', 'Greggory', 'Bald', 'M', '09/20/1984', 'Dexter', '992', 'Kuching', 61597, 'GRBB19840920MKEAA6');
insert into Empleado (nombre, apellidoPaterno, apellidoMaterno, genero, nacimiento, calle, num, ciudad, CP, CURP) values ('Dorian', 'Lisetta', 'Allis', 'F', '12/22/1980', 'Dryden', '641', 'Daixi', 33296, 'LIAD19801222FDSLO5');
insert into Empleado (nombre, apellidoPaterno, apellidoMaterno, genero, nacimiento, calle, num, ciudad, CP, CURP) values ('Concordia', 'Joli', 'Bobbe', 'F', '10/24/1989', 'Blackbird', '357', 'Lunik', 79771, 'JOBC19891024FLLOO4');
insert into Empleado (nombre, apellidoPaterno, apellidoMaterno, genero, nacimiento, calle, num, ciudad, CP, CURP) values ('Reggie', 'Leoline', 'Pauline', 'F', '03/30/1995', 'Hintze', '66629', 'Castlebellingham', 10885, 'LEPR19950330FCOAE1');
insert into Empleado (nombre, apellidoPaterno, apellidoMaterno, genero, nacimiento, calle, num, ciudad, CP, CURP) values ('Sondra', 'Betty', 'Kelci', 'F', '07/26/1992', 'Hollow Ridge', '2', 'Maogang', 89469, 'BEKS19920726FMTEO7');
insert into Empleado (nombre, apellidoPaterno, apellidoMaterno, genero, nacimiento, calle, num, ciudad, CP, CURP) values ('Binky', 'Gustav', 'Sanson', 'M', '09/01/2000', 'Old Shore', '8842', 'Forshaga', 89653, 'GUSB20000901MFSAI7');
insert into Empleado (nombre, apellidoPaterno, apellidoMaterno, genero, nacimiento, calle, num, ciudad, CP, CURP) values ('Palmer', 'Conan', 'Stearn', 'M', '05/19/1997', 'Green', '36', 'Nyapar', 91534, 'COSP19970519MNNTA0');
insert into Empleado (nombre, apellidoPaterno, apellidoMaterno, genero, nacimiento, calle, num, ciudad, CP, CURP) values ('Vernen', 'Padriac', 'Nealon', 'M', '03/04/1987', 'Farwell', '71642', 'Peristerá', 57160, 'PANV19870304MPDEE0');
insert into Empleado (nombre, apellidoPaterno, apellidoMaterno, genero, nacimiento, calle, num, ciudad, CP, CURP) values ('Buiron', 'Jasen', 'Bruis', 'M', '12/18/1998', 'Cherokee', '0', 'Batán', 22361, 'JABB19981218MBSRU9');
insert into Empleado (nombre, apellidoPaterno, apellidoMaterno, genero, nacimiento, calle, num, ciudad, CP, CURP) values ('Kiersten', 'Farica', 'Rosetta', 'F', '08/18/1982', 'Jana', '742', 'Vũ Thư', 74561, 'FARK19820818FVROI4');
insert into Empleado (nombre, apellidoPaterno, apellidoMaterno, genero, nacimiento, calle, num, ciudad, CP, CURP) values ('Sheffield', 'Wallis', 'Lorant', 'M', '04/06/1994', 'Arizona', '544', 'Baltimore', 98548, 'WALS19940406MBLOH3');
insert into Empleado (nombre, apellidoPaterno, apellidoMaterno, genero, nacimiento, calle, num, ciudad, CP, CURP) values ('Ned', 'Bram', 'Inger', 'M', '02/18/1992', 'Brickson Park', '9527', 'Panacan', 19706, 'BRIN19920218MPANE5');
insert into Empleado (nombre, apellidoPaterno, apellidoMaterno, genero, nacimiento, calle, num, ciudad, CP, CURP) values ('Liva', 'Blinny', 'Lanette', 'F', '01/02/1989', 'Emmet', '84', 'Georgetown', 97689, 'BLLL19890102FGIAI1');

-- Poblar la tabla Colaborar
insert into Colaborar (CURP, numProyecto, fechaInicio, fechaFin, numHoras) values ('ABKE19850112MSBLL0', 19, '01/08/2014', '11/30/2018', '12:12 PM');
insert into Colaborar (CURP, numProyecto, fechaInicio, fechaFin, numHoras) values ('ABSP19890514MFEIH5', 6, '10/16/2012', '09/20/2019', '2:32 PM');
insert into Colaborar (CURP, numProyecto, fechaInicio, fechaFin, numHoras) values ('ADAC19840726MLDLL3', 33, '02/07/2008', '04/23/2018', '10:17 AM');
insert into Colaborar (CURP, numProyecto, fechaInicio, fechaFin, numHoras) values ('ADMC19940923FYEAO4', 41, '04/19/2011', '09/05/2019', '9:54 AM');
insert into Colaborar (CURP, numProyecto, fechaInicio, fechaFin, numHoras) values ('ADOR19910129MCASI0', 4, '02/24/2014', '04/04/2018', '4:15 PM');
insert into Colaborar (CURP, numProyecto, fechaInicio, fechaFin, numHoras) values ('ADSA19820801FNEEN5', 33, '04/29/2013', '01/03/2019', '6:25 AM');
insert into Colaborar (CURP, numProyecto, fechaInicio, fechaFin, numHoras) values ('AGJR19960615FCNAA3', 13, '08/19/2008', '07/22/2018', '12:15 PM');
insert into Colaborar (CURP, numProyecto, fechaInicio, fechaFin, numHoras) values ('ALAM19880405FALDO0', 42, '12/07/2007', '03/25/2019', '3:06 PM');
insert into Colaborar (CURP, numProyecto, fechaInicio, fechaFin, numHoras) values ('ALAT19980829MCEMI3', 12, '11/11/2011', '09/19/2018', '8:56 AM');
insert into Colaborar (CURP, numProyecto, fechaInicio, fechaFin, numHoras) values ('ALAU19991218MIERL5', 2, '02/17/2013', '06/29/2018', '9:39 AM');
insert into Colaborar (CURP, numProyecto, fechaInicio, fechaFin, numHoras) values ('ALCS19840128FLAAU3', 16, '05/09/2013', '02/24/2018', '8:58 AM');
insert into Colaborar (CURP, numProyecto, fechaInicio, fechaFin, numHoras) values ('ALEB19920403FTEBI6', 48, '03/29/2008', '11/11/2018', '9:02 AM');
insert into Colaborar (CURP, numProyecto, fechaInicio, fechaFin, numHoras) values ('ALEK19840810MTPVE9', 37, '12/10/2005', '06/20/2018', '4:52 PM');
insert into Colaborar (CURP, numProyecto, fechaInicio, fechaFin, numHoras) values ('ALFE19940725MHEOR8', 48, '12/06/2016', '03/30/2018', '2:57 PM');
insert into Colaborar (CURP, numProyecto, fechaInicio, fechaFin, numHoras) values ('ALHR19960806MLFAE9', 16, '05/28/2010', '04/29/2018', '12:02 PM');
insert into Colaborar (CURP, numProyecto, fechaInicio, fechaFin, numHoras) values ('ALJF19820518MLAAA5', 28, '08/30/2009', '07/06/2018', '2:29 PM');
insert into Colaborar (CURP, numProyecto, fechaInicio, fechaFin, numHoras) values ('ALJS19980718FÅIIA8', 4, '06/20/2008', '04/13/2019', '2:42 PM');
insert into Colaborar (CURP, numProyecto, fechaInicio, fechaFin, numHoras) values ('ALJT19921222FFLOE3', 29, '11/05/2010', '05/18/2019', '3:37 PM');
insert into Colaborar (CURP, numProyecto, fechaInicio, fechaFin, numHoras) values ('ALKB19890314MLLOO5', 23, '05/21/2013', '03/27/2019', '10:08 AM');
insert into Colaborar (CURP, numProyecto, fechaInicio, fechaFin, numHoras) values ('ALMT19940127FTOAE2', 48, '12/12/2014', '02/16/2019', '6:29 PM');
insert into Colaborar (CURP, numProyecto, fechaInicio, fechaFin, numHoras) values ('ALNB19951222FKLEA8', 45, '08/02/2010', '11/07/2019', '10:30 AM');
insert into Colaborar (CURP, numProyecto, fechaInicio, fechaFin, numHoras) values ('ALNS19831114MBAOH4', 36, '06/06/2016', '02/09/2019', '6:18 AM');
insert into Colaborar (CURP, numProyecto, fechaInicio, fechaFin, numHoras) values ('ALWS19930124MPFIH3', 1, '06/29/2014', '09/28/2018', '7:16 AM');
insert into Colaborar (CURP, numProyecto, fechaInicio, fechaFin, numHoras) values ('AMCC19931209FCAIA8', 5, '01/23/2013', '07/02/2019', '6:05 PM');
insert into Colaborar (CURP, numProyecto, fechaInicio, fechaFin, numHoras) values ('AMDR19870908FKAAO1', 11, '03/12/2012', '10/15/2018', '3:30 PM');
insert into Colaborar (CURP, numProyecto, fechaInicio, fechaFin, numHoras) values ('AMMK19961116FTAAA7', 15, '06/21/2013', '04/11/2019', '7:58 AM');
insert into Colaborar (CURP, numProyecto, fechaInicio, fechaFin, numHoras) values ('AMSL19880804MCOAO8', 30, '05/08/2013', '03/25/2019', '2:33 PM');
insert into Colaborar (CURP, numProyecto, fechaInicio, fechaFin, numHoras) values ('ANCB19951127FAAHE7', 37, '03/02/2016', '12/19/2018', '1:48 PM');
insert into Colaborar (CURP, numProyecto, fechaInicio, fechaFin, numHoras) values ('ANGA19980314FONLL5', 38, '05/18/2017', '10/29/2019', '5:02 PM');
insert into Colaborar (CURP, numProyecto, fechaInicio, fechaFin, numHoras) values ('ANHX19970619MVDAE2', 19, '03/30/2007', '11/15/2018', '12:17 PM');
insert into Colaborar (CURP, numProyecto, fechaInicio, fechaFin, numHoras) values ('ANHY19920805MDSAA9', 41, '06/24/2017', '10/30/2018', '10:37 AM');
insert into Colaborar (CURP, numProyecto, fechaInicio, fechaFin, numHoras) values ('ANKM19821229FCNOI9', 17, '06/06/2010', '08/04/2018', '7:48 AM');
insert into Colaborar (CURP, numProyecto, fechaInicio, fechaFin, numHoras) values ('ANLB19970417FSNIR8', 3, '02/22/2006', '07/19/2018', '5:09 PM');
insert into Colaborar (CURP, numProyecto, fechaInicio, fechaFin, numHoras) values ('ANLR19820822FKAYO9', 32, '09/07/2009', '10/30/2019', '12:38 PM');
insert into Colaborar (CURP, numProyecto, fechaInicio, fechaFin, numHoras) values ('ANMK19820426FOAAI2', 46, '04/04/2011', '07/01/2018', '1:11 PM');
insert into Colaborar (CURP, numProyecto, fechaInicio, fechaFin, numHoras) values ('ANMK19880830FTDIR6', 36, '12/13/2014', '12/12/2018', '12:57 PM');
insert into Colaborar (CURP, numProyecto, fechaInicio, fechaFin, numHoras) values ('ARAR19870710MPCLU4', 8, '02/03/2016', '05/17/2018', '9:35 AM');
insert into Colaborar (CURP, numProyecto, fechaInicio, fechaFin, numHoras) values ('ARBL19970907FMDIE3', 37, '08/05/2013', '06/27/2019', '3:14 PM');
insert into Colaborar (CURP, numProyecto, fechaInicio, fechaFin, numHoras) values ('ARDR19980603FMDEI8', 7, '08/26/2008', '04/15/2019', '12:37 PM');
insert into Colaborar (CURP, numProyecto, fechaInicio, fechaFin, numHoras) values ('ARGC19860507FILAO9', 47, '03/31/2007', '04/25/2019', '1:35 PM');
insert into Colaborar (CURP, numProyecto, fechaInicio, fechaFin, numHoras) values ('ARGF19851119MSLII3', 15, '05/21/2009', '06/08/2018', '8:15 AM');
insert into Colaborar (CURP, numProyecto, fechaInicio, fechaFin, numHoras) values ('ARGR19981202MGLAO0', 12, '01/07/2009', '04/10/2018', '2:05 PM');
insert into Colaborar (CURP, numProyecto, fechaInicio, fechaFin, numHoras) values ('ARHP19860207MWNAA2', 31, '10/17/2008', '08/18/2019', '4:00 PM');
insert into Colaborar (CURP, numProyecto, fechaInicio, fechaFin, numHoras) values ('ARKA19970919MRCAL2', 39, '01/20/2006', '03/14/2019', '1:44 PM');
insert into Colaborar (CURP, numProyecto, fechaInicio, fechaFin, numHoras) values ('ARSM20000820MVITO9', 38, '04/11/2011', '08/26/2018', '3:25 PM');
insert into Colaborar (CURP, numProyecto, fechaInicio, fechaFin, numHoras) values ('ARVF19860104FKLIE9', 36, '12/10/2009', '10/26/2019', '11:39 AM');
insert into Colaborar (CURP, numProyecto, fechaInicio, fechaFin, numHoras) values ('ASLS19820314FNHII6', 10, '02/14/2016', '09/30/2018', '2:08 PM');
insert into Colaborar (CURP, numProyecto, fechaInicio, fechaFin, numHoras) values ('AUBG19990330FYROL8', 2, '08/15/2017', '03/27/2018', '3:42 PM');
insert into Colaborar (CURP, numProyecto, fechaInicio, fechaFin, numHoras) values ('AUJS19870116FXGAH2', 7, '09/06/2009', '05/11/2018', '10:36 AM');
insert into Colaborar (CURP, numProyecto, fechaInicio, fechaFin, numHoras) values ('AUME19830307MBBAD2', 29, '07/13/2009', '04/24/2019', '1:11 PM');
insert into Colaborar (CURP, numProyecto, fechaInicio, fechaFin, numHoras) values ('AUPM19880116MVBYA7', 1, '03/07/2012', '05/21/2019', '6:50 AM');
insert into Colaborar (CURP, numProyecto, fechaInicio, fechaFin, numHoras) values ('AURL19961006FVDOI5', 2, '11/14/2009', '11/13/2018', '5:00 PM');
insert into Colaborar (CURP, numProyecto, fechaInicio, fechaFin, numHoras) values ('AURM19880202FSGAE3', 25, '05/24/2014', '03/08/2019', '3:38 PM');
insert into Colaborar (CURP, numProyecto, fechaInicio, fechaFin, numHoras) values ('AVHA19900509MSEAL1', 33, '11/13/2017', '01/20/2019', '9:05 AM');
insert into Colaborar (CURP, numProyecto, fechaInicio, fechaFin, numHoras) values ('BACS19870813FVTAI5', 23, '07/11/2006', '06/18/2018', '1:04 PM');
insert into Colaborar (CURP, numProyecto, fechaInicio, fechaFin, numHoras) values ('BAEM19820527FSMDO1', 21, '08/05/2010', '09/08/2019', '7:40 AM');
insert into Colaborar (CURP, numProyecto, fechaInicio, fechaFin, numHoras) values ('BAGC19821022MPRIL5', 23, '12/08/2012', '10/29/2019', '4:02 PM');
insert into Colaborar (CURP, numProyecto, fechaInicio, fechaFin, numHoras) values ('BANN19850117MCRAA5', 20, '02/23/2007', '03/22/2018', '8:21 AM');
insert into Colaborar (CURP, numProyecto, fechaInicio, fechaFin, numHoras) values ('BARF19941207MCREE4', 7, '12/03/2014', '02/15/2019', '6:11 PM');
insert into Colaborar (CURP, numProyecto, fechaInicio, fechaFin, numHoras) values ('BARW19941031MXSAA0', 12, '11/12/2016', '11/15/2019', '12:06 PM');
insert into Colaborar (CURP, numProyecto, fechaInicio, fechaFin, numHoras) values ('BASR19821229MSRHU5', 36, '11/04/2014', '12/17/2018', '6:53 PM');
insert into Colaborar (CURP, numProyecto, fechaInicio, fechaFin, numHoras) values ('BEAM19850127FKRDO0', 17, '05/21/2011', '04/04/2018', '5:04 PM');
insert into Colaborar (CURP, numProyecto, fechaInicio, fechaFin, numHoras) values ('BECM19981207FPLAE2', 37, '07/03/2017', '09/10/2018', '10:33 AM');
insert into Colaborar (CURP, numProyecto, fechaInicio, fechaFin, numHoras) values ('BEEI19900725MLRNS0', 23, '01/03/2011', '09/09/2019', '8:16 AM');
insert into Colaborar (CURP, numProyecto, fechaInicio, fechaFin, numHoras) values ('BEGG19890609MKAAU0', 33, '09/29/2015', '12/01/2018', '11:23 AM');
insert into Colaborar (CURP, numProyecto, fechaInicio, fechaFin, numHoras) values ('BEHF19890409MANIA0', 41, '04/07/2013', '05/14/2019', '10:52 AM');
insert into Colaborar (CURP, numProyecto, fechaInicio, fechaFin, numHoras) values ('BEHH19950520FMBEE2', 25, '01/12/2012', '07/08/2018', '12:44 PM');
insert into Colaborar (CURP, numProyecto, fechaInicio, fechaFin, numHoras) values ('BEJB19850809FHTUR1', 47, '08/31/2008', '02/14/2018', '2:37 PM');
insert into Colaborar (CURP, numProyecto, fechaInicio, fechaFin, numHoras) values ('BEKS19920726FMTEO7', 47, '04/24/2009', '12/26/2018', '3:39 PM');
insert into Colaborar (CURP, numProyecto, fechaInicio, fechaFin, numHoras) values ('BIGA19920409MFLUR2', 23, '02/07/2011', '05/15/2019', '11:08 AM');
insert into Colaborar (CURP, numProyecto, fechaInicio, fechaFin, numHoras) values ('BISA19930721FZNIR0', 35, '02/03/2007', '04/06/2019', '4:30 PM');
insert into Colaborar (CURP, numProyecto, fechaInicio, fechaFin, numHoras) values ('BLAC19830623FCOLO6', 1, '02/24/2013', '02/10/2018', '3:21 PM');
insert into Colaborar (CURP, numProyecto, fechaInicio, fechaFin, numHoras) values ('BLLL19890102FGIAI1', 28, '11/26/2005', '02/09/2018', '6:38 PM');
insert into Colaborar (CURP, numProyecto, fechaInicio, fechaFin, numHoras) values ('BODF19880104MVNEE7', 38, '03/11/2016', '02/26/2018', '7:53 AM');
insert into Colaborar (CURP, numProyecto, fechaInicio, fechaFin, numHoras) values ('BOEE19930719FABDL4', 34, '07/29/2012', '04/28/2018', '12:11 PM');
insert into Colaborar (CURP, numProyecto, fechaInicio, fechaFin, numHoras) values ('BOGB19980805FSBUL4', 30, '10/18/2007', '03/10/2019', '11:43 AM');
insert into Colaborar (CURP, numProyecto, fechaInicio, fechaFin, numHoras) values ('BOLA19960727FKBEP3', 40, '11/07/2010', '06/16/2019', '1:21 PM');
insert into Colaborar (CURP, numProyecto, fechaInicio, fechaFin, numHoras) values ('BONF19890923MKRIL0', 19, '08/23/2015', '03/09/2018', '5:01 PM');
insert into Colaborar (CURP, numProyecto, fechaInicio, fechaFin, numHoras) values ('BORC19900908MBOAH2', 48, '03/31/2014', '09/12/2018', '9:01 AM');
insert into Colaborar (CURP, numProyecto, fechaInicio, fechaFin, numHoras) values ('BOWF19870723MBIAR9', 10, '07/18/2010', '06/23/2018', '6:25 PM');
insert into Colaborar (CURP, numProyecto, fechaInicio, fechaFin, numHoras) values ('BOYH19990620MSRUA9', 9, '01/29/2013', '02/10/2018', '8:44 AM');
insert into Colaborar (CURP, numProyecto, fechaInicio, fechaFin, numHoras) values ('BRAB19830219MFUDE3', 15, '11/16/2008', '01/15/2018', '3:23 PM');
insert into Colaborar (CURP, numProyecto, fechaInicio, fechaFin, numHoras) values ('BRDL19940323FIAEA7', 21, '01/01/2012', '08/20/2018', '11:05 AM');
insert into Colaborar (CURP, numProyecto, fechaInicio, fechaFin, numHoras) values ('BREB19910102MSILL2', 11, '04/09/2010', '07/24/2018', '9:24 AM');
insert into Colaborar (CURP, numProyecto, fechaInicio, fechaFin, numHoras) values ('BRIN19920218MPANE5', 48, '03/26/2015', '08/28/2019', '11:25 AM');
insert into Colaborar (CURP, numProyecto, fechaInicio, fechaFin, numHoras) values ('BRJL19880713FWAAI1', 20, '10/26/2016', '03/11/2018', '7:31 AM');
insert into Colaborar (CURP, numProyecto, fechaInicio, fechaFin, numHoras) values ('BRMN19890901FTIIO2', 47, '08/21/2007', '12/22/2018', '2:25 PM');
insert into Colaborar (CURP, numProyecto, fechaInicio, fechaFin, numHoras) values ('BRRL19920620MMIEO7', 50, '06/14/2013', '03/25/2018', '7:10 AM');
insert into Colaborar (CURP, numProyecto, fechaInicio, fechaFin, numHoras) values ('BRRU19961220FTEER1', 14, '05/14/2010', '02/02/2019', '6:04 PM');
insert into Colaborar (CURP, numProyecto, fechaInicio, fechaFin, numHoras) values ('BRVT19961115MSOAR8', 4, '04/06/2014', '07/23/2019', '12:06 PM');
insert into Colaborar (CURP, numProyecto, fechaInicio, fechaFin, numHoras) values ('CAAM19990324FARRA8', 26, '12/29/2013', '09/11/2019', '6:24 AM');
insert into Colaborar (CURP, numProyecto, fechaInicio, fechaFin, numHoras) values ('CAEJ19970920FVRSO1', 23, '06/20/2010', '01/18/2019', '4:57 PM');
insert into Colaborar (CURP, numProyecto, fechaInicio, fechaFin, numHoras) values ('CAFC19830908FBRAH0', 12, '04/05/2012', '01/31/2018', '3:11 PM');
insert into Colaborar (CURP, numProyecto, fechaInicio, fechaFin, numHoras) values ('CAGL20000804FSTWO9', 5, '05/18/2012', '04/07/2018', '7:19 AM');
insert into Colaborar (CURP, numProyecto, fechaInicio, fechaFin, numHoras) values ('CAGO19990328FSTUR5', 47, '08/21/2015', '08/08/2019', '9:49 AM');
insert into Colaborar (CURP, numProyecto, fechaInicio, fechaFin, numHoras) values ('CAHF19860320FNRAI5', 44, '06/18/2015', '08/07/2019', '3:41 PM');
insert into Colaborar (CURP, numProyecto, fechaInicio, fechaFin, numHoras) values ('CAKB19990704FHMIA8', 48, '07/28/2014', '07/23/2019', '2:55 PM');
insert into Colaborar (CURP, numProyecto, fechaInicio, fechaFin, numHoras) values ('CAKL19831203MISUO9', 31, '10/04/2017', '02/11/2018', '1:34 PM');
insert into Colaborar (CURP, numProyecto, fechaInicio, fechaFin, numHoras) values ('CALA19921108FNRIL2', 24, '02/04/2008', '08/20/2019', '9:07 AM');
insert into Colaborar (CURP, numProyecto, fechaInicio, fechaFin, numHoras) values ('CAMS19890427FTLAH8', 40, '06/11/2011', '09/16/2019', '4:53 PM');
insert into Colaborar (CURP, numProyecto, fechaInicio, fechaFin, numHoras) values ('CAMT19911102MPRAR1', 3, '06/19/2010', '07/23/2019', '7:01 AM');
insert into Colaborar (CURP, numProyecto, fechaInicio, fechaFin, numHoras) values ('CARC19820412FKRHA7', 47, '04/25/2009', '03/19/2019', '11:46 AM');
insert into Colaborar (CURP, numProyecto, fechaInicio, fechaFin, numHoras) values ('CARE19860824FMROS0', 19, '05/02/2016', '05/29/2019', '9:56 AM');
insert into Colaborar (CURP, numProyecto, fechaInicio, fechaFin, numHoras) values ('CARW19940402FJSOE6', 33, '10/08/2015', '04/26/2019', '8:34 AM');
insert into Colaborar (CURP, numProyecto, fechaInicio, fechaFin, numHoras) values ('CELA19820703MSCEU8', 34, '01/10/2011', '07/01/2019', '8:43 AM');
insert into Colaborar (CURP, numProyecto, fechaInicio, fechaFin, numHoras) values ('CHCA19981204FAAOU2', 41, '05/16/2011', '09/02/2018', '12:06 PM');
insert into Colaborar (CURP, numProyecto, fechaInicio, fechaFin, numHoras) values ('CHCB19970423FXIAR2', 26, '03/17/2015', '07/13/2018', '4:33 PM');
insert into Colaborar (CURP, numProyecto, fechaInicio, fechaFin, numHoras) values ('CHCJ19900624FTRHU2', 10, '04/04/2016', '07/14/2019', '6:57 AM');
insert into Colaborar (CURP, numProyecto, fechaInicio, fechaFin, numHoras) values ('CHGL19830919MAIRY1', 39, '05/13/2010', '12/13/2018', '8:57 AM');
insert into Colaborar (CURP, numProyecto, fechaInicio, fechaFin, numHoras) values ('CHGR19981102FCLAO8', 38, '10/30/2015', '05/14/2018', '1:55 PM');
insert into Colaborar (CURP, numProyecto, fechaInicio, fechaFin, numHoras) values ('CHKR19941206FGEAE2', 41, '02/01/2011', '05/07/2018', '7:48 AM');
insert into Colaborar (CURP, numProyecto, fechaInicio, fechaFin, numHoras) values ('CHLC19830410FNRAO6', 21, '05/28/2013', '10/27/2018', '7:47 AM');
insert into Colaborar (CURP, numProyecto, fechaInicio, fechaFin, numHoras) values ('CHTD19901203FQROO8', 29, '05/02/2011', '01/01/2018', '3:01 PM');
insert into Colaborar (CURP, numProyecto, fechaInicio, fechaFin, numHoras) values ('CLGD19861218MDAEA8', 22, '05/16/2015', '01/16/2018', '9:30 AM');
insert into Colaborar (CURP, numProyecto, fechaInicio, fechaFin, numHoras) values ('CLHK19920520MTAAE1', 45, '01/25/2013', '04/23/2019', '10:56 AM');
insert into Colaborar (CURP, numProyecto, fechaInicio, fechaFin, numHoras) values ('CLKL19970825FXOAO3', 21, '07/07/2015', '08/05/2019', '10:11 AM');
insert into Colaborar (CURP, numProyecto, fechaInicio, fechaFin, numHoras) values ('COBG19860917FARLE2', 44, '01/15/2009', '06/11/2018', '2:00 PM');
insert into Colaborar (CURP, numProyecto, fechaInicio, fechaFin, numHoras) values ('COCF19960116FYNHR6', 24, '09/09/2012', '06/18/2018', '6:30 AM');
insert into Colaborar (CURP, numProyecto, fechaInicio, fechaFin, numHoras) values ('CONF19931205MRRIL6', 43, '04/27/2012', '12/19/2018', '6:43 PM');
insert into Colaborar (CURP, numProyecto, fechaInicio, fechaFin, numHoras) values ('CORA19980108FDDEM1', 16, '08/29/2015', '07/05/2019', '3:32 PM');
insert into Colaborar (CURP, numProyecto, fechaInicio, fechaFin, numHoras) values ('CORE19810430MVRAT9', 49, '09/11/2015', '11/30/2018', '12:41 PM');
insert into Colaborar (CURP, numProyecto, fechaInicio, fechaFin, numHoras) values ('COSP19970519MNNTA0', 10, '06/06/2010', '07/23/2018', '7:44 AM');
insert into Colaborar (CURP, numProyecto, fechaInicio, fechaFin, numHoras) values ('COWW20000711MHNEA4', 3, '10/06/2017', '06/01/2019', '8:51 AM');
insert into Colaborar (CURP, numProyecto, fechaInicio, fechaFin, numHoras) values ('CYCB19940330FBNEA2', 19, '12/31/2012', '02/15/2018', '12:28 PM');
insert into Colaborar (CURP, numProyecto, fechaInicio, fechaFin, numHoras) values ('CYKD19990916MPREE5', 49, '05/05/2009', '09/19/2019', '12:43 PM');
insert into Colaborar (CURP, numProyecto, fechaInicio, fechaFin, numHoras) values ('CYMI19920612FVBUM3', 39, '08/02/2011', '09/22/2019', '5:48 PM');
insert into Colaborar (CURP, numProyecto, fechaInicio, fechaFin, numHoras) values ('CYTA19990709MLRUB0', 20, '03/12/2017', '02/18/2018', '5:55 PM');
insert into Colaborar (CURP, numProyecto, fechaInicio, fechaFin, numHoras) values ('DACJ19940201MAVOO8', 43, '11/01/2006', '01/29/2018', '12:15 PM');
insert into Colaborar (CURP, numProyecto, fechaInicio, fechaFin, numHoras) values ('DADH19870420FNNOE3', 23, '12/22/2014', '05/28/2018', '6:37 AM');
insert into Colaborar (CURP, numProyecto, fechaInicio, fechaFin, numHoras) values ('DADS19890215FARIU4', 42, '06/12/2014', '01/18/2018', '3:07 PM');
insert into Colaborar (CURP, numProyecto, fechaInicio, fechaFin, numHoras) values ('DAFD19941114MSREA7', 33, '11/29/2006', '07/22/2018', '4:08 PM');
insert into Colaborar (CURP, numProyecto, fechaInicio, fechaFin, numHoras) values ('DAJA19981120MTNOR3', 45, '11/20/2007', '10/24/2019', '10:52 AM');
insert into Colaborar (CURP, numProyecto, fechaInicio, fechaFin, numHoras) values ('DARC19870304MNVOO1', 34, '02/29/2008', '03/26/2018', '6:53 PM');
insert into Colaborar (CURP, numProyecto, fechaInicio, fechaFin, numHoras) values ('DASC19820516FGTHL2', 17, '04/12/2012', '01/23/2019', '7:24 AM');
insert into Colaborar (CURP, numProyecto, fechaInicio, fechaFin, numHoras) values ('DAUB19841213FTRRR0', 15, '02/15/2016', '06/21/2019', '4:57 PM');
insert into Colaborar (CURP, numProyecto, fechaInicio, fechaFin, numHoras) values ('DAYT19960304MNVOU5', 34, '05/12/2017', '12/30/2018', '5:26 PM');
insert into Colaborar (CURP, numProyecto, fechaInicio, fechaFin, numHoras) values ('DEAR19890910FRBIA0', 1, '11/14/2012', '07/24/2019', '11:23 AM');
insert into Colaborar (CURP, numProyecto, fechaInicio, fechaFin, numHoras) values ('DEBC19990220FSBAR5', 36, '07/12/2011', '07/07/2019', '8:02 AM');
insert into Colaborar (CURP, numProyecto, fechaInicio, fechaFin, numHoras) values ('DECB19870920FTLOO1', 2, '05/20/2007', '02/07/2019', '10:09 AM');
insert into Colaborar (CURP, numProyecto, fechaInicio, fechaFin, numHoras) values ('DECK19840703FSBOA2', 37, '09/20/2017', '06/13/2019', '11:04 AM');
insert into Colaborar (CURP, numProyecto, fechaInicio, fechaFin, numHoras) values ('DEDN19890922MGNOI2', 7, '03/12/2008', '09/11/2019', '1:34 PM');
insert into Colaborar (CURP, numProyecto, fechaInicio, fechaFin, numHoras) values ('DEEE19900810FYLST7', 22, '07/18/2016', '07/17/2018', '5:24 PM');
insert into Colaborar (CURP, numProyecto, fechaInicio, fechaFin, numHoras) values ('DEES19820425FSIIH5', 6, '05/31/2010', '02/04/2019', '3:48 PM');
insert into Colaborar (CURP, numProyecto, fechaInicio, fechaFin, numHoras) values ('DEGM19830716FKBAA4', 11, '07/19/2017', '01/15/2019', '8:14 AM');
insert into Colaborar (CURP, numProyecto, fechaInicio, fechaFin, numHoras) values ('DEMN19870717FPSAE3', 2, '04/19/2009', '10/03/2018', '12:44 PM');
insert into Colaborar (CURP, numProyecto, fechaInicio, fechaFin, numHoras) values ('DERJ19840529MSREE9', 22, '04/26/2013', '08/22/2019', '4:38 PM');
insert into Colaborar (CURP, numProyecto, fechaInicio, fechaFin, numHoras) values ('DESS19960903MRWTA1', 12, '03/02/2010', '09/28/2019', '6:15 AM');
insert into Colaborar (CURP, numProyecto, fechaInicio, fechaFin, numHoras) values ('DETA19881105FGVRR8', 38, '01/03/2016', '07/26/2018', '6:45 PM');
insert into Colaborar (CURP, numProyecto, fechaInicio, fechaFin, numHoras) values ('DIEF19990807FLOLL4', 12, '03/06/2010', '08/09/2019', '7:33 AM');
insert into Colaborar (CURP, numProyecto, fechaInicio, fechaFin, numHoras) values ('DILP19820603FKTEA5', 10, '08/03/2007', '06/23/2019', '6:54 PM');
insert into Colaborar (CURP, numProyecto, fechaInicio, fechaFin, numHoras) values ('DOBF19870511FYROL1', 24, '08/12/2008', '10/29/2019', '8:28 AM');
insert into Colaborar (CURP, numProyecto, fechaInicio, fechaFin, numHoras) values ('DOCD19990326FJTHE1', 24, '08/03/2011', '03/19/2019', '1:40 PM');
insert into Colaborar (CURP, numProyecto, fechaInicio, fechaFin, numHoras) values ('DOED19880724MTMNE5', 9, '07/23/2015', '02/12/2018', '4:51 PM');
insert into Colaborar (CURP, numProyecto, fechaInicio, fechaFin, numHoras) values ('DOJC19930627FKEAO1', 47, '12/13/2010', '05/14/2019', '12:49 PM');
insert into Colaborar (CURP, numProyecto, fechaInicio, fechaFin, numHoras) values ('DOTD19821103FZROA9', 6, '06/13/2012', '03/19/2019', '11:40 AM');
insert into Colaborar (CURP, numProyecto, fechaInicio, fechaFin, numHoras) values ('DOTG19920815MGYAU5', 11, '01/21/2008', '05/23/2018', '10:29 AM');
insert into Colaborar (CURP, numProyecto, fechaInicio, fechaFin, numHoras) values ('DREB19880721FHULE7', 10, '06/16/2011', '05/17/2019', '10:38 AM');
insert into Colaborar (CURP, numProyecto, fechaInicio, fechaFin, numHoras) values ('DRKG19870419FNUER5', 40, '06/23/2009', '05/30/2018', '10:28 AM');
insert into Colaborar (CURP, numProyecto, fechaInicio, fechaFin, numHoras) values ('DRTD19930129FPUHO1', 26, '08/17/2009', '10/21/2019', '2:03 PM');
insert into Colaborar (CURP, numProyecto, fechaInicio, fechaFin, numHoras) values ('DURL19841208FDLUI4', 37, '05/13/2006', '09/15/2018', '6:45 PM');
insert into Colaborar (CURP, numProyecto, fechaInicio, fechaFin, numHoras) values ('DYBA19901219FBARD1', 21, '01/03/2007', '12/25/2018', '1:49 PM');
insert into Colaborar (CURP, numProyecto, fechaInicio, fechaFin, numHoras) values ('DYCD19810605FCAAO2', 23, '01/18/2012', '11/07/2018', '11:01 AM');
insert into Colaborar (CURP, numProyecto, fechaInicio, fechaFin, numHoras) values ('EAHJ19860225MRDAU4', 29, '05/03/2012', '08/21/2019', '12:49 PM');
insert into Colaborar (CURP, numProyecto, fechaInicio, fechaFin, numHoras) values ('EAKB19860408FZDAI2', 33, '12/03/2011', '03/15/2019', '10:48 AM');
insert into Colaborar (CURP, numProyecto, fechaInicio, fechaFin, numHoras) values ('EALO19961218MMRAZ4', 48, '11/20/2015', '11/18/2018', '7:09 AM');
insert into Colaborar (CURP, numProyecto, fechaInicio, fechaFin, numHoras) values ('EBTC19941114FLOHL1', 43, '02/11/2014', '07/16/2018', '2:51 PM');
insert into Colaborar (CURP, numProyecto, fechaInicio, fechaFin, numHoras) values ('EDHG19960414MPGUO1', 25, '10/22/2006', '05/20/2019', '6:16 AM');
insert into Colaborar (CURP, numProyecto, fechaInicio, fechaFin, numHoras) values ('EDKG19860913MSWIE1', 25, '06/19/2010', '05/07/2019', '7:55 AM');
insert into Colaborar (CURP, numProyecto, fechaInicio, fechaFin, numHoras) values ('EDMA19990924MZDIR7', 44, '08/18/2012', '10/07/2018', '1:22 PM');
insert into Colaborar (CURP, numProyecto, fechaInicio, fechaFin, numHoras) values ('ELAE19971123FKLNL1', 26, '01/23/2010', '09/15/2019', '9:18 AM');
insert into Colaborar (CURP, numProyecto, fechaInicio, fechaFin, numHoras) values ('ELBN19891016MKMEI1', 24, '06/17/2016', '12/12/2018', '8:27 AM');
insert into Colaborar (CURP, numProyecto, fechaInicio, fechaFin, numHoras) values ('ELJI19820330MQMUG2', 38, '10/26/2013', '10/11/2019', '9:34 AM');
insert into Colaborar (CURP, numProyecto, fechaInicio, fechaFin, numHoras) values ('ELKL19990430MMMEA0', 5, '02/20/2007', '12/27/2018', '6:33 AM');
insert into Colaborar (CURP, numProyecto, fechaInicio, fechaFin, numHoras) values ('ELMC19840606FSNEA3', 3, '11/24/2007', '10/31/2018', '9:34 AM');
insert into Colaborar (CURP, numProyecto, fechaInicio, fechaFin, numHoras) values ('EMAB19851120FJLNE7', 16, '12/16/2009', '09/30/2019', '6:47 AM');
insert into Colaborar (CURP, numProyecto, fechaInicio, fechaFin, numHoras) values ('EMBA19821018FHMRB8', 3, '12/09/2016', '02/02/2019', '2:23 PM');
insert into Colaborar (CURP, numProyecto, fechaInicio, fechaFin, numHoras) values ('EMCJ19920302MKMLE1', 20, '07/19/2013', '06/17/2019', '12:27 PM');
insert into Colaborar (CURP, numProyecto, fechaInicio, fechaFin, numHoras) values ('ENBC19840521FWREA2', 23, '03/01/2012', '01/28/2018', '9:23 AM');
insert into Colaborar (CURP, numProyecto, fechaInicio, fechaFin, numHoras) values ('ERBD19880417MCWAE4', 33, '09/14/2014', '07/28/2019', '1:15 PM');
insert into Colaborar (CURP, numProyecto, fechaInicio, fechaFin, numHoras) values ('EREE19960719MKHPL0', 48, '01/14/2015', '05/23/2019', '2:52 PM');
insert into Colaborar (CURP, numProyecto, fechaInicio, fechaFin, numHoras) values ('ERGF19880717MDSAR2', 43, '10/02/2009', '10/28/2018', '6:27 AM');
insert into Colaborar (CURP, numProyecto, fechaInicio, fechaFin, numHoras) values ('ERHK19840819FSIAA5', 12, '11/04/2013', '09/24/2019', '6:25 PM');
insert into Colaborar (CURP, numProyecto, fechaInicio, fechaFin, numHoras) values ('ERJZ19850806MBIUE5', 17, '12/02/2008', '10/12/2019', '12:41 PM');
insert into Colaborar (CURP, numProyecto, fechaInicio, fechaFin, numHoras) values ('ERST19920923FSIHO5', 43, '08/08/2010', '03/29/2018', '5:05 PM');
insert into Colaborar (CURP, numProyecto, fechaInicio, fechaFin, numHoras) values ('ESAD19890409FPTGE8', 17, '08/09/2017', '02/20/2019', '8:32 AM');
insert into Colaborar (CURP, numProyecto, fechaInicio, fechaFin, numHoras) values ('ESAF19840210MNMSE6', 14, '09/06/2014', '07/31/2019', '2:41 PM');
insert into Colaborar (CURP, numProyecto, fechaInicio, fechaFin, numHoras) values ('ESIV19860908FLTNI7', 29, '01/30/2012', '11/28/2018', '4:40 PM');
insert into Colaborar (CURP, numProyecto, fechaInicio, fechaFin, numHoras) values ('ESTO19860629MCRHZ8', 50, '02/06/2017', '02/04/2019', '6:54 PM');
insert into Colaborar (CURP, numProyecto, fechaInicio, fechaFin, numHoras) values ('EVLS19900623FKAEH2', 44, '08/19/2014', '07/01/2018', '7:54 AM');
insert into Colaborar (CURP, numProyecto, fechaInicio, fechaFin, numHoras) values ('EVMA19851016FKAAG9', 23, '11/08/2014', '04/30/2018', '6:33 PM');
insert into Colaborar (CURP, numProyecto, fechaInicio, fechaFin, numHoras) values ('EWAW19880119MKARE4', 50, '06/16/2007', '09/21/2019', '9:33 AM');
insert into Colaborar (CURP, numProyecto, fechaInicio, fechaFin, numHoras) values ('EZBM19830920MIIYE9', 38, '07/23/2015', '12/10/2018', '6:12 PM');
insert into Colaborar (CURP, numProyecto, fechaInicio, fechaFin, numHoras) values ('FARK19820818FVROI4', 32, '01/14/2015', '08/13/2019', '7:58 AM');
insert into Colaborar (CURP, numProyecto, fechaInicio, fechaFin, numHoras) values ('FIBT19941107MBLRH5', 19, '11/02/2010', '04/19/2018', '7:53 AM');
insert into Colaborar (CURP, numProyecto, fechaInicio, fechaFin, numHoras) values ('FICQ19920715MCNHU6', 14, '05/28/2013', '02/01/2019', '10:26 AM');
insert into Colaborar (CURP, numProyecto, fechaInicio, fechaFin, numHoras) values ('FLCB19861007MMORR5', 40, '05/04/2006', '05/22/2018', '12:35 PM');
insert into Colaborar (CURP, numProyecto, fechaInicio, fechaFin, numHoras) values ('FLGB19981225MGORR7', 47, '11/18/2016', '01/16/2019', '6:31 PM');
insert into Colaborar (CURP, numProyecto, fechaInicio, fechaFin, numHoras) values ('FOAG19980116MARLA3', 50, '05/09/2007', '01/29/2018', '11:39 AM');
insert into Colaborar (CURP, numProyecto, fechaInicio, fechaFin, numHoras) values ('FOWM19810206MHNAO0', 35, '10/09/2014', '02/16/2018', '12:14 PM');
insert into Colaborar (CURP, numProyecto, fechaInicio, fechaFin, numHoras) values ('FRBK19960105MPEEA6', 5, '01/04/2009', '01/24/2019', '7:21 AM');
insert into Colaborar (CURP, numProyecto, fechaInicio, fechaFin, numHoras) values ('FRCC19970315MRAOE3', 29, '06/20/2015', '08/06/2019', '8:44 AM');
insert into Colaborar (CURP, numProyecto, fechaInicio, fechaFin, numHoras) values ('FRFT20000418MRERR1', 29, '06/29/2016', '12/18/2017', '8:15 AM');
insert into Colaborar (CURP, numProyecto, fechaInicio, fechaFin, numHoras) values ('FRHH19960317MQIEE3', 33, '02/25/2008', '09/20/2018', '12:18 PM');
insert into Colaborar (CURP, numProyecto, fechaInicio, fechaFin, numHoras) values ('FRJG19880614MRAEA3', 30, '11/16/2009', '05/21/2018', '1:59 PM');
insert into Colaborar (CURP, numProyecto, fechaInicio, fechaFin, numHoras) values ('FUDB19980609FMLER5', 24, '08/31/2010', '12/19/2018', '10:18 AM');
insert into Colaborar (CURP, numProyecto, fechaInicio, fechaFin, numHoras) values ('GABV19911216MGRAA1', 21, '10/28/2013', '04/13/2019', '9:09 AM');
insert into Colaborar (CURP, numProyecto, fechaInicio, fechaFin, numHoras) values ('GAHG19981228MTRIE5', 42, '09/07/2006', '04/09/2019', '6:22 PM');
insert into Colaborar (CURP, numProyecto, fechaInicio, fechaFin, numHoras) values ('GASK19930307MWRTE8', 4, '03/05/2013', '08/15/2018', '2:41 PM');
insert into Colaborar (CURP, numProyecto, fechaInicio, fechaFin, numHoras) values ('GAVR19870905FMYAO9', 28, '01/07/2007', '02/10/2018', '11:16 AM');
insert into Colaborar (CURP, numProyecto, fechaInicio, fechaFin, numHoras) values ('GEAB19821127MDRLR7', 27, '02/03/2007', '04/06/2018', '12:36 PM');
insert into Colaborar (CURP, numProyecto, fechaInicio, fechaFin, numHoras) values ('GEGT19811207MLOAU2', 31, '05/03/2014', '09/05/2019', '1:12 PM');
insert into Colaborar (CURP, numProyecto, fechaInicio, fechaFin, numHoras) values ('GEJE19970122FGRAL0', 40, '06/05/2013', '02/03/2019', '11:50 AM');
insert into Colaborar (CURP, numProyecto, fechaInicio, fechaFin, numHoras) values ('GESP19830214FMRIE5', 20, '10/27/2009', '08/01/2018', '4:57 PM');
insert into Colaborar (CURP, numProyecto, fechaInicio, fechaFin, numHoras) values ('GIAP19970623MIBNA7', 44, '03/24/2015', '06/10/2019', '9:00 AM');
insert into Colaborar (CURP, numProyecto, fechaInicio, fechaFin, numHoras) values ('GIGN19820304MMBRI3', 43, '06/25/2017', '11/21/2018', '8:00 AM');
insert into Colaborar (CURP, numProyecto, fechaInicio, fechaFin, numHoras) values ('GIHD19870930MABUA5', 36, '10/22/2014', '03/04/2018', '6:46 AM');
insert into Colaborar (CURP, numProyecto, fechaInicio, fechaFin, numHoras) values ('GIRH19921111MMOAU6', 16, '07/14/2017', '02/04/2019', '9:28 AM');
insert into Colaborar (CURP, numProyecto, fechaInicio, fechaFin, numHoras) values ('GLJC19970401FSOAE8', 23, '09/09/2015', '04/22/2018', '11:40 AM');
insert into Colaborar (CURP, numProyecto, fechaInicio, fechaFin, numHoras) values ('GLLR19960810FKOAO9', 1, '02/24/2006', '01/25/2019', '10:14 AM');
insert into Colaborar (CURP, numProyecto, fechaInicio, fechaFin, numHoras) values ('GLPM19930612FBEEA0', 19, '03/22/2007', '07/10/2019', '3:14 PM');
insert into Colaborar (CURP, numProyecto, fechaInicio, fechaFin, numHoras) values ('GLST19880629FCEHI9', 50, '02/06/2011', '10/27/2019', '2:25 PM');
insert into Colaborar (CURP, numProyecto, fechaInicio, fechaFin, numHoras) values ('GOBJ19870916MTREA7', 44, '12/20/2008', '03/16/2019', '7:50 AM');
insert into Colaborar (CURP, numProyecto, fechaInicio, fechaFin, numHoras) values ('GRBB19840920MKEAA6', 12, '01/24/2013', '08/01/2019', '11:57 AM');
insert into Colaborar (CURP, numProyecto, fechaInicio, fechaFin, numHoras) values ('GRCC19991231MVEIR5', 25, '02/29/2016', '05/01/2019', '4:57 PM');
insert into Colaborar (CURP, numProyecto, fechaInicio, fechaFin, numHoras) values ('GRDC19820611MFEAO4', 9, '05/25/2006', '02/12/2019', '1:53 PM');
insert into Colaborar (CURP, numProyecto, fechaInicio, fechaFin, numHoras) values ('GRSA19860126MSECR5', 22, '08/23/2006', '05/18/2019', '1:02 PM');
insert into Colaborar (CURP, numProyecto, fechaInicio, fechaFin, numHoras) values ('GRSD19921128MVAAA5', 39, '05/28/2011', '08/15/2018', '10:26 AM');
insert into Colaborar (CURP, numProyecto, fechaInicio, fechaFin, numHoras) values ('GULL19880129FCSIY2', 16, '02/07/2017', '09/01/2019', '1:18 PM');
insert into Colaborar (CURP, numProyecto, fechaInicio, fechaFin, numHoras) values ('GUSB20000901MFSAI7', 12, '12/17/2013', '09/19/2019', '6:52 AM');
insert into Colaborar (CURP, numProyecto, fechaInicio, fechaFin, numHoras) values ('GUTK19811220FWSIY8', 29, '11/19/2014', '10/14/2018', '12:32 PM');
insert into Colaborar (CURP, numProyecto, fechaInicio, fechaFin, numHoras) values ('HAAC19830818FTLDE0', 17, '02/09/2007', '10/10/2018', '3:20 PM');
insert into Colaborar (CURP, numProyecto, fechaInicio, fechaFin, numHoras) values ('HAFB19890601MTLAA7', 33, '08/03/2011', '08/12/2019', '10:06 AM');
insert into Colaborar (CURP, numProyecto, fechaInicio, fechaFin, numHoras) values ('HAFO19941005FGLLL7', 44, '07/24/2012', '05/01/2019', '6:14 AM');
insert into Colaborar (CURP, numProyecto, fechaInicio, fechaFin, numHoras) values ('HARA19891215MBLAL2', 35, '04/26/2007', '04/27/2018', '9:11 AM');
insert into Colaborar (CURP, numProyecto, fechaInicio, fechaFin, numHoras) values ('HEGI19861004MÅRIG6', 36, '06/17/2007', '06/05/2019', '3:51 PM');
insert into Colaborar (CURP, numProyecto, fechaInicio, fechaFin, numHoras) values ('HELM19981013FHLIA5', 12, '08/08/2012', '08/29/2018', '9:53 AM');
insert into Colaborar (CURP, numProyecto, fechaInicio, fechaFin, numHoras) values ('HERT19910929FNLOA0', 38, '12/12/2007', '02/27/2019', '1:51 PM');
insert into Colaborar (CURP, numProyecto, fechaInicio, fechaFin, numHoras) values ('HIGP19820811MSIEI7', 48, '05/30/2009', '08/26/2019', '4:24 PM');
insert into Colaborar (CURP, numProyecto, fechaInicio, fechaFin, numHoras) values ('HIOB19810221MBLBL2', 1, '02/09/2008', '04/15/2019', '5:00 PM');
insert into Colaborar (CURP, numProyecto, fechaInicio, fechaFin, numHoras) values ('HOAW19930215MKRLI2', 5, '03/18/2008', '05/13/2018', '8:39 AM');
insert into Colaborar (CURP, numProyecto, fechaInicio, fechaFin, numHoras) values ('HOCI19871012MKELN1', 50, '10/07/2007', '03/07/2019', '7:25 AM');
insert into Colaborar (CURP, numProyecto, fechaInicio, fechaFin, numHoras) values ('HOGA19830119MIRRL5', 47, '04/17/2006', '10/05/2018', '8:02 AM');
insert into Colaborar (CURP, numProyecto, fechaInicio, fechaFin, numHoras) values ('HOGC19990526MPLIO0', 14, '12/02/2005', '09/01/2018', '3:44 PM');
insert into Colaborar (CURP, numProyecto, fechaInicio, fechaFin, numHoras) values ('HOMD19910111MDBII5', 18, '10/27/2007', '08/17/2018', '2:38 PM');
insert into Colaborar (CURP, numProyecto, fechaInicio, fechaFin, numHoras) values ('IDAM19890105FSALO2', 43, '07/05/2010', '06/06/2018', '9:27 AM');
insert into Colaborar (CURP, numProyecto, fechaInicio, fechaFin, numHoras) values ('IDNE19840711FSAAL3', 41, '06/15/2010', '10/05/2018', '8:59 AM');
insert into Colaborar (CURP, numProyecto, fechaInicio, fechaFin, numHoras) values ('IGHV19990114MINOI5', 43, '10/14/2008', '11/12/2019', '10:36 AM');
insert into Colaborar (CURP, numProyecto, fechaInicio, fechaFin, numHoras) values ('IOHE19910824MPSEL3', 42, '06/27/2015', '02/08/2019', '10:43 AM');
insert into Colaborar (CURP, numProyecto, fechaInicio, fechaFin, numHoras) values ('IRHR19860906MHVAA1', 26, '02/16/2006', '05/22/2019', '12:28 PM');
insert into Colaborar (CURP, numProyecto, fechaInicio, fechaFin, numHoras) values ('ISPK19850425MIAAI4', 27, '01/18/2014', '03/22/2018', '4:18 PM');
insert into Colaborar (CURP, numProyecto, fechaInicio, fechaFin, numHoras) values ('ISTR19951119FFAEA9', 9, '05/24/2009', '06/29/2019', '9:19 AM');
insert into Colaborar (CURP, numProyecto, fechaInicio, fechaFin, numHoras) values ('IVCM19870607MBALA2', 15, '12/13/2006', '06/20/2019', '11:29 AM');
insert into Colaborar (CURP, numProyecto, fechaInicio, fechaFin, numHoras) values ('JAAE19880704FBZUD9', 47, '07/26/2013', '09/14/2019', '6:00 PM');
insert into Colaborar (CURP, numProyecto, fechaInicio, fechaFin, numHoras) values ('JAAM19840409MLMUA6', 8, '05/25/2016', '10/17/2019', '5:43 PM');
insert into Colaborar (CURP, numProyecto, fechaInicio, fechaFin, numHoras) values ('JABB19981218MBSRU9', 37, '11/26/2015', '05/01/2018', '4:27 PM');
insert into Colaborar (CURP, numProyecto, fechaInicio, fechaFin, numHoras) values ('JACG19950704FPCAA2', 15, '02/07/2012', '06/29/2019', '8:19 AM');
insert into Colaborar (CURP, numProyecto, fechaInicio, fechaFin, numHoras) values ('JACR19901023FANOO8', 49, '11/15/2007', '01/10/2018', '2:30 PM');
insert into Colaborar (CURP, numProyecto, fechaInicio, fechaFin, numHoras) values ('JAHC19850520FLNEY8', 29, '05/15/2007', '11/16/2018', '2:45 PM');
insert into Colaborar (CURP, numProyecto, fechaInicio, fechaFin, numHoras) values ('JAJB19990507FCNEI7', 33, '12/12/2005', '09/09/2019', '12:48 PM');
insert into Colaborar (CURP, numProyecto, fechaInicio, fechaFin, numHoras) values ('JAKR19970809FCNAO0', 28, '08/08/2014', '05/13/2019', '1:52 PM');
insert into Colaborar (CURP, numProyecto, fechaInicio, fechaFin, numHoras) values ('JAUB19950913FWNLR2', 25, '05/07/2010', '12/19/2017', '3:31 PM');
insert into Colaborar (CURP, numProyecto, fechaInicio, fechaFin, numHoras) values ('JEBM19811002MSRUE6', 33, '03/19/2015', '11/18/2018', '5:03 PM');
insert into Colaborar (CURP, numProyecto, fechaInicio, fechaFin, numHoras) values ('JEDT19811223MCFAY0', 33, '08/23/2015', '06/25/2019', '4:46 PM');
insert into Colaborar (CURP, numProyecto, fechaInicio, fechaFin, numHoras) values ('JEEG19840907MLRRI3', 34, '08/30/2010', '04/18/2019', '6:02 PM');
insert into Colaborar (CURP, numProyecto, fechaInicio, fechaFin, numHoras) values ('JEIR19871110FFNDO9', 18, '02/19/2010', '11/15/2018', '10:12 AM');
insert into Colaborar (CURP, numProyecto, fechaInicio, fechaFin, numHoras) values ('JETC19930810MNRIL7', 43, '05/14/2017', '12/05/2018', '2:06 PM');
insert into Colaborar (CURP, numProyecto, fechaInicio, fechaFin, numHoras) values ('JETD19940621FNNEA1', 24, '08/02/2014', '02/06/2019', '1:14 PM');
insert into Colaborar (CURP, numProyecto, fechaInicio, fechaFin, numHoras) values ('JETD19980122MKSAA6', 22, '10/08/2017', '09/22/2018', '2:34 PM');
insert into Colaborar (CURP, numProyecto, fechaInicio, fechaFin, numHoras) values ('JETK19870727FTAIA4', 10, '08/23/2017', '10/11/2018', '6:47 PM');
insert into Colaborar (CURP, numProyecto, fechaInicio, fechaFin, numHoras) values ('JETM19880304FZSOE3', 37, '05/07/2013', '10/06/2019', '4:16 PM');
insert into Colaborar (CURP, numProyecto, fechaInicio, fechaFin, numHoras) values ('JISA19910128FALIU5', 4, '06/19/2017', '10/16/2019', '8:29 AM');
insert into Colaborar (CURP, numProyecto, fechaInicio, fechaFin, numHoras) values ('JOAC19920628FDHNO5', 19, '03/17/2017', '04/12/2018', '7:26 AM');
insert into Colaborar (CURP, numProyecto, fechaInicio, fechaFin, numHoras) values ('JOBC19891024FLLOO4', 37, '04/01/2008', '10/16/2018', '1:29 PM');
insert into Colaborar (CURP, numProyecto, fechaInicio, fechaFin, numHoras) values ('JOCR19971215FIDAO3', 5, '02/23/2010', '05/07/2018', '8:51 AM');
insert into Colaborar (CURP, numProyecto, fechaInicio, fechaFin, numHoras) values ('JOCR19990427FTSAO5', 37, '07/14/2017', '05/30/2018', '6:20 PM');
insert into Colaborar (CURP, numProyecto, fechaInicio, fechaFin, numHoras) values ('JOIL19940804FCELE5', 2, '06/24/2006', '10/17/2018', '1:47 PM');
insert into Colaborar (CURP, numProyecto, fechaInicio, fechaFin, numHoras) values ('JONP20000122MGSIE3', 16, '11/27/2011', '03/20/2019', '12:23 PM');
insert into Colaborar (CURP, numProyecto, fechaInicio, fechaFin, numHoras) values ('JUIA19980101FKLSM2', 13, '07/13/2016', '01/21/2018', '11:57 AM');
insert into Colaborar (CURP, numProyecto, fechaInicio, fechaFin, numHoras) values ('JUKM19940117FSLAA8', 31, '10/02/2012', '07/15/2018', '1:55 PM');
insert into Colaborar (CURP, numProyecto, fechaInicio, fechaFin, numHoras) values ('JURA19940126FDLOM9', 49, '11/05/2008', '08/18/2019', '7:37 AM');
insert into Colaborar (CURP, numProyecto, fechaInicio, fechaFin, numHoras) values ('JURA19940326FPNER1', 29, '11/03/2012', '03/12/2019', '6:40 AM');
insert into Colaborar (CURP, numProyecto, fechaInicio, fechaFin, numHoras) values ('JURD19801128FTLAO6', 43, '01/28/2011', '02/21/2018', '6:25 AM');
insert into Colaborar (CURP, numProyecto, fechaInicio, fechaFin, numHoras) values ('JURR19870623FILOI4', 18, '10/03/2016', '09/09/2019', '8:47 AM');
insert into Colaborar (CURP, numProyecto, fechaInicio, fechaFin, numHoras) values ('KACJ19890410FBIHO5', 16, '07/26/2016', '08/17/2019', '8:31 AM');
insert into Colaborar (CURP, numProyecto, fechaInicio, fechaFin, numHoras) values ('KAFA19890819MSSRN8', 39, '12/10/2016', '07/03/2018', '3:46 PM');
insert into Colaborar (CURP, numProyecto, fechaInicio, fechaFin, numHoras) values ('KAMA19810610FCLAN8', 18, '07/21/2011', '01/04/2019', '7:45 AM');
insert into Colaborar (CURP, numProyecto, fechaInicio, fechaFin, numHoras) values ('KAWS19991222MCHAT2', 28, '07/22/2006', '01/18/2019', '7:09 AM');
insert into Colaborar (CURP, numProyecto, fechaInicio, fechaFin, numHoras) values ('KEAC19951217FILMH0', 45, '06/16/2013', '06/18/2019', '6:19 AM');
insert into Colaborar (CURP, numProyecto, fechaInicio, fechaFin, numHoras) values ('KEEE19990521MLLVM0', 26, '10/27/2006', '08/14/2018', '12:20 PM');
insert into Colaborar (CURP, numProyecto, fechaInicio, fechaFin, numHoras) values ('KEEG19980109MSEAU7', 33, '06/06/2006', '12/17/2017', '5:12 PM');
insert into Colaborar (CURP, numProyecto, fechaInicio, fechaFin, numHoras) values ('KERC19860331MAVEO2', 23, '01/31/2017', '01/06/2018', '3:31 PM');
insert into Colaborar (CURP, numProyecto, fechaInicio, fechaFin, numHoras) values ('KERD19941108FMNOA0', 41, '11/24/2012', '04/29/2018', '3:32 PM');
insert into Colaborar (CURP, numProyecto, fechaInicio, fechaFin, numHoras) values ('KESS19840707MBIEH4', 19, '05/21/2012', '02/18/2018', '6:15 AM');
insert into Colaborar (CURP, numProyecto, fechaInicio, fechaFin, numHoras) values ('KEWK19980309MBLEL9', 46, '10/16/2012', '02/02/2019', '5:02 PM');
insert into Colaborar (CURP, numProyecto, fechaInicio, fechaFin, numHoras) values ('KIAC19890214MKNDO5', 26, '02/27/2006', '07/26/2019', '6:32 AM');
insert into Colaborar (CURP, numProyecto, fechaInicio, fechaFin, numHoras) values ('KIBG19911107MPLAR7', 4, '11/23/2007', '07/07/2018', '3:10 PM');
insert into Colaborar (CURP, numProyecto, fechaInicio, fechaFin, numHoras) values ('KIFA19830204FDZRR6', 28, '08/24/2016', '08/15/2019', '3:14 PM');
insert into Colaborar (CURP, numProyecto, fechaInicio, fechaFin, numHoras) values ('KILD19820331FWZEO4', 22, '05/13/2008', '06/19/2018', '12:47 PM');
insert into Colaborar (CURP, numProyecto, fechaInicio, fechaFin, numHoras) values ('KIMV19971216FSTAI5', 32, '10/08/2010', '02/10/2018', '1:24 PM');
insert into Colaborar (CURP, numProyecto, fechaInicio, fechaFin, numHoras) values ('KIZN19811126MILAO0', 18, '04/04/2006', '02/20/2019', '2:31 PM');

-- Tabla de directores
insert into Dirigir (CURP, RFC, fechaInicio) values ('ABKE19850112MSBLL0', 'X70ZC2JKW3J6W', '04/05/2016');
insert into Dirigir (CURP, RFC, fechaInicio) values ('ABSP19890514MFEIH5', 'TJ57E3GR3USL4', '03/29/2011');
insert into Dirigir (CURP, RFC, fechaInicio) values ('ADAC19840726MLDLL3', '91UA69IUI0KA1', '08/11/2004');
insert into Dirigir (CURP, RFC, fechaInicio) values ('ADMC19940923FYEAO4', 'SQ9JNZMX8NTVL', '11/06/2004');
insert into Dirigir (CURP, RFC, fechaInicio) values ('ADOR19910129MCASI0', '9IY56JXTKC71F', '07/25/2010');
insert into Dirigir (CURP, RFC, fechaInicio) values ('ADSA19820801FNEEN5', '6ROPGAXGOFS6E', '08/22/2011');
insert into Dirigir (CURP, RFC, fechaInicio) values ('AGJR19960615FCNAA3', 'KOUDL4VRYSEZI', '03/31/2015');
insert into Dirigir (CURP, RFC, fechaInicio) values ('ALAM19880405FALDO0', 'L9995XCO122HZ', '01/17/2016');
insert into Dirigir (CURP, RFC, fechaInicio) values ('ALAT19980829MCEMI3', 'CMPP73TMB8OHI', '04/21/2012');
insert into Dirigir (CURP, RFC, fechaInicio) values ('ALAU19991218MIERL5', '0ERZ84XEN5R61', '08/28/2009');
insert into Dirigir (CURP, RFC, fechaInicio) values ('ALCS19840128FLAAU3', 'PAZ0RZEQ4QPJ8', '12/21/2003');
insert into Dirigir (CURP, RFC, fechaInicio) values ('ALEB19920403FTEBI6', 'TGOZCAUIAC12J', '06/14/1948');
insert into Dirigir (CURP, RFC, fechaInicio) values ('ALEK19840810MTPVE9', '4F6G4EE9GYP6A', '06/18/2008');
insert into Dirigir (CURP, RFC, fechaInicio) values ('ALFE19940725MHEOR8', 'Z5S8TF3HNDP61', '12/20/2013');
insert into Dirigir (CURP, RFC, fechaInicio) values ('ALHR19960806MLFAE9', 'TGOZCAUIAC12J', '10/10/2013');
insert into Dirigir (CURP, RFC, fechaInicio) values ('ALJF19820518MLAAA5', 'PAZ0RZEQ4QPJ8', '01/03/2006');
insert into Dirigir (CURP, RFC, fechaInicio) values ('ALJS19980718FÅIIA8', 'TRR570INLEJBM', '12/29/2002');
insert into Dirigir (CURP, RFC, fechaInicio) values ('ALJT19921222FFLOE3', 'AQG00POKZO26E', '02/18/2014');
insert into Dirigir (CURP, RFC, fechaInicio) values ('ALKB19890314MLLOO5', 'WZ8A0WLBH8TCY', '06/11/2001');
insert into Dirigir (CURP, RFC, fechaInicio) values ('ALMT19940127FTOAE2', 'NCWEQOHK7WPAN', '09/08/2001');
insert into Dirigir (CURP, RFC, fechaInicio) values ('ALNB19951222FKLEA8', '9Z3ZT4LVR2LY3', '12/30/2013');
insert into Dirigir (CURP, RFC, fechaInicio) values ('ALNS19831114MBAOH4', 'TGOZCAUIAC12J', '09/25/1950');
insert into Dirigir (CURP, RFC, fechaInicio) values ('ALWS19930124MPFIH3', '4F6G4EE9GYP6A', '04/02/2001');
insert into Dirigir (CURP, RFC, fechaInicio) values ('AMCC19931209FCAIA8', 'MWAZ4D6JE7DJM', '07/28/2007');
insert into Dirigir (CURP, RFC, fechaInicio) values ('AMDR19870908FKAAO1', 'JBZ4VDGE6E6EY', '10/29/2007');
insert into Dirigir (CURP, RFC, fechaInicio) values ('AMMK19961116FTAAA7', '2YYU3CQGX0FLF', '08/12/2012');
insert into Dirigir (CURP, RFC, fechaInicio) values ('AMSL19880804MCOAO8', 'DD39YW5UZAGAH', '01/05/2015');
insert into Dirigir (CURP, RFC, fechaInicio) values ('ANCB19951127FAAHE7', 'CTAZFG8Y5SK4L', '10/16/2009');
insert into Dirigir (CURP, RFC, fechaInicio) values ('ANGA19980314FONLL5', 'TJ5KP7907YLGI', '07/22/2013');
insert into Dirigir (CURP, RFC, fechaInicio) values ('ANHX19970619MVDAE2', 'CJVXEGUV08NA8', '07/09/2002');
insert into Dirigir (CURP, RFC, fechaInicio) values ('ANHY19920805MDSAA9', 'BP938SD71BJX4', '12/18/2017');
insert into Dirigir (CURP, RFC, fechaInicio) values ('ANKM19821229FCNOI9', '2YYU3CQGX0FLF', '11/19/2016');
insert into Dirigir (CURP, RFC, fechaInicio) values ('ANLB19970417FSNIR8', 'B06EMIVWEWAFC', '12/26/2004');
insert into Dirigir (CURP, RFC, fechaInicio) values ('ANLR19820822FKAYO9', 'JBZ4VDGE6E6EY', '06/19/2010');
insert into Dirigir (CURP, RFC, fechaInicio) values ('ANMK19820426FOAAI2', '8XD8TVPBHF0XH', '01/19/2008');
insert into Dirigir (CURP, RFC, fechaInicio) values ('ANMK19880830FTDIR6', 'YZWYZOPH7B9SS', '04/16/2005');
insert into Dirigir (CURP, RFC, fechaInicio) values ('ARAR19870710MPCLU4', '9BKFU39QJCDCM', '07/11/2011');
insert into Dirigir (CURP, RFC, fechaInicio) values ('ARBL19970907FMDIE3', 'B06EMIVWEWAFC', '06/21/2014');
insert into Dirigir (CURP, RFC, fechaInicio) values ('ARDR19980603FMDEI8', 'OQXV3F9KNE021', '01/27/2014');
insert into Dirigir (CURP, RFC, fechaInicio) values ('ARGC19860507FILAO9', 'SCPEDLLEOBHEQ', '11/06/2004');
insert into Dirigir (CURP, RFC, fechaInicio) values ('ARGF19851119MSLII3', 'SCPEDLLEOBHEQ', '06/07/2006');
insert into Dirigir (CURP, RFC, fechaInicio) values ('ARGR19981202MGLAO0', 'WZ8A0WLBH8TCY', '08/21/2015');
insert into Dirigir (CURP, RFC, fechaInicio) values ('ARHP19860207MWNAA2', 'OQXV3F9KNE021', '11/29/2002');
insert into Dirigir (CURP, RFC, fechaInicio) values ('ARKA19970919MRCAL2', 'Z5Y6KURKE5OTG', '04/21/2014');
insert into Dirigir (CURP, RFC, fechaInicio) values ('ARSM20000820MVITO9', 'A8YWXLNMLBTP9', '12/09/2002');
insert into Dirigir (CURP, RFC, fechaInicio) values ('ARVF19860104FKLIE9', 'K58NW8JVHFDVP', '03/26/2010');
insert into Dirigir (CURP, RFC, fechaInicio) values ('ASLS19820314FNHII6', '4UPUD4CXI6Y4M', '03/28/2001');
insert into Dirigir (CURP, RFC, fechaInicio) values ('AUBG19990330FYROL8', 'LVJ31JUG6L6K8', '04/10/2014');
insert into Dirigir (CURP, RFC, fechaInicio) values ('AUJS19870116FXGAH2', 'B9H0OI8UJA0VX', '04/10/2001');
insert into Dirigir (CURP, RFC, fechaInicio) values ('AUME19830307MBBAD2', 'VSDS414U6PGEY', '09/16/2001');
insert into Dirigir (CURP, RFC, fechaInicio) values ('AUPM19880116MVBYA7', 'PAZ0RZEQ4QPJ8', '10/09/2013');
insert into Dirigir (CURP, RFC, fechaInicio) values ('AURL19961006FVDOI5', 'UW475T82UBTDC', '07/14/2008');
insert into Dirigir (CURP, RFC, fechaInicio) values ('AURM19880202FSGAE3', 'OHDZHXBMJ7K8H', '03/01/2016');
insert into Dirigir (CURP, RFC, fechaInicio) values ('AVHA19900509MSEAL1', 'Z5S8TF3HNDP61', '01/25/2015');
insert into Dirigir (CURP, RFC, fechaInicio) values ('BACS19870813FVTAI5', 'ZCL3CG3P38RBN', '11/29/2008');
insert into Dirigir (CURP, RFC, fechaInicio) values ('BAEM19820527FSMDO1', 'B9H0OI8UJA0VX', '11/05/2011');
insert into Dirigir (CURP, RFC, fechaInicio) values ('BAGC19821022MPRIL5', 'B06EMIVWEWAFC', '10/30/2006');
insert into Dirigir (CURP, RFC, fechaInicio) values ('BANN19850117MCRAA5', 'OWB8QC2WXRL5A', '04/29/2003');
insert into Dirigir (CURP, RFC, fechaInicio) values ('BARF19941207MCREE4', 'C9SYI6HOF36L9', '08/01/2004');
insert into Dirigir (CURP, RFC, fechaInicio) values ('BARW19941031MXSAA0', 'C2BKENPKFDBDT', '06/07/2003');
insert into Dirigir (CURP, RFC, fechaInicio) values ('BASR19821229MSRHU5', 'M7DS5D1N9EDFE', '12/22/2012');
insert into Dirigir (CURP, RFC, fechaInicio) values ('BEAM19850127FKRDO0', 'UV2OLYADR5I5R', '09/07/2005');
insert into Dirigir (CURP, RFC, fechaInicio) values ('BECM19981207FPLAE2', 'ZCL3CG3P38RBN', '01/06/2003');
insert into Dirigir (CURP, RFC, fechaInicio) values ('BEEI19900725MLRNS0', '0ERZ84XEN5R61', '08/13/2008');
insert into Dirigir (CURP, RFC, fechaInicio) values ('BEGG19890609MKAAU0', 'RI3K40F4U5VTP', '10/29/2002');
insert into Dirigir (CURP, RFC, fechaInicio) values ('BEHF19890409MANIA0', 'MWAZ4D6JE7DJM', '01/22/2011');
insert into Dirigir (CURP, RFC, fechaInicio) values ('BEHH19950520FMBEE2', '9S439CDK9XQ4B', '09/17/2017');
insert into Dirigir (CURP, RFC, fechaInicio) values ('BEJB19850809FHTUR1', 'DD39YW5UZAGAH', '03/31/2009');
insert into Dirigir (CURP, RFC, fechaInicio) values ('BEKS19920726FMTEO7', 'VSDS414U6PGEY', '11/30/2013');
insert into Dirigir (CURP, RFC, fechaInicio) values ('BIGA19920409MFLUR2', 'PUDML2MEV7A8S', '04/27/2005');
insert into Dirigir (CURP, RFC, fechaInicio) values ('BISA19930721FZNIR0', 'B9H0OI8UJA0VX', '04/05/2013');
insert into Dirigir (CURP, RFC, fechaInicio) values ('BLAC19830623FCOLO6', '3ZAP92AP6EQ8A', '08/11/2012');
insert into Dirigir (CURP, RFC, fechaInicio) values ('BLLL19890102FGIAI1', 'IDTRTRQ978AAS', '03/04/2001');
insert into Dirigir (CURP, RFC, fechaInicio) values ('BODF19880104MVNEE7', 'LVJ31JUG6L6K8', '12/25/2000');
insert into Dirigir (CURP, RFC, fechaInicio) values ('BOEE19930719FABDL4', 'Y4ZGHNXPVBCI8', '07/02/2017');
insert into Dirigir (CURP, RFC, fechaInicio) values ('BOGB19980805FSBUL4', '91UA69IUI0KA1', '11/23/2003');
insert into Dirigir (CURP, RFC, fechaInicio) values ('BOLA19960727FKBEP3', '513DB4C763RRO', '08/29/2017');
insert into Dirigir (CURP, RFC, fechaInicio) values ('BONF19890923MKRIL0', 'LVJ31JUG6L6K8', '10/14/2002');
insert into Dirigir (CURP, RFC, fechaInicio) values ('BORC19900908MBOAH2', 'VM8D9POP93BVB', '06/14/2002');
insert into Dirigir (CURP, RFC, fechaInicio) values ('BOWF19870723MBIAR9', 'SCPEDLLEOBHEQ', '12/12/2013');
insert into Dirigir (CURP, RFC, fechaInicio) values ('BOYH19990620MSRUA9', '4W9BOLQPZPP0T', '07/03/2015');
insert into Dirigir (CURP, RFC, fechaInicio) values ('BRAB19830219MFUDE3', 'MWAZ4D6JE7DJM', '06/08/2013');
insert into Dirigir (CURP, RFC, fechaInicio) values ('BRDL19940323FIAEA7', '9BKFU39QJCDCM', '08/18/2010');
insert into Dirigir (CURP, RFC, fechaInicio) values ('BREB19910102MSILL2', 'KOUDL4VRYSEZI', '10/10/2001');
insert into Dirigir (CURP, RFC, fechaInicio) values ('BRIN19920218MPANE5', 'SCPEDLLEOBHEQ', '09/06/2001');
insert into Dirigir (CURP, RFC, fechaInicio) values ('BRJL19880713FWAAI1', 'FTSLOYZ7M36OF', '04/12/2008');
insert into Dirigir (CURP, RFC, fechaInicio) values ('BRMN19890901FTIIO2', 'Z5S8TF3HNDP61', '05/13/2004');
insert into Dirigir (CURP, RFC, fechaInicio) values ('BRRL19920620MMIEO7', '9S439CDK9XQ4B', '08/27/2014');
insert into Dirigir (CURP, RFC, fechaInicio) values ('BRRU19961220FTEER1', '7NJ45VGPGBLJB', '12/23/2013');
insert into Dirigir (CURP, RFC, fechaInicio) values ('BRVT19961115MSOAR8', 'SE0G6H1P9IXL1', '09/13/2006');
insert into Dirigir (CURP, RFC, fechaInicio) values ('CAAM19990324FARRA8', 'X70ZC2JKW3J6W', '10/15/2018');
insert into Dirigir (CURP, RFC, fechaInicio) values ('CAEJ19970920FVRSO1', '2YYU3CQGX0FLF', '08/24/2014');
insert into Dirigir (CURP, RFC, fechaInicio) values ('CAFC19830908FBRAH0', '9S439CDK9XQ4B', '04/25/2015');
insert into Dirigir (CURP, RFC, fechaInicio) values ('CAGL20000804FSTWO9', 'DDD15UYXVZMS1', '09/17/2003');
insert into Dirigir (CURP, RFC, fechaInicio) values ('CAGO19990328FSTUR5', 'Z5S8TF3HNDP61', '02/13/2007');
insert into Dirigir (CURP, RFC, fechaInicio) values ('CAHF19860320FNRAI5', 'NQQOOV992GP75', '05/23/2014');
insert into Dirigir (CURP, RFC, fechaInicio) values ('CAKB19990704FHMIA8', 'U7U731PF4L7GT', '09/25/2004');
insert into Dirigir (CURP, RFC, fechaInicio) values ('CAKL19831203MISUO9', 'C2BKENPKFDBDT', '01/22/2008');
insert into Dirigir (CURP, RFC, fechaInicio) values ('CALA19921108FNRIL2', 'TJ57E3GR3USL4', '02/15/2002');
insert into Dirigir (CURP, RFC, fechaInicio) values ('CAMS19890427FTLAH8', 'NCWEQOHK7WPAN', '12/10/2009');

-- Scrip para poblar empresas
insert into Empresa (RFC, razonSocial, calle, num, ciudad, CPE) values ('513DB4C763RRO', 'PEMEX', 'Jenna', 93, 'Santa Rosa de Aguán', 24948);
insert into Empresa (RFC, razonSocial, calle, num, ciudad, CPE) values ('SQ9JNZMX8NTVL', 'Paylocity Holding Corporation', 'Dottie', 60, 'Futian', 84744);
insert into Empresa (RFC, razonSocial, calle, num, ciudad, CPE) values ('8XD8TVPBHF0XH', 'R1 RCM Inc.', 'Judy', 550, 'La Soledad', 62661);
insert into Empresa (RFC, razonSocial, calle, num, ciudad, CPE) values ('L9995XCO122HZ', 'iStar Financial Inc.', 'Farwell', 48, 'Yaozhuang', 19907);
insert into Empresa (RFC, razonSocial, calle, num, ciudad, CPE) values ('9BKFU39QJCDCM', 'Citrix Systems, Inc.', 'Kingsford', 0, 'Copa', 63537);
insert into Empresa (RFC, razonSocial, calle, num, ciudad, CPE) values ('Z4PZ1SZT33KYN', 'CA Inc.', 'Old Gate', 7, 'Nowy Tomysl', 75612);
insert into Empresa (RFC, razonSocial, calle, num, ciudad, CPE) values ('PAZ0RZEQ4QPJ8', 'The Cushing MLP Total Return Fund', 'Crowley', 15729, 'Concepción', 10112);
insert into Empresa (RFC, razonSocial, calle, num, ciudad, CPE) values ('TJ57E3GR3USL4', 'Highland Funds I', 'Buell', 4683, 'Akure', 70480);
insert into Empresa (RFC, razonSocial, calle, num, ciudad, CPE) values ('B06EMIVWEWAFC', 'CVR Energy Inc.', 'West', 65, 'Chelmza', 54531);
insert into Empresa (RFC, razonSocial, calle, num, ciudad, CPE) values ('VSDS414U6PGEY', 'Cumberland Pharmaceuticals Inc.', 'Meadow Valley', 88, 'Imatra', 55754);
insert into Empresa (RFC, razonSocial, calle, num, ciudad, CPE) values ('481L6PL6ULAVQ', 'Lehman ABS Corporation', 'Eagle Crest', 478, 'Lindome', 32583);
insert into Empresa (RFC, razonSocial, calle, num, ciudad, CPE) values ('TRR570INLEJBM', 'Boise Cascade, L.L.C.', '6th', 90, 'Timiryazevo', 27104);
insert into Empresa (RFC, razonSocial, calle, num, ciudad, CPE) values ('7UHDCTVQCRTWA', 'Triangle Capital Corporation', 'Meadow Vale', 6, 'Tucupita', 16999);
insert into Empresa (RFC, razonSocial, calle, num, ciudad, CPE) values ('9IY56JXTKC71F', 'Crescent Point Energy Corporation', 'Sutherland', 15, 'Houston', 75457);
insert into Empresa (RFC, razonSocial, calle, num, ciudad, CPE) values ('9Z3ZT4LVR2LY3', 'Tactile Systems Technology, Inc.', 'Almo', 4, 'Laiponda', 96380);
insert into Empresa (RFC, razonSocial, calle, num, ciudad, CPE) values ('B9H0OI8UJA0VX', 'H&E Equipment Services, Inc.', 'Superior', 19, 'Longhe', 69497);
insert into Empresa (RFC, razonSocial, calle, num, ciudad, CPE) values ('GXWPHL3BS5D5L', 'Tesoro Logistics LP', 'Hayes', 76, 'Åkersberga', 20675);
insert into Empresa (RFC, razonSocial, calle, num, ciudad, CPE) values ('PUDML2MEV7A8S', 'Valmont Industries, Inc.', 'Caliangt', 8345, 'Facatativá', 46471);
insert into Empresa (RFC, razonSocial, calle, num, ciudad, CPE) values ('SCPEDLLEOBHEQ', 'Xenetic Biosciences, Inc.', 'Eggendart', 3044, 'Lobatse', 24104);
insert into Empresa (RFC, razonSocial, calle, num, ciudad, CPE) values ('A8YWXLNMLBTP9', 'SPAR Group, Inc.', 'Fieldstone', 33169, 'Thành Ph? Bà R?a', 73039);
insert into Empresa (RFC, razonSocial, calle, num, ciudad, CPE) values ('DDD15UYXVZMS1', 'EnerNOC, Inc.', 'Orin', 8, 'Kórnik', 75017);
insert into Empresa (RFC, razonSocial, calle, num, ciudad, CPE) values ('4UPUD4CXI6Y4M', 'ABIOMED, Inc.', 'Warner', 5824, 'Buawan', 22514);
insert into Empresa (RFC, razonSocial, calle, num, ciudad, CPE) values ('DJZH461BNZTFN', 'USA Compression Partners, LP', 'Hudson', 11, 'Prince Rupert', 77346);
insert into Empresa (RFC, razonSocial, calle, num, ciudad, CPE) values ('CJVXEGUV08NA8', 'Antero Resources Corporation', 'Lillian', 5, 'Checacupe', 27977);
insert into Empresa (RFC, razonSocial, calle, num, ciudad, CPE) values ('M1M6H99TM2FJ6', 'Kelly Services, Inc.', 'Cambridge', 26, 'Katsuyama', 12382);
insert into Empresa (RFC, razonSocial, calle, num, ciudad, CPE) values ('CD87D7RD9SM83', 'Banco Santander, S.A.', 'Kim', 18, 'Tha Bo', 54567);
insert into Empresa (RFC, razonSocial, calle, num, ciudad, CPE) values ('6CRSY7ZHBCGHX', 'Banc of California, Inc.', 'Bellgrove', 7025, 'Chaumont', 29865);
insert into Empresa (RFC, razonSocial, calle, num, ciudad, CPE) values ('Z5Y6KURKE5OTG', 'First Trust Developed Markets ex-US Small Cap AlphaDEX Fund', 'Bluejay', 30, 'Austin', 19793);
insert into Empresa (RFC, razonSocial, calle, num, ciudad, CPE) values ('4F6G4EE9GYP6A', 'Dillard''s, Inc.', 'Anthes', 3, 'Orlovo', 42479);
insert into Empresa (RFC, razonSocial, calle, num, ciudad, CPE) values ('SE0G6H1P9IXL1', 'Horizon Global Corporation', 'Mallory', 2705, 'Vanadzor', 44817);
insert into Empresa (RFC, razonSocial, calle, num, ciudad, CPE) values ('Y4ZGHNXPVBCI8', 'Sprott Focus Trust, Inc.', 'Helena', 600, 'Dukla', 14198);
insert into Empresa (RFC, razonSocial, calle, num, ciudad, CPE) values ('K58NW8JVHFDVP', 'Graham Corporation', 'Longview', 18526, 'Chipoka', 57001);
insert into Empresa (RFC, razonSocial, calle, num, ciudad, CPE) values ('UT9TFWNGMR37I', 'Capitol Acquisition Corp. III', 'Roth', 57150, 'Sukaharja', 89879);
insert into Empresa (RFC, razonSocial, calle, num, ciudad, CPE) values ('NCWEQOHK7WPAN', 'Heska Corporation', 'Rowland', 83754, 'Krasnaya Polyana', 71754);
insert into Empresa (RFC, razonSocial, calle, num, ciudad, CPE) values ('QIDV5OT2WTGYB', 'Hibbett Sports, Inc.', 'Cottonwood', 8526, 'Olovyannaya', 92057);
insert into Empresa (RFC, razonSocial, calle, num, ciudad, CPE) values ('9HKBNX02TG2GE', 'Nuveen Quality Preferred Income Fund 2', 'Anniversary', 14, 'Tabuadelo', 98323);
insert into Empresa (RFC, razonSocial, calle, num, ciudad, CPE) values ('C2BKENPKFDBDT', 'US Ecology, Inc.', 'Ryan', 788, 'Pervoural’sk', 67019);
insert into Empresa (RFC, razonSocial, calle, num, ciudad, CPE) values ('TGOZCAUIAC12J', 'The Habit Restaurants, Inc.', 'Norway Maple', 285, 'Meilin', 99126);
insert into Empresa (RFC, razonSocial, calle, num, ciudad, CPE) values ('W14MHRWLELLQG', 'California Water  Service Group Holding', 'John Wall', 25328, 'Merefa', 72327);
insert into Empresa (RFC, razonSocial, calle, num, ciudad, CPE) values ('WS6ERT43PGQTA', 'CareDx, Inc.', 'Gina', 5, 'Ishioka', 37217);
insert into Empresa (RFC, razonSocial, calle, num, ciudad, CPE) values ('KOUDL4VRYSEZI', 'First Financial Bancorp.', 'Prairie Rose', 1, 'Stende', 70172);
insert into Empresa (RFC, razonSocial, calle, num, ciudad, CPE) values ('H1QXW6YVZ1VCD', 'Celadon Group, Inc.', 'Holy Cross', 40, 'Gorelki', 57459);
insert into Empresa (RFC, razonSocial, calle, num, ciudad, CPE) values ('OWB8QC2WXRL5A', 'Mitcham Industries, Inc.', 'Westridge', 5315, 'Wilcza', 33465);
insert into Empresa (RFC, razonSocial, calle, num, ciudad, CPE) values ('1LXC45LWLYYDW', 'Nuveen High Income December 2019 Target Term Fund', 'Utah', 4, 'Ronov nad Doubravou', 50369);
insert into Empresa (RFC, razonSocial, calle, num, ciudad, CPE) values ('U7U731PF4L7GT', 'Sempra Energy', 'Northview', 91, 'Veinticinco de Mayo', 95788);
insert into Empresa (RFC, razonSocial, calle, num, ciudad, CPE) values ('X70ZC2JKW3J6W', 'United States Cellular Corporation', 'Ridgeway', 6, 'Kuala Lumpur', 93538);
insert into Empresa (RFC, razonSocial, calle, num, ciudad, CPE) values ('BP938SD71BJX4', 'LM Funding America, Inc.', 'Sauthoff', 5, 'Nan’an', 25759);
insert into Empresa (RFC, razonSocial, calle, num, ciudad, CPE) values ('K490VEKTOTMLA', 'e.l.f. Beauty, Inc.', 'Lakewood Gardens', 3, 'Yanino Vtoroye', 96638);
insert into Empresa (RFC, razonSocial, calle, num, ciudad, CPE) values ('G1FRMCI696HW7', 'Invitation Homes Inc.', 'Division', 3, 'Xinxing', 10797);
insert into Empresa (RFC, razonSocial, calle, num, ciudad, CPE) values ('2YYU3CQGX0FLF', 'Macro Bank Inc.', 'Vermont', 17555, 'Bolembre', 61235);
insert into Empresa (RFC, razonSocial, calle, num, ciudad, CPE) values ('7ETIRII4YAEM5', 'On Track Innovations Ltd', 'Golf', 88, 'Verd', 65081);
insert into Empresa (RFC, razonSocial, calle, num, ciudad, CPE) values ('OQXV3F9KNE021', 'DDR Corp.', 'Mitchell', 2753, 'Verkhniy Landekh', 67843);
insert into Empresa (RFC, razonSocial, calle, num, ciudad, CPE) values ('MWAZ4D6JE7DJM', 'Rosehill Resources Inc.', 'Cambridge', 2802, 'Storozhynets’', 25605);
insert into Empresa (RFC, razonSocial, calle, num, ciudad, CPE) values ('LVJ31JUG6L6K8', 'Global X Health & Wellness Thematic ETF', 'Crescent Oaks', 92, 'Senahú', 21284);
insert into Empresa (RFC, razonSocial, calle, num, ciudad, CPE) values ('M7DS5D1N9EDFE', 'MYR Group, Inc.', 'Golf View', 3, 'Vyatskiye Polyany', 36811);
insert into Empresa (RFC, razonSocial, calle, num, ciudad, CPE) values ('6ROPGAXGOFS6E', 'Westar Energy, Inc.', 'Heath', 9388, 'Samobor', 53588);
insert into Empresa (RFC, razonSocial, calle, num, ciudad, CPE) values ('UPSZYPHRFVQNR', 'Allied World Assurance Company Holdings, AG', 'Forest Dale', 6697, 'Primorskiy', 83520);
insert into Empresa (RFC, razonSocial, calle, num, ciudad, CPE) values ('U44XH1WWPLKFR', 'Nucor Corporation', 'Memorial', 665, 'Concepción del Bermejo', 71063);
insert into Empresa (RFC, razonSocial, calle, num, ciudad, CPE) values ('TJ5KP7907YLGI', 'Endocyte, Inc.', 'Emmet', 47, 'Cakovec', 35434);
insert into Empresa (RFC, razonSocial, calle, num, ciudad, CPE) values ('9UYE42CKO5A2N', 'ESSA Bancorp, Inc.', 'Surrey', 7315, 'Xinbu', 70737);
insert into Empresa (RFC, razonSocial, calle, num, ciudad, CPE) values ('JBZ4VDGE6E6EY', 'Tower Semiconductor Ltd.', 'Crowley', 8, 'Selaphum', 98427);
insert into Empresa (RFC, razonSocial, calle, num, ciudad, CPE) values ('1REKW10CZ9P0K', 'Liberty Expedia Holdings, Inc.', 'Mccormick', 62, 'Kuantian', 75020);
insert into Empresa (RFC, razonSocial, calle, num, ciudad, CPE) values ('FTSLOYZ7M36OF', 'Raymond James Financial, Inc.', 'Ryan', 25098, 'Petersfield', 61755);
insert into Empresa (RFC, razonSocial, calle, num, ciudad, CPE) values ('3ZAP92AP6EQ8A', 'DarioHealth Corp.', 'Helena', 618, 'Lesozavodsk', 87806);
insert into Empresa (RFC, razonSocial, calle, num, ciudad, CPE) values ('NZUH0FZRM9TGB', 'Tocagen Inc.', 'Columbus', 34, 'Konarak', 61479);
insert into Empresa (RFC, razonSocial, calle, num, ciudad, CPE) values ('UW475T82UBTDC', 'MRC Global Inc.', 'Elka', 5, 'Agboville', 72614);
insert into Empresa (RFC, razonSocial, calle, num, ciudad, CPE) values ('CMPP73TMB8OHI', 'Appian Corporation', 'Ridge Oak', 16, 'Matou', 92959);
insert into Empresa (RFC, razonSocial, calle, num, ciudad, CPE) values ('GEY27W4MWPGIS', 'Tsakos Energy Navigation Ltd', 'Thompson', 2, 'Hanjia', 24830);
insert into Empresa (RFC, razonSocial, calle, num, ciudad, CPE) values ('Z5S8TF3HNDP61', 'Stemline Therapeutics, Inc.', 'Hollow Ridge', 2, 'Maogang', 89469);
insert into Empresa (RFC, razonSocial, calle, num, ciudad, CPE) values ('DACK2FNA44MIE', 'Senior Housing Properties Trust', 'Huxley', 6, 'Funga', 54976);
insert into Empresa (RFC, razonSocial, calle, num, ciudad, CPE) values ('NZGHNA6D9YG7A', 'Zions Bancorporation', 'Gina', 4241, 'Zeerust', 98919);
insert into Empresa (RFC, razonSocial, calle, num, ciudad, CPE) values ('RI3K40F4U5VTP', 'uniQure N.V.', 'Maple Wood', 72, 'Choujiang', 82148);
insert into Empresa (RFC, razonSocial, calle, num, ciudad, CPE) values ('091626ZQZVEJN', 'Alamos Gold Inc.', 'Emmet', 84, 'Georgetown', 97689);
insert into Empresa (RFC, razonSocial, calle, num, ciudad, CPE) values ('OHDZHXBMJ7K8H', 'Apptio, Inc.', 'Claremont', 4799, 'Varaždin', 38276);
insert into Empresa (RFC, razonSocial, calle, num, ciudad, CPE) values ('UV2OLYADR5I5R', 'First Trust Senior Loan Fund ETF', 'Dixon', 0, 'Anbyon-up', 88149);
insert into Empresa (RFC, razonSocial, calle, num, ciudad, CPE) values ('NRKZZDPLRA984', 'SteadyMed Ltd.', 'Ramsey', 47, 'Sharga', 45295);
insert into Empresa (RFC, razonSocial, calle, num, ciudad, CPE) values ('NQQOOV992GP75', 'THL Credit, Inc.', 'Manitowish', 2393, 'Kembé', 53827);
insert into Empresa (RFC, razonSocial, calle, num, ciudad, CPE) values ('4W9BOLQPZPP0T', 'Hersha Hospitality Trust', 'Buhler', 18149, 'Korsze', 20875);
insert into Empresa (RFC, razonSocial, calle, num, ciudad, CPE) values ('ZCL3CG3P38RBN', 'Spectrum Brands Holdings, Inc.', 'Roxbury', 47, 'Burbank', 49648);
insert into Empresa (RFC, razonSocial, calle, num, ciudad, CPE) values ('91UA69IUI0KA1', 'Continental Resources, Inc.', 'Little Fleur', 3953, 'Biên Hòa', 50777);
insert into Empresa (RFC, razonSocial, calle, num, ciudad, CPE) values ('HVVSW5LP85MHZ', 'Cable One, Inc.', 'Paget', 5875, 'Shenwan', 67183);
insert into Empresa (RFC, razonSocial, calle, num, ciudad, CPE) values ('9S439CDK9XQ4B', 'Alphabet Inc.', 'Farmco', 4848, 'Fumin', 85032);
insert into Empresa (RFC, razonSocial, calle, num, ciudad, CPE) values ('Y85GN1I536OJI', 'Associated Banc-Corp', 'Arkansas', 2, 'Inta', 38548);
insert into Empresa (RFC, razonSocial, calle, num, ciudad, CPE) values ('WZ8A0WLBH8TCY', 'Grifols, S.A.', 'Bowman', 926, 'Shahumyan', 23862);
insert into Empresa (RFC, razonSocial, calle, num, ciudad, CPE) values ('JAFOO1XO28BOZ', 'Tuesday Morning Corp.', 'Brickson Park', 9527, 'Panacan', 19706);
insert into Empresa (RFC, razonSocial, calle, num, ciudad, CPE) values ('C9SYI6HOF36L9', 'BB&T Corporation', 'Glendale', 77, 'Wrzesnia', 65713);
insert into Empresa (RFC, razonSocial, calle, num, ciudad, CPE) values ('IF7SASH1HBVDN', 'The Ensign Group, Inc.', 'Oneill', 1755, 'Toulon', 72362);
insert into Empresa (RFC, razonSocial, calle, num, ciudad, CPE) values ('DD39YW5UZAGAH', 'Franklin Resources, Inc.', 'Toban', 93, 'Montalegre', 54935);
insert into Empresa (RFC, razonSocial, calle, num, ciudad, CPE) values ('VXCOM5YRQ2380', 'Viavi Solutions Inc.', 'Sundown', 5, 'Tebon', 22246);
insert into Empresa (RFC, razonSocial, calle, num, ciudad, CPE) values ('VM8D9POP93BVB', 'Sonus Networks, Inc.', 'Marquette', 1420, 'Sobinka', 48769);
insert into Empresa (RFC, razonSocial, calle, num, ciudad, CPE) values ('YZWYZOPH7B9SS', 'Berry Global Group, Inc.', 'Buell', 74, 'Andrushivka', 90736);
insert into Empresa (RFC, razonSocial, calle, num, ciudad, CPE) values ('CTAZFG8Y5SK4L', 'Blackstone GSO Long Short Credit Income Fund', 'Artisan', 222, 'Vatutino', 56990);
insert into Empresa (RFC, razonSocial, calle, num, ciudad, CPE) values ('IDTRTRQ978AAS', 'IZEA Inc.', 'Shoshone', 5374, 'Boleszkowice', 63967);
insert into Empresa (RFC, razonSocial, calle, num, ciudad, CPE) values ('0ERZ84XEN5R61', 'Burlington Stores, Inc.', 'Brown', 0, 'San Francisco', 68440);
insert into Empresa (RFC, razonSocial, calle, num, ciudad, CPE) values ('P6YF4A2B7U4NF', 'Fortis Inc.', 'Norway Maple', 27356, 'Sampaio', 41439);
insert into Empresa (RFC, razonSocial, calle, num, ciudad, CPE) values ('AQG00POKZO26E', 'Fly Leasing Limited', 'Myrtle', 2569, 'Norrtälje', 89306);
insert into Empresa (RFC, razonSocial, calle, num, ciudad, CPE) values ('7NJ45VGPGBLJB', 'GMS Inc.', 'Leroy', 23831, 'Honglong', 31512);
insert into Empresa (RFC, razonSocial, calle, num, ciudad, CPE) values ('NUPKBSK3EAIA2', 'Global Partners LP', 'Kennedy', 3, 'Isaka', 55703);
insert into Empresa (RFC, razonSocial, calle, num, ciudad, CPE) values ('Z0N37GLPNKWUJ', 'CGI Group, Inc.', '1st', 9708, 'Norrköping', 47808);
insert into Empresa (RFC, razonSocial, calle, num, ciudad, CPE) values ('FEDRD5IIV08NP', 'Hamilton Bancorp, Inc.', 'Texas', 86, 'Tha Tako', 98729);

-- Poblacion de Supervisor.
insert into Supervisar (CURPSupervisado, CURPSupervisor) values ('PANH19891119MWLEU5', 'PANH19890119MWLEU5');
insert into Supervisar (CURPSupervisado, CURPSupervisor) values ('BARF19941207MCREE4', 'ABKE19850112MSBLL0');
insert into Supervisar (CURPSupervisado, CURPSupervisor) values ('DASC19820516FGTHL2', 'ABSP19890514MFEIH5');
insert into Supervisar (CURPSupervisado, CURPSupervisor) values ('TIEK19930502MPBWE9', 'ADAC19840726MLDLL3');
insert into Supervisar (CURPSupervisado, CURPSupervisor) values ('ALJF19820518MLAAA5', 'ADMC19940923FYEAO4');
insert into Supervisar (CURPSupervisado, CURPSupervisor) values ('LEOD19941217MSWSE7', 'ADOR19910129MCASI0');
insert into Supervisar (CURPSupervisado, CURPSupervisor) values ('HIGP19820811MSIEI7', 'ADSA19820801FNEEN5');
insert into Supervisar (CURPSupervisado, CURPSupervisor) values ('LIBR19911020MKEEA8', 'AGJR19960615FCNAA3');
insert into Supervisar (CURPSupervisado, CURPSupervisor) values ('BEAM19850127FKRDO0', 'ALAM19880405FALDO0');
insert into Supervisar (CURPSupervisado, CURPSupervisor) values ('ARHP19830207MWNAA2', 'ALAT19980829MCEMI3');
insert into Supervisar (CURPSupervisado, CURPSupervisor) values ('COBG19870917FARLE2', 'ALAU19991218MIERL5');
insert into Supervisar (CURPSupervisado, CURPSupervisor) values ('HOAW19920215MKRLI2', 'ALCS19840128FLAAU3');
insert into Supervisar (CURPSupervisado, CURPSupervisor) values ('QUAT19880527FMIDE6', 'ALEB19920403FTEBI6');
insert into Supervisar (CURPSupervisado, CURPSupervisor) values ('JAKR19980809FCNAO0', 'ALEK19840810MTPVE9');
insert into Supervisar (CURPSupervisado, CURPSupervisor) values ('JISA19910138FALIU5', 'ALFE19940725MHEOR8');
insert into Supervisar (CURPSupervisado, CURPSupervisor) values ('THRJ19820723MÖOIA0', 'ALHR19960806MLFAE9');
insert into Supervisar (CURPSupervisado, CURPSupervisor) values ('ELKL19990530MMMEA0', 'ALJF19820518MLAAA5');
insert into Supervisar (CURPSupervisado, CURPSupervisor) values ('CAGL20000004FSTWO9', 'ALJS19980718FÅIIA8');
insert into Supervisar (CURPSupervisado, CURPSupervisor) values ('ELMC19840616FSNEA3', 'ALJT19921222FFLOE3');
insert into Supervisar (CURPSupervisado, CURPSupervisor) values ('KEEE19990531MLLVM0', 'ALKB19890314MLLOO5');
insert into Supervisar (CURPSupervisado, CURPSupervisor) values ('KEEE19990321MLLVM0', 'ALMT19940127FTOAE2');
insert into Supervisar (CURPSupervisado, CURPSupervisor) values ('LIJM19981114FYSOE6', 'ALNB19951222FKLEA8');
insert into Supervisar (CURPSupervisado, CURPSupervisor) values ('IVCM19871607MBALA2', 'ALNS19831114MBAOH4');
insert into Supervisar (CURPSupervisado, CURPSupervisor) values ('LOLI19930311FSNED6', 'ALWS19930124MPFIH3');
insert into Supervisar (CURPSupervisado, CURPSupervisor) values ('DREB19980721FHULE7', 'AMCC19931209FCAIA8');
insert into Supervisar (CURPSupervisado, CURPSupervisor) values ('JUIA19880101FKLSM2', 'AMDR19870908FKAAO1');
insert into Supervisar (CURPSupervisado, CURPSupervisor) values ('MEMM20000729FSAAI1', 'AMMK19961116FTAAA7');
insert into Supervisar (CURPSupervisado, CURPSupervisor) values ('AMDR19871908FKAAO1', 'AMSL19880804MCOAO8');
insert into Supervisar (CURPSupervisado, CURPSupervisor) values ('DAJA19982120MTNOR3', 'ANCB19951127FAAHE7');
insert into Supervisar (CURPSupervisado, CURPSupervisor) values ('EAHJ19861225MRDAU4', 'ANGA19980314FONLL5');
insert into Supervisar (CURPSupervisado, CURPSupervisor) values ('STYE19999725MTEAT9', 'ANHX19970619MVDAE2');
insert into Supervisar (CURPSupervisado, CURPSupervisor) values ('ARKA19990919MRCAL2', 'ANHY19920805MDSAA9');
insert into Supervisar (CURPSupervisado, CURPSupervisor) values ('TRKA19981221MZSED6', 'ANKM19821229FCNOI9');
insert into Supervisar (CURPSupervisado, CURPSupervisor) values ('BOWF19879723MBIAR9', 'ANLB19970417FSNIR8');
insert into Supervisar (CURPSupervisado, CURPSupervisor) values ('JOAC19920928FDHNO5', 'ANLR19820822FKAYO9');
insert into Supervisar (CURPSupervisado, CURPSupervisor) values ('TOBO19991003MKRAB6', 'ANMK19820426FOAAI2');
insert into Supervisar (CURPSupervisado, CURPSupervisor) values ('EWAW19889119MKARE4', 'ANMK19880830FTDIR6');
insert into Supervisar (CURPSupervisado, CURPSupervisor) values ('GIGN19820904MMBRI3', 'ARAR19870710MPCLU4');
insert into Supervisar (CURPSupervisado, CURPSupervisor) values ('CYMI19920912FVBUM3', 'ARBL19970907FMDIE3');
insert into Supervisar (CURPSupervisado, CURPSupervisor) values ('VEZJ19990915FSNUA9', 'ARDR19980603FMDEI8');
insert into Supervisar (CURPSupervisado, CURPSupervisor) values ('MAFH19930926FJBAI0', 'ARGC19860507FILAO9');
insert into Supervisar (CURPSupervisado, CURPSupervisor) values ('BARF19943907MCREE4', 'ARGF19851119MSLII3');
insert into Supervisar (CURPSupervisado, CURPSupervisor) values ('ENBC19840921FWREA2', 'ARGR19981202MGLAO0');
insert into Supervisar (CURPSupervisado, CURPSupervisor) values ('JACR19921923FANOO8', 'ARHP19860207MWNAA2');
insert into Supervisar (CURPSupervisado, CURPSupervisor) values ('AGJR99960615FCNAA3', 'ARKA19970919MRCAL2');
insert into Supervisar (CURPSupervisado, CURPSupervisor) values ('ANMK19980830FTDIR6', 'ARSM20000820MVITO9');
insert into Supervisar (CURPSupervisado, CURPSupervisor) values ('JUKM19940117FSLAA8', 'ARVF19860104FKLIE9');
insert into Supervisar (CURPSupervisado, CURPSupervisor) values ('DEGM19837716FKBAA4', 'ASLS19820314FNHII6');
insert into Supervisar (CURPSupervisado, CURPSupervisor) values ('KIMV19972216FSTAI5', 'AUBG19990330FYROL8');
insert into Supervisar (CURPSupervisado, CURPSupervisor) values ('MAJF19960924MPRUR4', 'AUJS19870116FXGAH2');
insert into Supervisar (CURPSupervisado, CURPSupervisor) values ('QUAT19980327FMIDE6', 'AUME19830307MBBAD2');
insert into Supervisar (CURPSupervisado, CURPSupervisor) values ('LIRG19801206MVEEA1', 'AUPM19880116MVBYA7');
insert into Supervisar (CURPSupervisado, CURPSupervisor) values ('SYFR19810713MFMRE6', 'AURL19961006FVDOI5');
insert into Supervisar (CURPSupervisado, CURPSupervisor) values ('CHCB19970223FXIAR2', 'AURM19880202FSGAE3');
insert into Supervisar (CURPSupervisado, CURPSupervisor) values ('AUBG19290330FYROL8', 'AVHA19900509MSEAL1');
insert into Supervisar (CURPSupervisado, CURPSupervisor) values ('SHFM19930407MOEIA7', 'BACS19870813FVTAI5');
insert into Supervisar (CURPSupervisado, CURPSupervisor) values ('ORNK19892824FMEAA3', 'BAEM19820527FSMDO1');
insert into Supervisar (CURPSupervisado, CURPSupervisor) values ('BEJB19850829FHTUR1', 'BAGC19821022MPRIL5');
insert into Supervisar (CURPSupervisado, CURPSupervisor) values ('ADAC19840736MLDLL3', 'BANN19850117MCRAA5');
insert into Supervisar (CURPSupervisado, CURPSupervisor) values ('ALNB19951232FKLEA8', 'BARF19941207MCREE4');
insert into Supervisar (CURPSupervisado, CURPSupervisor) values ('SHFM19920507MOEIA7', 'BARW19941031MXSAA0');
insert into Supervisar (CURPSupervisado, CURPSupervisor) values ('CYCB19940331FBNEA2', 'BASR19821229MSRHU5');
insert into Supervisar (CURPSupervisado, CURPSupervisor) values ('NICS19980122MRGLI4', 'BEAM19850127FKRDO0');
insert into Supervisar (CURPSupervisado, CURPSupervisor) values ('DRTD19930120FPUHO1', 'BECM19981207FPLAE2');
insert into Supervisar (CURPSupervisado, CURPSupervisor) values ('GOBJ19870911MTREA7', 'BEEI19900725MLRNS0');
insert into Supervisar (CURPSupervisado, CURPSupervisor) values ('ALWS19930125MPFIH3', 'BEGG19890609MKAAU0');
insert into Supervisar (CURPSupervisado, CURPSupervisor) values ('ALHR19960803MLFAE9', 'BEHF19890409MANIA0');
insert into Supervisar (CURPSupervisado, CURPSupervisor) values ('JAUB19930913FWNLR2', 'BEHH19950520FMBEE2');

-- Script para poblar la tabla Trabajar
insert into Trabajar (CURP, RFC, salarioQuincenal, fechaIngreso) values ('ABKE19850112MSBLL0', '481L6PL6ULAVQ', 40720, '07/22/2014');
insert into Trabajar (CURP, RFC, salarioQuincenal, fechaIngreso) values ('ABSP19890514MFEIH5', '513DB4C763RRO', 42165, '09/09/2008');
insert into Trabajar (CURP, RFC, salarioQuincenal, fechaIngreso) values ('ADAC19840726MLDLL3', 'NZGHNA6D9YG7A', 35642, '06/17/2010');
insert into Trabajar (CURP, RFC, salarioQuincenal, fechaIngreso) values ('ADMC19940923FYEAO4', 'DD39YW5UZAGAH', 29430, '06/07/2005');
insert into Trabajar (CURP, RFC, salarioQuincenal, fechaIngreso) values ('ADOR19910129MCASI0', 'CJVXEGUV08NA8', 22518, '01/23/2003');
insert into Trabajar (CURP, RFC, salarioQuincenal, fechaIngreso) values ('ADSA19820801FNEEN5', 'GXWPHL3BS5D5L', 28734, '08/17/2014');
insert into Trabajar (CURP, RFC, salarioQuincenal, fechaIngreso) values ('AGJR19960615FCNAA3', '513DB4C763RRO', 30020, '01/05/2014');
insert into Trabajar (CURP, RFC, salarioQuincenal, fechaIngreso) values ('ALAM19880405FALDO0', 'L9995XCO122HZ', 43546, '02/11/2002');
insert into Trabajar (CURP, RFC, salarioQuincenal, fechaIngreso) values ('ALAT19980829MCEMI3', 'NCWEQOHK7WPAN', 25083, '09/13/2012');
insert into Trabajar (CURP, RFC, salarioQuincenal, fechaIngreso) values ('ALAU19991218MIERL5', 'SCPEDLLEOBHEQ', 26575, '02/03/2017');
insert into Trabajar (CURP, RFC, salarioQuincenal, fechaIngreso) values ('ALCS19840128FLAAU3', '9HKBNX02TG2GE', 37336, '04/12/2018');
insert into Trabajar (CURP, RFC, salarioQuincenal, fechaIngreso) values ('ALEB19920403FTEBI6', 'A8YWXLNMLBTP9', 29118, '10/15/2018');
insert into Trabajar (CURP, RFC, salarioQuincenal, fechaIngreso) values ('ALEK19840810MTPVE9', '9BKFU39QJCDCM', 27271, '10/09/2013');
insert into Trabajar (CURP, RFC, salarioQuincenal, fechaIngreso) values ('ALFE19940725MHEOR8', 'Z5Y6KURKE5OTG', 24238, '09/02/2013');
insert into Trabajar (CURP, RFC, salarioQuincenal, fechaIngreso) values ('ALHR19960806MLFAE9', 'A8YWXLNMLBTP9', 39331, '10/08/2014');
insert into Trabajar (CURP, RFC, salarioQuincenal, fechaIngreso) values ('ALJF19820518MLAAA5', '7ETIRII4YAEM5', 40402, '02/21/2016');
insert into Trabajar (CURP, RFC, salarioQuincenal, fechaIngreso) values ('ALJS19980718FÅIIA8', 'GXWPHL3BS5D5L', 27090, '03/09/2007');
insert into Trabajar (CURP, RFC, salarioQuincenal, fechaIngreso) values ('ALJT19921222FFLOE3', 'A8YWXLNMLBTP9', 28472, '08/08/2012');
insert into Trabajar (CURP, RFC, salarioQuincenal, fechaIngreso) values ('ALKB19890314MLLOO5', 'OWB8QC2WXRL5A', 26592, '12/06/2007');
insert into Trabajar (CURP, RFC, salarioQuincenal, fechaIngreso) values ('ALMT19940127FTOAE2', '4UPUD4CXI6Y4M', 35045, '09/28/2011');
insert into Trabajar (CURP, RFC, salarioQuincenal, fechaIngreso) values ('ALNB19951222FKLEA8', 'SE0G6H1P9IXL1', 29104, '04/02/2009');
insert into Trabajar (CURP, RFC, salarioQuincenal, fechaIngreso) values ('ALNS19831114MBAOH4', 'Z5Y6KURKE5OTG', 25824, '02/27/2016');
insert into Trabajar (CURP, RFC, salarioQuincenal, fechaIngreso) values ('ALWS19930124MPFIH3', 'UPSZYPHRFVQNR', 32554, '09/15/2006');
insert into Trabajar (CURP, RFC, salarioQuincenal, fechaIngreso) values ('AMCC19931209FCAIA8', 'NZUH0FZRM9TGB', 23947, '05/14/2010');
insert into Trabajar (CURP, RFC, salarioQuincenal, fechaIngreso) values ('AMDR19870908FKAAO1', 'U44XH1WWPLKFR', 41137, '01/28/2003');
insert into Trabajar (CURP, RFC, salarioQuincenal, fechaIngreso) values ('AMMK19961116FTAAA7', '8XD8TVPBHF0XH', 38391, '06/27/2011');
insert into Trabajar (CURP, RFC, salarioQuincenal, fechaIngreso) values ('AMSL19880804MCOAO8', '9UYE42CKO5A2N', 27707, '04/07/2008');
insert into Trabajar (CURP, RFC, salarioQuincenal, fechaIngreso) values ('ANCB19951127FAAHE7', '7ETIRII4YAEM5', 22246, '03/25/2013');
insert into Trabajar (CURP, RFC, salarioQuincenal, fechaIngreso) values ('ANGA19980314FONLL5', 'DD39YW5UZAGAH', 22507, '10/03/2010');
insert into Trabajar (CURP, RFC, salarioQuincenal, fechaIngreso) values ('ANHX19970619MVDAE2', 'CD87D7RD9SM83', 42259, '01/19/2012');
insert into Trabajar (CURP, RFC, salarioQuincenal, fechaIngreso) values ('ANHY19920805MDSAA9', 'WZ8A0WLBH8TCY', 35642, '12/05/2012');
insert into Trabajar (CURP, RFC, salarioQuincenal, fechaIngreso) values ('ANKM19821229FCNOI9', 'NUPKBSK3EAIA2', 34477, '04/10/2001');
insert into Trabajar (CURP, RFC, salarioQuincenal, fechaIngreso) values ('ANLB19970417FSNIR8', 'IDTRTRQ978AAS', 24939, '11/25/2016');
insert into Trabajar (CURP, RFC, salarioQuincenal, fechaIngreso) values ('ANLR19820822FKAYO9', 'CTAZFG8Y5SK4L', 39669, '01/30/2017');
insert into Trabajar (CURP, RFC, salarioQuincenal, fechaIngreso) values ('ANMK19820426FOAAI2', '7NJ45VGPGBLJB', 37695, '11/04/2014');
insert into Trabajar (CURP, RFC, salarioQuincenal, fechaIngreso) values ('ANMK19880830FTDIR6', '3ZAP92AP6EQ8A', 39518, '04/09/2004');
insert into Trabajar (CURP, RFC, salarioQuincenal, fechaIngreso) values ('ARAR19870710MPCLU4', 'GXWPHL3BS5D5L', 40643, '09/09/2004');
insert into Trabajar (CURP, RFC, salarioQuincenal, fechaIngreso) values ('ARBL19970907FMDIE3', 'DD39YW5UZAGAH', 44341, '05/25/2015');
insert into Trabajar (CURP, RFC, salarioQuincenal, fechaIngreso) values ('ARDR19980603FMDEI8', '7UHDCTVQCRTWA', 41860, '06/24/2014');
insert into Trabajar (CURP, RFC, salarioQuincenal, fechaIngreso) values ('ARGC19860507FILAO9', 'MWAZ4D6JE7DJM', 32110, '01/29/2014');
insert into Trabajar (CURP, RFC, salarioQuincenal, fechaIngreso) values ('ARGF19851119MSLII3', 'CD87D7RD9SM83', 27838, '12/02/2012');
insert into Trabajar (CURP, RFC, salarioQuincenal, fechaIngreso) values ('ARGR19981202MGLAO0', 'IF7SASH1HBVDN', 24156, '06/05/2009');
insert into Trabajar (CURP, RFC, salarioQuincenal, fechaIngreso) values ('ARHP19860207MWNAA2', 'Z4PZ1SZT33KYN', 38336, '05/28/2009');
insert into Trabajar (CURP, RFC, salarioQuincenal, fechaIngreso) values ('ARKA19970919MRCAL2', 'B06EMIVWEWAFC', 25414, '01/08/2006');
insert into Trabajar (CURP, RFC, salarioQuincenal, fechaIngreso) values ('ARSM20000820MVITO9', 'NZGHNA6D9YG7A', 30515, '09/16/2016');
insert into Trabajar (CURP, RFC, salarioQuincenal, fechaIngreso) values ('ARVF19860104FKLIE9', 'Z5Y6KURKE5OTG', 34716, '12/10/2008');
insert into Trabajar (CURP, RFC, salarioQuincenal, fechaIngreso) values ('ASLS19820314FNHII6', 'SCPEDLLEOBHEQ', 42792, '12/19/2008');
insert into Trabajar (CURP, RFC, salarioQuincenal, fechaIngreso) values ('AUBG19990330FYROL8', 'CMPP73TMB8OHI', 22373, '04/30/2002');
insert into Trabajar (CURP, RFC, salarioQuincenal, fechaIngreso) values ('AUJS19870116FXGAH2', 'UV2OLYADR5I5R', 42367, '03/05/2005');
insert into Trabajar (CURP, RFC, salarioQuincenal, fechaIngreso) values ('AUME19830307MBBAD2', 'NCWEQOHK7WPAN', 37389, '01/27/2009');
insert into Trabajar (CURP, RFC, salarioQuincenal, fechaIngreso) values ('AUPM19880116MVBYA7', '4W9BOLQPZPP0T', 43097, '11/11/2013');
insert into Trabajar (CURP, RFC, salarioQuincenal, fechaIngreso) values ('AURL19961006FVDOI5', 'W14MHRWLELLQG', 36961, '11/10/2004');
insert into Trabajar (CURP, RFC, salarioQuincenal, fechaIngreso) values ('AURM19880202FSGAE3', 'IF7SASH1HBVDN', 24268, '09/14/2005');
insert into Trabajar (CURP, RFC, salarioQuincenal, fechaIngreso) values ('AVHA19900509MSEAL1', 'Y85GN1I536OJI', 39127, '11/25/2016');
insert into Trabajar (CURP, RFC, salarioQuincenal, fechaIngreso) values ('BACS19870813FVTAI5', 'TJ57E3GR3USL4', 27414, '07/10/2009');
insert into Trabajar (CURP, RFC, salarioQuincenal, fechaIngreso) values ('BAEM19820527FSMDO1', 'DDD15UYXVZMS1', 42966, '08/15/2011');
insert into Trabajar (CURP, RFC, salarioQuincenal, fechaIngreso) values ('BAGC19821022MPRIL5', 'BP938SD71BJX4', 35757, '11/18/2017');
insert into Trabajar (CURP, RFC, salarioQuincenal, fechaIngreso) values ('BANN19850117MCRAA5', '513DB4C763RRO', 31342, '11/10/2007');
insert into Trabajar (CURP, RFC, salarioQuincenal, fechaIngreso) values ('BARF19941207MCREE4', '9HKBNX02TG2GE', 28776, '11/30/2002');
insert into Trabajar (CURP, RFC, salarioQuincenal, fechaIngreso) values ('BARW19941031MXSAA0', 'AQG00POKZO26E', 33032, '04/01/2008');
insert into Trabajar (CURP, RFC, salarioQuincenal, fechaIngreso) values ('BASR19821229MSRHU5', 'M1M6H99TM2FJ6', 34327, '02/18/2005');
insert into Trabajar (CURP, RFC, salarioQuincenal, fechaIngreso) values ('BEAM19850127FKRDO0', 'X70ZC2JKW3J6W', 41757, '09/21/2001');
insert into Trabajar (CURP, RFC, salarioQuincenal, fechaIngreso) values ('BECM19981207FPLAE2', 'KOUDL4VRYSEZI', 25682, '02/19/2013');
insert into Trabajar (CURP, RFC, salarioQuincenal, fechaIngreso) values ('BEEI19900725MLRNS0', '1LXC45LWLYYDW', 30800, '02/07/2010');
insert into Trabajar (CURP, RFC, salarioQuincenal, fechaIngreso) values ('BEGG19890609MKAAU0', '4W9BOLQPZPP0T', 35211, '02/08/2013');
insert into Trabajar (CURP, RFC, salarioQuincenal, fechaIngreso) values ('BEHF19890409MANIA0', '0ERZ84XEN5R61', 36032, '07/03/2018');
insert into Trabajar (CURP, RFC, salarioQuincenal, fechaIngreso) values ('BEHH19950520FMBEE2', 'CMPP73TMB8OHI', 20404, '02/19/2015');
insert into Trabajar (CURP, RFC, salarioQuincenal, fechaIngreso) values ('BEJB19850809FHTUR1', 'A8YWXLNMLBTP9', 25719, '12/30/2007');
insert into Trabajar (CURP, RFC, salarioQuincenal, fechaIngreso) values ('BEKS19920726FMTEO7', 'CMPP73TMB8OHI', 38804, '09/21/2002');
insert into Trabajar (CURP, RFC, salarioQuincenal, fechaIngreso) values ('BIGA19920409MFLUR2', 'Z4PZ1SZT33KYN', 36265, '07/24/2018');
insert into Trabajar (CURP, RFC, salarioQuincenal, fechaIngreso) values ('BISA19930721FZNIR0', 'TGOZCAUIAC12J', 21280, '04/25/2018');
insert into Trabajar (CURP, RFC, salarioQuincenal, fechaIngreso) values ('BLAC19830623FCOLO6', 'IDTRTRQ978AAS', 34773, '12/11/2014');
insert into Trabajar (CURP, RFC, salarioQuincenal, fechaIngreso) values ('BLLL19890102FGIAI1', '4UPUD4CXI6Y4M', 27342, '12/14/2004');
insert into Trabajar (CURP, RFC, salarioQuincenal, fechaIngreso) values ('BODF19880104MVNEE7', '9UYE42CKO5A2N', 42480, '03/19/2016');
insert into Trabajar (CURP, RFC, salarioQuincenal, fechaIngreso) values ('BOEE19930719FABDL4', 'QIDV5OT2WTGYB', 21262, '08/29/2010');
insert into Trabajar (CURP, RFC, salarioQuincenal, fechaIngreso) values ('BOGB19980805FSBUL4', 'DJZH461BNZTFN', 41949, '01/12/2006');
insert into Trabajar (CURP, RFC, salarioQuincenal, fechaIngreso) values ('BOLA19960727FKBEP3', 'L9995XCO122HZ', 42869, '05/15/2016');
insert into Trabajar (CURP, RFC, salarioQuincenal, fechaIngreso) values ('BONF19890923MKRIL0', '9Z3ZT4LVR2LY3', 33425, '03/16/2018');
insert into Trabajar (CURP, RFC, salarioQuincenal, fechaIngreso) values ('BORC19900908MBOAH2', 'CD87D7RD9SM83', 40661, '05/24/2007');
insert into Trabajar (CURP, RFC, salarioQuincenal, fechaIngreso) values ('BOWF19870723MBIAR9', 'RI3K40F4U5VTP', 20700, '04/03/2006');
insert into Trabajar (CURP, RFC, salarioQuincenal, fechaIngreso) values ('BOYH19990620MSRUA9', '6ROPGAXGOFS6E', 33177, '12/18/2014');
insert into Trabajar (CURP, RFC, salarioQuincenal, fechaIngreso) values ('BRAB19830219MFUDE3', 'VXCOM5YRQ2380', 35043, '01/19/2004');
insert into Trabajar (CURP, RFC, salarioQuincenal, fechaIngreso) values ('BRDL19940323FIAEA7', 'G1FRMCI696HW7', 24699, '05/28/2012');
insert into Trabajar (CURP, RFC, salarioQuincenal, fechaIngreso) values ('BREB19910102MSILL2', '2YYU3CQGX0FLF', 35228, '04/15/2009');
insert into Trabajar (CURP, RFC, salarioQuincenal, fechaIngreso) values ('BRIN19920218MPANE5', 'P6YF4A2B7U4NF', 35560, '06/29/2015');
insert into Trabajar (CURP, RFC, salarioQuincenal, fechaIngreso) values ('BRJL19880713FWAAI1', 'VXCOM5YRQ2380', 34538, '07/22/2012');
insert into Trabajar (CURP, RFC, salarioQuincenal, fechaIngreso) values ('BRMN19890901FTIIO2', 'UT9TFWNGMR37I', 35823, '04/30/2007');
insert into Trabajar (CURP, RFC, salarioQuincenal, fechaIngreso) values ('BRRL19920620MMIEO7', 'C2BKENPKFDBDT', 34002, '04/06/2013');
insert into Trabajar (CURP, RFC, salarioQuincenal, fechaIngreso) values ('BRRU19961220FTEER1', 'CTAZFG8Y5SK4L', 34888, '06/25/2008');
insert into Trabajar (CURP, RFC, salarioQuincenal, fechaIngreso) values ('BRVT19961115MSOAR8', 'BP938SD71BJX4', 42495, '05/20/2014');
insert into Trabajar (CURP, RFC, salarioQuincenal, fechaIngreso) values ('CAAM19990324FARRA8', 'NCWEQOHK7WPAN', 42267, '08/07/2009');
insert into Trabajar (CURP, RFC, salarioQuincenal, fechaIngreso) values ('CAEJ19970920FVRSO1', 'X70ZC2JKW3J6W', 33557, '05/19/2012');
insert into Trabajar (CURP, RFC, salarioQuincenal, fechaIngreso) values ('CAFC19830908FBRAH0', 'Y85GN1I536OJI', 24472, '01/26/2004');
insert into Trabajar (CURP, RFC, salarioQuincenal, fechaIngreso) values ('CAGL20000804FSTWO9', 'PAZ0RZEQ4QPJ8', 34265, '11/06/2008');
insert into Trabajar (CURP, RFC, salarioQuincenal, fechaIngreso) values ('CAGO19990328FSTUR5', 'K58NW8JVHFDVP', 30603, '07/28/2001');
insert into Trabajar (CURP, RFC, salarioQuincenal, fechaIngreso) values ('CAHF19860320FNRAI5', 'FEDRD5IIV08NP', 29045, '01/26/2005');
insert into Trabajar (CURP, RFC, salarioQuincenal, fechaIngreso) values ('CAKB19990704FHMIA8', '9BKFU39QJCDCM', 21196, '05/16/2013');
insert into Trabajar (CURP, RFC, salarioQuincenal, fechaIngreso) values ('CAKL19831203MISUO9', '1REKW10CZ9P0K', 29649, '10/06/2011');
insert into Trabajar (CURP, RFC, salarioQuincenal, fechaIngreso) values ('CALA19921108FNRIL2', 'JBZ4VDGE6E6EY', 41358, '04/19/2014');
insert into Trabajar (CURP, RFC, salarioQuincenal, fechaIngreso) values ('CAMS19890427FTLAH8', 'SQ9JNZMX8NTVL', 29704, '10/06/2001');
insert into Trabajar (CURP, RFC, salarioQuincenal, fechaIngreso) values ('CAMT19911102MPRAR1', 'RI3K40F4U5VTP', 42430, '12/07/2016');
insert into Trabajar (CURP, RFC, salarioQuincenal, fechaIngreso) values ('CARC19820412FKRHA7', 'SQ9JNZMX8NTVL', 24224, '03/06/2002');
insert into Trabajar (CURP, RFC, salarioQuincenal, fechaIngreso) values ('CARE19860824FMROS0', 'HVVSW5LP85MHZ', 35421, '08/29/2017');
insert into Trabajar (CURP, RFC, salarioQuincenal, fechaIngreso) values ('CARW19940402FJSOE6', 'NQQOOV992GP75', 20862, '02/04/2003');
insert into Trabajar (CURP, RFC, salarioQuincenal, fechaIngreso) values ('CELA19820703MSCEU8', '9Z3ZT4LVR2LY3', 35219, '11/14/2017');
insert into Trabajar (CURP, RFC, salarioQuincenal, fechaIngreso) values ('CHCA19981204FAAOU2', 'NZGHNA6D9YG7A', 36276, '08/24/2018');
insert into Trabajar (CURP, RFC, salarioQuincenal, fechaIngreso) values ('CHCB19970423FXIAR2', 'QIDV5OT2WTGYB', 39522, '05/18/2015');
insert into Trabajar (CURP, RFC, salarioQuincenal, fechaIngreso) values ('CHCJ19900624FTRHU2', 'VSDS414U6PGEY', 26380, '03/28/2012');
insert into Trabajar (CURP, RFC, salarioQuincenal, fechaIngreso) values ('CHGL19830919MAIRY1', 'H1QXW6YVZ1VCD', 38325, '05/18/2017');
insert into Trabajar (CURP, RFC, salarioQuincenal, fechaIngreso) values ('CHGR19981102FCLAO8', '9S439CDK9XQ4B', 31647, '12/08/2008');
insert into Trabajar (CURP, RFC, salarioQuincenal, fechaIngreso) values ('CHKR19941206FGEAE2', 'AQG00POKZO26E', 25315, '08/29/2017');
insert into Trabajar (CURP, RFC, salarioQuincenal, fechaIngreso) values ('CHLC19830410FNRAO6', '3ZAP92AP6EQ8A', 35057, '09/07/2002');
insert into Trabajar (CURP, RFC, salarioQuincenal, fechaIngreso) values ('CHTD19901203FQROO8', 'PAZ0RZEQ4QPJ8', 35989, '02/04/2009');
insert into Trabajar (CURP, RFC, salarioQuincenal, fechaIngreso) values ('CLGD19861218MDAEA8', 'YZWYZOPH7B9SS', 24695, '05/16/2007');
insert into Trabajar (CURP, RFC, salarioQuincenal, fechaIngreso) values ('CLHK19920520MTAAE1', 'W14MHRWLELLQG', 32824, '06/04/2006');
insert into Trabajar (CURP, RFC, salarioQuincenal, fechaIngreso) values ('CLKL19970825FXOAO3', 'ZCL3CG3P38RBN', 31042, '01/13/2017');
insert into Trabajar (CURP, RFC, salarioQuincenal, fechaIngreso) values ('COBG19860917FARLE2', 'AQG00POKZO26E', 24024, '04/06/2004');
insert into Trabajar (CURP, RFC, salarioQuincenal, fechaIngreso) values ('COCF19960116FYNHR6', '9Z3ZT4LVR2LY3', 32459, '04/21/2008');
insert into Trabajar (CURP, RFC, salarioQuincenal, fechaIngreso) values ('CONF19931205MRRIL6', 'CTAZFG8Y5SK4L', 42109, '02/23/2010');
insert into Trabajar (CURP, RFC, salarioQuincenal, fechaIngreso) values ('CORA19980108FDDEM1', 'CJVXEGUV08NA8', 39469, '03/17/2015');
insert into Trabajar (CURP, RFC, salarioQuincenal, fechaIngreso) values ('CORE19810430MVRAT9', 'L9995XCO122HZ', 40816, '03/22/2001');
insert into Trabajar (CURP, RFC, salarioQuincenal, fechaIngreso) values ('COSP19970519MNNTA0', 'GEY27W4MWPGIS', 37063, '02/17/2011');
insert into Trabajar (CURP, RFC, salarioQuincenal, fechaIngreso) values ('COWW20000711MHNEA4', '6ROPGAXGOFS6E', 43885, '07/16/2001');
insert into Trabajar (CURP, RFC, salarioQuincenal, fechaIngreso) values ('CYCB19940330FBNEA2', '6ROPGAXGOFS6E', 34923, '04/07/2012');
insert into Trabajar (CURP, RFC, salarioQuincenal, fechaIngreso) values ('CYKD19990916MPREE5', 'FTSLOYZ7M36OF', 24700, '02/22/2013');
insert into Trabajar (CURP, RFC, salarioQuincenal, fechaIngreso) values ('CYMI19920612FVBUM3', 'TJ57E3GR3USL4', 36611, '08/02/2012');
insert into Trabajar (CURP, RFC, salarioQuincenal, fechaIngreso) values ('CYTA19990709MLRUB0', '7ETIRII4YAEM5', 23584, '06/10/2008');
insert into Trabajar (CURP, RFC, salarioQuincenal, fechaIngreso) values ('DACJ19940201MAVOO8', 'DACK2FNA44MIE', 33112, '12/31/2002');
insert into Trabajar (CURP, RFC, salarioQuincenal, fechaIngreso) values ('DADH19870420FNNOE3', '9HKBNX02TG2GE', 21963, '08/13/2017');
insert into Trabajar (CURP, RFC, salarioQuincenal, fechaIngreso) values ('DADS19890215FARIU4', 'JAFOO1XO28BOZ', 22891, '04/07/2018');
insert into Trabajar (CURP, RFC, salarioQuincenal, fechaIngreso) values ('DAFD19941114MSREA7', 'WZ8A0WLBH8TCY', 41598, '03/09/2011');
insert into Trabajar (CURP, RFC, salarioQuincenal, fechaIngreso) values ('DAJA19981120MTNOR3', 'Z5Y6KURKE5OTG', 38371, '06/28/2006');
insert into Trabajar (CURP, RFC, salarioQuincenal, fechaIngreso) values ('DARC19870304MNVOO1', 'FTSLOYZ7M36OF', 36277, '06/12/2010');
insert into Trabajar (CURP, RFC, salarioQuincenal, fechaIngreso) values ('DASC19820516FGTHL2', 'A8YWXLNMLBTP9', 35479, '07/11/2013');
insert into Trabajar (CURP, RFC, salarioQuincenal, fechaIngreso) values ('DAUB19841213FTRRR0', 'DACK2FNA44MIE', 24124, '09/14/2014');
insert into Trabajar (CURP, RFC, salarioQuincenal, fechaIngreso) values ('DAYT19960304MNVOU5', 'Z4PZ1SZT33KYN', 25370, '03/27/2018');
insert into Trabajar (CURP, RFC, salarioQuincenal, fechaIngreso) values ('DEAR19890910FRBIA0', '3ZAP92AP6EQ8A', 31153, '09/15/2013');
insert into Trabajar (CURP, RFC, salarioQuincenal, fechaIngreso) values ('DEBC19990220FSBAR5', 'SE0G6H1P9IXL1', 36028, '10/21/2002');
insert into Trabajar (CURP, RFC, salarioQuincenal, fechaIngreso) values ('DECB19870920FTLOO1', 'CD87D7RD9SM83', 40179, '02/26/2014');
insert into Trabajar (CURP, RFC, salarioQuincenal, fechaIngreso) values ('DECK19840703FSBOA2', 'TJ57E3GR3USL4', 37563, '07/14/2006');
insert into Trabajar (CURP, RFC, salarioQuincenal, fechaIngreso) values ('DEDN19890922MGNOI2', 'OHDZHXBMJ7K8H', 24619, '07/27/2002');
insert into Trabajar (CURP, RFC, salarioQuincenal, fechaIngreso) values ('DEEE19900810FYLST7', 'NZGHNA6D9YG7A', 42686, '08/02/2002');
insert into Trabajar (CURP, RFC, salarioQuincenal, fechaIngreso) values ('DEES19820425FSIIH5', 'Z5Y6KURKE5OTG', 23257, '09/29/2016');
insert into Trabajar (CURP, RFC, salarioQuincenal, fechaIngreso) values ('DEGM19830716FKBAA4', 'OHDZHXBMJ7K8H', 26386, '05/15/2007');
insert into Trabajar (CURP, RFC, salarioQuincenal, fechaIngreso) values ('DEMN19870717FPSAE3', 'VM8D9POP93BVB', 43732, '08/17/2008');
insert into Trabajar (CURP, RFC, salarioQuincenal, fechaIngreso) values ('DERJ19840529MSREE9', 'Y4ZGHNXPVBCI8', 34343, '02/17/2004');
insert into Trabajar (CURP, RFC, salarioQuincenal, fechaIngreso) values ('DESS19960903MRWTA1', 'GEY27W4MWPGIS', 31346, '12/15/2006');
insert into Trabajar (CURP, RFC, salarioQuincenal, fechaIngreso) values ('DETA19881105FGVRR8', 'WS6ERT43PGQTA', 31849, '06/24/2010');
insert into Trabajar (CURP, RFC, salarioQuincenal, fechaIngreso) values ('DIEF19990807FLOLL4', 'WZ8A0WLBH8TCY', 28451, '03/10/2018');
insert into Trabajar (CURP, RFC, salarioQuincenal, fechaIngreso) values ('DILP19820603FKTEA5', 'YZWYZOPH7B9SS', 20831, '06/28/2018');
insert into Trabajar (CURP, RFC, salarioQuincenal, fechaIngreso) values ('DOBF19870511FYROL1', 'G1FRMCI696HW7', 26510, '09/21/2011');
insert into Trabajar (CURP, RFC, salarioQuincenal, fechaIngreso) values ('DOCD19990326FJTHE1', 'M7DS5D1N9EDFE', 37334, '08/04/2017');
insert into Trabajar (CURP, RFC, salarioQuincenal, fechaIngreso) values ('DOED19880724MTMNE5', 'DD39YW5UZAGAH', 37583, '06/05/2004');
insert into Trabajar (CURP, RFC, salarioQuincenal, fechaIngreso) values ('DOJC19930627FKEAO1', 'DD39YW5UZAGAH', 42823, '11/17/2000');
insert into Trabajar (CURP, RFC, salarioQuincenal, fechaIngreso) values ('DOTD19821103FZROA9', 'X70ZC2JKW3J6W', 22908, '09/23/2005');
insert into Trabajar (CURP, RFC, salarioQuincenal, fechaIngreso) values ('DOTG19920815MGYAU5', 'SCPEDLLEOBHEQ', 25305, '10/06/2003');
insert into Trabajar (CURP, RFC, salarioQuincenal, fechaIngreso) values ('DREB19880721FHULE7', 'FEDRD5IIV08NP', 33843, '08/31/2001');
insert into Trabajar (CURP, RFC, salarioQuincenal, fechaIngreso) values ('DRKG19870419FNUER5', '2YYU3CQGX0FLF', 24565, '02/19/2018');
insert into Trabajar (CURP, RFC, salarioQuincenal, fechaIngreso) values ('DRTD19930129FPUHO1', 'OHDZHXBMJ7K8H', 21400, '08/23/2014');
insert into Trabajar (CURP, RFC, salarioQuincenal, fechaIngreso) values ('DURL19841208FDLUI4', 'DJZH461BNZTFN', 23468, '08/25/2011');
insert into Trabajar (CURP, RFC, salarioQuincenal, fechaIngreso) values ('DYBA19901219FBARD1', 'C9SYI6HOF36L9', 41697, '03/05/2007');
insert into Trabajar (CURP, RFC, salarioQuincenal, fechaIngreso) values ('DYCD19810605FCAAO2', 'MWAZ4D6JE7DJM', 40956, '04/21/2008');
insert into Trabajar (CURP, RFC, salarioQuincenal, fechaIngreso) values ('EAHJ19860225MRDAU4', 'PUDML2MEV7A8S', 43680, '04/05/2001');
insert into Trabajar (CURP, RFC, salarioQuincenal, fechaIngreso) values ('EAKB19860408FZDAI2', 'NRKZZDPLRA984', 24010, '11/20/2000');
insert into Trabajar (CURP, RFC, salarioQuincenal, fechaIngreso) values ('EALO19961218MMRAZ4', '8XD8TVPBHF0XH', 26406, '01/06/2016');
insert into Trabajar (CURP, RFC, salarioQuincenal, fechaIngreso) values ('EBTC19941114FLOHL1', 'NCWEQOHK7WPAN', 22745, '11/28/2017');
insert into Trabajar (CURP, RFC, salarioQuincenal, fechaIngreso) values ('EDHG19960414MPGUO1', 'NUPKBSK3EAIA2', 44004, '05/13/2012');
insert into Trabajar (CURP, RFC, salarioQuincenal, fechaIngreso) values ('EDKG19860913MSWIE1', 'DJZH461BNZTFN', 37163, '05/31/2012');
insert into Trabajar (CURP, RFC, salarioQuincenal, fechaIngreso) values ('EDMA19990924MZDIR7', 'JAFOO1XO28BOZ', 28028, '07/08/2010');
insert into Trabajar (CURP, RFC, salarioQuincenal, fechaIngreso) values ('ELAE19971123FKLNL1', 'UPSZYPHRFVQNR', 28373, '09/26/2002');
insert into Trabajar (CURP, RFC, salarioQuincenal, fechaIngreso) values ('ELBN19891016MKMEI1', 'SCPEDLLEOBHEQ', 22274, '01/24/2011');
insert into Trabajar (CURP, RFC, salarioQuincenal, fechaIngreso) values ('ELJI19820330MQMUG2', '9S439CDK9XQ4B', 25996, '01/09/2015');
insert into Trabajar (CURP, RFC, salarioQuincenal, fechaIngreso) values ('ELKL19990430MMMEA0', 'Y85GN1I536OJI', 41587, '02/22/2018');
insert into Trabajar (CURP, RFC, salarioQuincenal, fechaIngreso) values ('ELMC19840606FSNEA3', 'IDTRTRQ978AAS', 41704, '10/20/2004');
insert into Trabajar (CURP, RFC, salarioQuincenal, fechaIngreso) values ('EMAB19851120FJLNE7', 'RI3K40F4U5VTP', 41304, '10/08/2004');
insert into Trabajar (CURP, RFC, salarioQuincenal, fechaIngreso) values ('EMBA19821018FHMRB8', '4UPUD4CXI6Y4M', 27679, '03/08/2008');
insert into Trabajar (CURP, RFC, salarioQuincenal, fechaIngreso) values ('EMCJ19920302MKMLE1', 'B06EMIVWEWAFC', 36787, '12/16/2016');
insert into Trabajar (CURP, RFC, salarioQuincenal, fechaIngreso) values ('ENBC19840521FWREA2', 'ZCL3CG3P38RBN', 33049, '06/27/2013');
insert into Trabajar (CURP, RFC, salarioQuincenal, fechaIngreso) values ('ERBD19880417MCWAE4', 'SCPEDLLEOBHEQ', 27663, '03/25/2001');
insert into Trabajar (CURP, RFC, salarioQuincenal, fechaIngreso) values ('EREE19960719MKHPL0', 'Y4ZGHNXPVBCI8', 43529, '10/11/2007');
insert into Trabajar (CURP, RFC, salarioQuincenal, fechaIngreso) values ('ERGF19880717MDSAR2', 'Z4PZ1SZT33KYN', 21467, '07/06/2001');
insert into Trabajar (CURP, RFC, salarioQuincenal, fechaIngreso) values ('ERHK19840819FSIAA5', 'U44XH1WWPLKFR', 23978, '12/07/2006');
insert into Trabajar (CURP, RFC, salarioQuincenal, fechaIngreso) values ('ERJZ19850806MBIUE5', 'FTSLOYZ7M36OF', 35978, '01/02/2015');
insert into Trabajar (CURP, RFC, salarioQuincenal, fechaIngreso) values ('ERST19920923FSIHO5', 'ZCL3CG3P38RBN', 41348, '04/09/2014');
insert into Trabajar (CURP, RFC, salarioQuincenal, fechaIngreso) values ('ESAD19890409FPTGE8', 'G1FRMCI696HW7', 39730, '05/09/2001');
insert into Trabajar (CURP, RFC, salarioQuincenal, fechaIngreso) values ('ESAF19840210MNMSE6', 'UT9TFWNGMR37I', 29279, '08/20/2007');
insert into Trabajar (CURP, RFC, salarioQuincenal, fechaIngreso) values ('ESIV19860908FLTNI7', 'K58NW8JVHFDVP', 40766, '03/16/2014');
insert into Trabajar (CURP, RFC, salarioQuincenal, fechaIngreso) values ('ESTO19860629MCRHZ8', 'VSDS414U6PGEY', 30349, '09/11/2017');
insert into Trabajar (CURP, RFC, salarioQuincenal, fechaIngreso) values ('EVLS19900623FKAEH2', 'TGOZCAUIAC12J', 44460, '10/04/2017');
insert into Trabajar (CURP, RFC, salarioQuincenal, fechaIngreso) values ('EVMA19851016FKAAG9', 'DJZH461BNZTFN', 25087, '08/27/2003');
insert into Trabajar (CURP, RFC, salarioQuincenal, fechaIngreso) values ('EWAW19880119MKARE4', 'DDD15UYXVZMS1', 27113, '07/17/2011');
insert into Trabajar (CURP, RFC, salarioQuincenal, fechaIngreso) values ('EZBM19830920MIIYE9', 'K490VEKTOTMLA', 37452, '10/03/2002');
insert into Trabajar (CURP, RFC, salarioQuincenal, fechaIngreso) values ('FARK19820818FVROI4', 'CTAZFG8Y5SK4L', 41229, '09/16/2005');
insert into Trabajar (CURP, RFC, salarioQuincenal, fechaIngreso) values ('FIBT19941107MBLRH5', 'NQQOOV992GP75', 38942, '03/19/2016');
insert into Trabajar (CURP, RFC, salarioQuincenal, fechaIngreso) values ('FICQ19920715MCNHU6', '4W9BOLQPZPP0T', 35303, '05/02/2017');
insert into Trabajar (CURP, RFC, salarioQuincenal, fechaIngreso) values ('FLCB19861007MMORR5', 'ZCL3CG3P38RBN', 23701, '02/11/2015');
insert into Trabajar (CURP, RFC, salarioQuincenal, fechaIngreso) values ('FLGB19981225MGORR7', 'JAFOO1XO28BOZ', 20030, '01/25/2018');
insert into Trabajar (CURP, RFC, salarioQuincenal, fechaIngreso) values ('FOAG19980116MARLA3', 'U7U731PF4L7GT', 39134, '09/11/2016');
insert into Trabajar (CURP, RFC, salarioQuincenal, fechaIngreso) values ('FOWM19810206MHNAO0', 'ZCL3CG3P38RBN', 34613, '07/13/2006');
insert into Trabajar (CURP, RFC, salarioQuincenal, fechaIngreso) values ('FRBK19960105MPEEA6', 'SE0G6H1P9IXL1', 22299, '06/10/2011');
insert into Trabajar (CURP, RFC, salarioQuincenal, fechaIngreso) values ('FRCC19970315MRAOE3', 'C2BKENPKFDBDT', 25526, '08/11/2018');
insert into Trabajar (CURP, RFC, salarioQuincenal, fechaIngreso) values ('FRFT20000418MRERR1', 'NRKZZDPLRA984', 21883, '12/04/2011');
insert into Trabajar (CURP, RFC, salarioQuincenal, fechaIngreso) values ('FRHH19960317MQIEE3', '9HKBNX02TG2GE', 22819, '12/02/2006');
insert into Trabajar (CURP, RFC, salarioQuincenal, fechaIngreso) values ('FRJG19880614MRAEA3', 'P6YF4A2B7U4NF', 27274, '12/15/2004');
insert into Trabajar (CURP, RFC, salarioQuincenal, fechaIngreso) values ('FUDB19980609FMLER5', '6CRSY7ZHBCGHX', 37177, '12/22/2012');
insert into Trabajar (CURP, RFC, salarioQuincenal, fechaIngreso) values ('GABV19911216MGRAA1', 'TJ5KP7907YLGI', 33065, '08/08/2017');
insert into Trabajar (CURP, RFC, salarioQuincenal, fechaIngreso) values ('GAHG19981228MTRIE5', 'NZGHNA6D9YG7A', 23060, '12/31/2000');
insert into Trabajar (CURP, RFC, salarioQuincenal, fechaIngreso) values ('GASK19930307MWRTE8', 'B06EMIVWEWAFC', 30469, '03/21/2005');
insert into Trabajar (CURP, RFC, salarioQuincenal, fechaIngreso) values ('GAVR19870905FMYAO9', 'BP938SD71BJX4', 36099, '01/09/2010');
insert into Trabajar (CURP, RFC, salarioQuincenal, fechaIngreso) values ('GEAB19821127MDRLR7', 'CJVXEGUV08NA8', 29460, '12/17/2006');
insert into Trabajar (CURP, RFC, salarioQuincenal, fechaIngreso) values ('GEGT19811207MLOAU2', 'UPSZYPHRFVQNR', 42712, '08/14/2003');
insert into Trabajar (CURP, RFC, salarioQuincenal, fechaIngreso) values ('GEJE19970122FGRAL0', 'CJVXEGUV08NA8', 40712, '11/17/2017');
insert into Trabajar (CURP, RFC, salarioQuincenal, fechaIngreso) values ('GESP19830214FMRIE5', 'UW475T82UBTDC', 21341, '05/22/2013');
insert into Trabajar (CURP, RFC, salarioQuincenal, fechaIngreso) values ('GIAP19970623MIBNA7', '2YYU3CQGX0FLF', 44281, '11/30/2014');
insert into Trabajar (CURP, RFC, salarioQuincenal, fechaIngreso) values ('GIGN19820304MMBRI3', 'ZCL3CG3P38RBN', 31314, '10/28/2016');
insert into Trabajar (CURP, RFC, salarioQuincenal, fechaIngreso) values ('GIHD19870930MABUA5', 'L9995XCO122HZ', 34246, '06/16/2011');
insert into Trabajar (CURP, RFC, salarioQuincenal, fechaIngreso) values ('GIRH19921111MMOAU6', '9IY56JXTKC71F', 29157, '06/09/2011');
insert into Trabajar (CURP, RFC, salarioQuincenal, fechaIngreso) values ('GLJC19970401FSOAE8', 'C9SYI6HOF36L9', 37084, '11/27/2009');
insert into Trabajar (CURP, RFC, salarioQuincenal, fechaIngreso) values ('GLLR19960810FKOAO9', 'GXWPHL3BS5D5L', 33463, '03/24/2002');
insert into Trabajar (CURP, RFC, salarioQuincenal, fechaIngreso) values ('GLPM19930612FBEEA0', '4F6G4EE9GYP6A', 31796, '07/18/2007');
insert into Trabajar (CURP, RFC, salarioQuincenal, fechaIngreso) values ('GLST19880629FCEHI9', 'K58NW8JVHFDVP', 23600, '06/17/2010');
insert into Trabajar (CURP, RFC, salarioQuincenal, fechaIngreso) values ('GOBJ19870916MTREA7', 'DACK2FNA44MIE', 38431, '03/08/2008');
insert into Trabajar (CURP, RFC, salarioQuincenal, fechaIngreso) values ('GRBB19840920MKEAA6', 'CTAZFG8Y5SK4L', 34799, '06/13/2007');
insert into Trabajar (CURP, RFC, salarioQuincenal, fechaIngreso) values ('GRCC19991231MVEIR5', 'NUPKBSK3EAIA2', 20387, '05/14/2010');
insert into Trabajar (CURP, RFC, salarioQuincenal, fechaIngreso) values ('GRDC19820611MFEAO4', 'C9SYI6HOF36L9', 44963, '06/11/2018');
insert into Trabajar (CURP, RFC, salarioQuincenal, fechaIngreso) values ('GRSA19860126MSECR5', 'H1QXW6YVZ1VCD', 34708, '08/18/2009');
insert into Trabajar (CURP, RFC, salarioQuincenal, fechaIngreso) values ('GRSD19921128MVAAA5', 'B06EMIVWEWAFC', 35815, '01/02/2016');
insert into Trabajar (CURP, RFC, salarioQuincenal, fechaIngreso) values ('GULL19880129FCSIY2', '9S439CDK9XQ4B', 42088, '07/06/2004');
insert into Trabajar (CURP, RFC, salarioQuincenal, fechaIngreso) values ('GUSB20000901MFSAI7', 'C2BKENPKFDBDT', 27097, '03/17/2018');
insert into Trabajar (CURP, RFC, salarioQuincenal, fechaIngreso) values ('GUTK19811220FWSIY8', '513DB4C763RRO', 24431, '03/27/2003');
insert into Trabajar (CURP, RFC, salarioQuincenal, fechaIngreso) values ('HAAC19830818FTLDE0', 'X70ZC2JKW3J6W', 43288, '07/05/2014');
insert into Trabajar (CURP, RFC, salarioQuincenal, fechaIngreso) values ('HAFB19890601MTLAA7', '4F6G4EE9GYP6A', 36073, '04/11/2003');
insert into Trabajar (CURP, RFC, salarioQuincenal, fechaIngreso) values ('HAFO19941005FGLLL7', 'CMPP73TMB8OHI', 41852, '04/20/2006');
insert into Trabajar (CURP, RFC, salarioQuincenal, fechaIngreso) values ('HARA19891215MBLAL2', 'Y4ZGHNXPVBCI8', 31481, '03/20/2008');
insert into Trabajar (CURP, RFC, salarioQuincenal, fechaIngreso) values ('HEGI19861004MÅRIG6', 'X70ZC2JKW3J6W', 44427, '05/17/2011');
insert into Trabajar (CURP, RFC, salarioQuincenal, fechaIngreso) values ('HELM19981013FHLIA5', 'DDD15UYXVZMS1', 31875, '08/27/2012');
insert into Trabajar (CURP, RFC, salarioQuincenal, fechaIngreso) values ('HERT19910929FNLOA0', '091626ZQZVEJN', 33619, '01/05/2016');
insert into Trabajar (CURP, RFC, salarioQuincenal, fechaIngreso) values ('HIGP19820811MSIEI7', 'FEDRD5IIV08NP', 22043, '06/10/2011');
insert into Trabajar (CURP, RFC, salarioQuincenal, fechaIngreso) values ('HIOB19810221MBLBL2', 'DDD15UYXVZMS1', 42961, '01/09/2009');
insert into Trabajar (CURP, RFC, salarioQuincenal, fechaIngreso) values ('HOAW19930215MKRLI2', '8XD8TVPBHF0XH', 32615, '04/27/2014');
insert into Trabajar (CURP, RFC, salarioQuincenal, fechaIngreso) values ('HOCI19871012MKELN1', 'WS6ERT43PGQTA', 31853, '08/07/2012');
insert into Trabajar (CURP, RFC, salarioQuincenal, fechaIngreso) values ('HOGA19830119MIRRL5', 'Z4PZ1SZT33KYN', 25046, '06/30/2004');
insert into Trabajar (CURP, RFC, salarioQuincenal, fechaIngreso) values ('HOGC19990526MPLIO0', 'DDD15UYXVZMS1', 29446, '01/24/2012');
insert into Trabajar (CURP, RFC, salarioQuincenal, fechaIngreso) values ('HOMD19910111MDBII5', 'K58NW8JVHFDVP', 43703, '10/01/2005');
insert into Trabajar (CURP, RFC, salarioQuincenal, fechaIngreso) values ('IDAM19890105FSALO2', '513DB4C763RRO', 36897, '06/11/2004');
insert into Trabajar (CURP, RFC, salarioQuincenal, fechaIngreso) values ('IDNE19840711FSAAL3', 'UW475T82UBTDC', 43648, '08/29/2010');
insert into Trabajar (CURP, RFC, salarioQuincenal, fechaIngreso) values ('IGHV19990114MINOI5', 'K490VEKTOTMLA', 44832, '02/12/2013');
insert into Trabajar (CURP, RFC, salarioQuincenal, fechaIngreso) values ('IOHE19910824MPSEL3', 'C9SYI6HOF36L9', 25301, '12/14/2010');
insert into Trabajar (CURP, RFC, salarioQuincenal, fechaIngreso) values ('IRHR19860906MHVAA1', 'NUPKBSK3EAIA2', 36281, '06/17/2004');
insert into Trabajar (CURP, RFC, salarioQuincenal, fechaIngreso) values ('ISPK19850425MIAAI4', 'FEDRD5IIV08NP', 21334, '01/09/2010');
insert into Trabajar (CURP, RFC, salarioQuincenal, fechaIngreso) values ('ISTR19951119FFAEA9', 'M7DS5D1N9EDFE', 22165, '08/17/2014');
insert into Trabajar (CURP, RFC, salarioQuincenal, fechaIngreso) values ('IVCM19870607MBALA2', '6CRSY7ZHBCGHX', 41838, '06/26/2001');
insert into Trabajar (CURP, RFC, salarioQuincenal, fechaIngreso) values ('JAAE19880704FBZUD9', '0ERZ84XEN5R61', 30173, '07/01/2012');
insert into Trabajar (CURP, RFC, salarioQuincenal, fechaIngreso) values ('JAAM19840409MLMUA6', 'VM8D9POP93BVB', 43584, '03/22/2013');
insert into Trabajar (CURP, RFC, salarioQuincenal, fechaIngreso) values ('JABB19981218MBSRU9', '8XD8TVPBHF0XH', 38608, '07/14/2001');
insert into Trabajar (CURP, RFC, salarioQuincenal, fechaIngreso) values ('JACG19950704FPCAA2', 'VSDS414U6PGEY', 44610, '10/29/2018');
insert into Trabajar (CURP, RFC, salarioQuincenal, fechaIngreso) values ('JACR19901023FANOO8', 'NRKZZDPLRA984', 28835, '03/24/2012');
insert into Trabajar (CURP, RFC, salarioQuincenal, fechaIngreso) values ('JAHC19850520FLNEY8', 'CTAZFG8Y5SK4L', 26621, '12/12/2012');
insert into Trabajar (CURP, RFC, salarioQuincenal, fechaIngreso) values ('JAJB19990507FCNEI7', 'TRR570INLEJBM', 39915, '07/18/2010');
insert into Trabajar (CURP, RFC, salarioQuincenal, fechaIngreso) values ('JAKR19970809FCNAO0', '091626ZQZVEJN', 28809, '01/25/2009');
insert into Trabajar (CURP, RFC, salarioQuincenal, fechaIngreso) values ('JAUB19950913FWNLR2', 'SE0G6H1P9IXL1', 27617, '07/15/2009');
insert into Trabajar (CURP, RFC, salarioQuincenal, fechaIngreso) values ('JEBM19811002MSRUE6', 'CTAZFG8Y5SK4L', 21990, '12/31/2006');
insert into Trabajar (CURP, RFC, salarioQuincenal, fechaIngreso) values ('JEDT19811223MCFAY0', 'Y85GN1I536OJI', 28835, '06/18/2007');
insert into Trabajar (CURP, RFC, salarioQuincenal, fechaIngreso) values ('JEEG19840907MLRRI3', 'A8YWXLNMLBTP9', 28514, '01/14/2017');
insert into Trabajar (CURP, RFC, salarioQuincenal, fechaIngreso) values ('JEIR19871110FFNDO9', '4UPUD4CXI6Y4M', 22152, '07/26/2004');
insert into Trabajar (CURP, RFC, salarioQuincenal, fechaIngreso) values ('JETC19930810MNRIL7', 'U44XH1WWPLKFR', 42200, '06/10/2002');
insert into Trabajar (CURP, RFC, salarioQuincenal, fechaIngreso) values ('JETD19940621FNNEA1', '9BKFU39QJCDCM', 30773, '10/30/2005');
insert into Trabajar (CURP, RFC, salarioQuincenal, fechaIngreso) values ('JETD19980122MKSAA6', 'B06EMIVWEWAFC', 40797, '05/30/2005');
insert into Trabajar (CURP, RFC, salarioQuincenal, fechaIngreso) values ('JETK19870727FTAIA4', 'Y85GN1I536OJI', 34347, '05/03/2014');
insert into Trabajar (CURP, RFC, salarioQuincenal, fechaIngreso) values ('JETM19880304FZSOE3', 'KOUDL4VRYSEZI', 41411, '06/08/2008');
insert into Trabajar (CURP, RFC, salarioQuincenal, fechaIngreso) values ('JISA19910128FALIU5', 'KOUDL4VRYSEZI', 30296, '06/08/2013');
insert into Trabajar (CURP, RFC, salarioQuincenal, fechaIngreso) values ('JOAC19920628FDHNO5', 'RI3K40F4U5VTP', 39726, '08/07/2006');
insert into Trabajar (CURP, RFC, salarioQuincenal, fechaIngreso) values ('JOBC19891024FLLOO4', 'G1FRMCI696HW7', 29968, '09/20/2016');
insert into Trabajar (CURP, RFC, salarioQuincenal, fechaIngreso) values ('JOCR19971215FIDAO3', 'LVJ31JUG6L6K8', 31092, '08/08/2005');
insert into Trabajar (CURP, RFC, salarioQuincenal, fechaIngreso) values ('JOCR19990427FTSAO5', '6CRSY7ZHBCGHX', 38498, '11/19/2004');
insert into Trabajar (CURP, RFC, salarioQuincenal, fechaIngreso) values ('JOIL19940804FCELE5', '4W9BOLQPZPP0T', 42381, '11/11/2014');
insert into Trabajar (CURP, RFC, salarioQuincenal, fechaIngreso) values ('JONP20000122MGSIE3', 'BP938SD71BJX4', 44863, '01/14/2007');
insert into Trabajar (CURP, RFC, salarioQuincenal, fechaIngreso) values ('JUIA19980101FKLSM2', '7UHDCTVQCRTWA', 24330, '07/22/2015');
insert into Trabajar (CURP, RFC, salarioQuincenal, fechaIngreso) values ('JUKM19940117FSLAA8', '9UYE42CKO5A2N', 41855, '10/09/2010');
insert into Trabajar (CURP, RFC, salarioQuincenal, fechaIngreso) values ('JURA19940126FDLOM9', 'OQXV3F9KNE021', 20154, '12/09/2011');
insert into Trabajar (CURP, RFC, salarioQuincenal, fechaIngreso) values ('JURA19940326FPNER1', '6CRSY7ZHBCGHX', 21030, '01/10/2011');
insert into Trabajar (CURP, RFC, salarioQuincenal, fechaIngreso) values ('JURD19801128FTLAO6', 'AQG00POKZO26E', 44194, '11/09/2004');
insert into Trabajar (CURP, RFC, salarioQuincenal, fechaIngreso) values ('JURR19870623FILOI4', 'WS6ERT43PGQTA', 21333, '05/23/2007');
insert into Trabajar (CURP, RFC, salarioQuincenal, fechaIngreso) values ('KACJ19890410FBIHO5', 'B06EMIVWEWAFC', 30911, '10/29/2017');
insert into Trabajar (CURP, RFC, salarioQuincenal, fechaIngreso) values ('KAFA19890819MSSRN8', 'X70ZC2JKW3J6W', 30264, '05/17/2011');
insert into Trabajar (CURP, RFC, salarioQuincenal, fechaIngreso) values ('KAMA19810610FCLAN8', 'QIDV5OT2WTGYB', 44740, '12/22/2003');
insert into Trabajar (CURP, RFC, salarioQuincenal, fechaIngreso) values ('KAWS19991222MCHAT2', 'TJ57E3GR3USL4', 42117, '10/12/2012');
insert into Trabajar (CURP, RFC, salarioQuincenal, fechaIngreso) values ('KEAC19951217FILMH0', 'IF7SASH1HBVDN', 26024, '01/31/2015');
insert into Trabajar (CURP, RFC, salarioQuincenal, fechaIngreso) values ('KEEE19990521MLLVM0', 'UT9TFWNGMR37I', 37128, '04/09/2011');
insert into Trabajar (CURP, RFC, salarioQuincenal, fechaIngreso) values ('KEEG19980109MSEAU7', 'K490VEKTOTMLA', 21787, '04/06/2018');
insert into Trabajar (CURP, RFC, salarioQuincenal, fechaIngreso) values ('KERC19860331MAVEO2', 'TJ5KP7907YLGI', 40745, '07/12/2009');
insert into Trabajar (CURP, RFC, salarioQuincenal, fechaIngreso) values ('KERD19941108FMNOA0', '091626ZQZVEJN', 33490, '12/17/2017');
insert into Trabajar (CURP, RFC, salarioQuincenal, fechaIngreso) values ('KESS19840707MBIEH4', 'Y4ZGHNXPVBCI8', 35452, '03/25/2011');
insert into Trabajar (CURP, RFC, salarioQuincenal, fechaIngreso) values ('KEWK19980309MBLEL9', 'SCPEDLLEOBHEQ', 36359, '11/09/2001');
insert into Trabajar (CURP, RFC, salarioQuincenal, fechaIngreso) values ('KIAC19890214MKNDO5', '481L6PL6ULAVQ', 41285, '08/24/2010');
insert into Trabajar (CURP, RFC, salarioQuincenal, fechaIngreso) values ('KIBG19911107MPLAR7', 'FEDRD5IIV08NP', 43504, '07/24/2015');
insert into Trabajar (CURP, RFC, salarioQuincenal, fechaIngreso) values ('KIFA19830204FDZRR6', '0ERZ84XEN5R61', 24493, '02/04/2016');
insert into Trabajar (CURP, RFC, salarioQuincenal, fechaIngreso) values ('KILD19820331FWZEO4', 'NZGHNA6D9YG7A', 31822, '02/17/2016');
insert into Trabajar (CURP, RFC, salarioQuincenal, fechaIngreso) values ('KIMV19971216FSTAI5', 'OWB8QC2WXRL5A', 23258, '03/31/2011');
insert into Trabajar (CURP, RFC, salarioQuincenal, fechaIngreso) values ('KIZN19811126MILAO0', '091626ZQZVEJN', 33288, '08/05/2005');
insert into Trabajar (CURP, RFC, salarioQuincenal, fechaIngreso) values ('KLWM19880729MBEIO8', '0ERZ84XEN5R61', 29510, '07/21/2007');
insert into Trabajar (CURP, RFC, salarioQuincenal, fechaIngreso) values ('LANJ19901129FMTIO0', 'H1QXW6YVZ1VCD', 24283, '12/16/2003');
insert into Trabajar (CURP, RFC, salarioQuincenal, fechaIngreso) values ('LASB19810201FPIHR2', 'L9995XCO122HZ', 33117, '11/05/2015');
insert into Trabajar (CURP, RFC, salarioQuincenal, fechaIngreso) values ('LASF19880707FARTL3', 'OQXV3F9KNE021', 36279, '02/25/2003');
insert into Trabajar (CURP, RFC, salarioQuincenal, fechaIngreso) values ('LAZG19980504MLNER2', 'Z0N37GLPNKWUJ', 44658, '05/09/2012');
insert into Trabajar (CURP, RFC, salarioQuincenal, fechaIngreso) values ('LEDB19990913FUOAR1', 'DACK2FNA44MIE', 35212, '01/22/2013');
insert into Trabajar (CURP, RFC, salarioQuincenal, fechaIngreso) values ('LEOD19941217MSWSE7', 'SQ9JNZMX8NTVL', 23386, '04/04/2012');
insert into Trabajar (CURP, RFC, salarioQuincenal, fechaIngreso) values ('LEPR19950330FCOAE1', 'CJVXEGUV08NA8', 21206, '03/18/2012');
insert into Trabajar (CURP, RFC, salarioQuincenal, fechaIngreso) values ('LETB19941126MPNHR3', 'DD39YW5UZAGAH', 28268, '12/03/2003');
insert into Trabajar (CURP, RFC, salarioQuincenal, fechaIngreso) values ('LIAB19850811MSONE3', '4UPUD4CXI6Y4M', 42365, '06/03/2004');
insert into Trabajar (CURP, RFC, salarioQuincenal, fechaIngreso) values ('LIAD19801222FDSLO5', '091626ZQZVEJN', 31002, '10/29/2007');
insert into Trabajar (CURP, RFC, salarioQuincenal, fechaIngreso) values ('LIBR19911020MKEEA8', 'GXWPHL3BS5D5L', 37747, '11/17/2016');
insert into Trabajar (CURP, RFC, salarioQuincenal, fechaIngreso) values ('LICG19960404FZBAE7', '7ETIRII4YAEM5', 20844, '10/25/2018');
insert into Trabajar (CURP, RFC, salarioQuincenal, fechaIngreso) values ('LIDE19820607FTLAM4', 'NZUH0FZRM9TGB', 40583, '04/24/2018');
insert into Trabajar (CURP, RFC, salarioQuincenal, fechaIngreso) values ('LIGK19870527FTVLE7', 'PUDML2MEV7A8S', 31859, '10/05/2011');
insert into Trabajar (CURP, RFC, salarioQuincenal, fechaIngreso) values ('LIJM19981014FYSOE6', 'CMPP73TMB8OHI', 25077, '12/05/2011');
insert into Trabajar (CURP, RFC, salarioQuincenal, fechaIngreso) values ('LIKA19891112FCSRB8', 'NCWEQOHK7WPAN', 41402, '05/31/2004');
insert into Trabajar (CURP, RFC, salarioQuincenal, fechaIngreso) values ('LILK19990326FTNEA4', 'A8YWXLNMLBTP9', 38361, '08/22/2016');
insert into Trabajar (CURP, RFC, salarioQuincenal, fechaIngreso) values ('LINA19870808FKLON0', '3ZAP92AP6EQ8A', 39249, '01/07/2001');
insert into Trabajar (CURP, RFC, salarioQuincenal, fechaIngreso) values ('LIRG19801206MVEEA0', 'C2BKENPKFDBDT', 32806, '02/06/2001');
insert into Trabajar (CURP, RFC, salarioQuincenal, fechaIngreso) values ('LISI19981003FISIS1', '6ROPGAXGOFS6E', 33530, '03/12/2004');
insert into Trabajar (CURP, RFC, salarioQuincenal, fechaIngreso) values ('LOBJ19881125FMRRE9', 'C2BKENPKFDBDT', 40071, '06/30/2009');
insert into Trabajar (CURP, RFC, salarioQuincenal, fechaIngreso) values ('LOCJ19821117MQTOE9', 'PUDML2MEV7A8S', 22439, '01/28/2008');
insert into Trabajar (CURP, RFC, salarioQuincenal, fechaIngreso) values ('LOGD19991219MLRIE2', 'WZ8A0WLBH8TCY', 21616, '12/03/2006');
insert into Trabajar (CURP, RFC, salarioQuincenal, fechaIngreso) values ('LOJJ19850928MNRAA8', 'UW475T82UBTDC', 31018, '03/20/2015');
insert into Trabajar (CURP, RFC, salarioQuincenal, fechaIngreso) values ('LOLI19930411FSNED6', '4W9BOLQPZPP0T', 36734, '11/02/2009');
insert into Trabajar (CURP, RFC, salarioQuincenal, fechaIngreso) values ('LOMW19970325FSTIA0', 'A8YWXLNMLBTP9', 40163, '01/10/2008');
insert into Trabajar (CURP, RFC, salarioQuincenal, fechaIngreso) values ('LYLL19890210FBNIY8', 'SCPEDLLEOBHEQ', 21386, '08/09/2016');
insert into Trabajar (CURP, RFC, salarioQuincenal, fechaIngreso) values ('LYLT19810206MMNAH4', 'U44XH1WWPLKFR', 31444, '02/03/2011');
insert into Trabajar (CURP, RFC, salarioQuincenal, fechaIngreso) values ('LYWA19930621FKNIL2', 'DD39YW5UZAGAH', 21231, '07/15/2018');
insert into Trabajar (CURP, RFC, salarioQuincenal, fechaIngreso) values ('MAAL19910802FKRRA0', 'ZCL3CG3P38RBN', 21702, '11/12/2005');
insert into Trabajar (CURP, RFC, salarioQuincenal, fechaIngreso) values ('MAAR19870719FSRUO1', 'JBZ4VDGE6E6EY', 42900, '05/02/2003');
insert into Trabajar (CURP, RFC, salarioQuincenal, fechaIngreso) values ('MAAT19870617MHRXH8', 'DACK2FNA44MIE', 39900, '08/19/2013');
insert into Trabajar (CURP, RFC, salarioQuincenal, fechaIngreso) values ('MACK19830622FVRLA4', 'WZ8A0WLBH8TCY', 37885, '03/28/2015');
insert into Trabajar (CURP, RFC, salarioQuincenal, fechaIngreso) values ('MADF19980927MSROI2', '1LXC45LWLYYDW', 22534, '03/22/2012');
insert into Trabajar (CURP, RFC, salarioQuincenal, fechaIngreso) values ('MAFD19820403FPRAE7', 'X70ZC2JKW3J6W', 33960, '09/20/2016');
insert into Trabajar (CURP, RFC, salarioQuincenal, fechaIngreso) values ('MAFH19930426FJBAI0', 'PUDML2MEV7A8S', 42747, '06/07/2007');
insert into Trabajar (CURP, RFC, salarioQuincenal, fechaIngreso) values ('MAHS19820502MOUEA4', '2YYU3CQGX0FLF', 41003, '12/06/2009');
insert into Trabajar (CURP, RFC, salarioQuincenal, fechaIngreso) values ('MAJA19860223MTTEB3', 'IF7SASH1HBVDN', 37340, '09/03/2003');
insert into Trabajar (CURP, RFC, salarioQuincenal, fechaIngreso) values ('MAJF19960904MPRUR4', 'A8YWXLNMLBTP9', 33318, '09/02/2010');
insert into Trabajar (CURP, RFC, salarioQuincenal, fechaIngreso) values ('MALA20000708FJRER7', 'SCPEDLLEOBHEQ', 36040, '06/04/2014');
insert into Trabajar (CURP, RFC, salarioQuincenal, fechaIngreso) values ('MALG19820714FBROU8', 'P6YF4A2B7U4NF', 41159, '02/06/2004');
insert into Trabajar (CURP, RFC, salarioQuincenal, fechaIngreso) values ('MALK19811222FBRUR5', '9IY56JXTKC71F', 36036, '03/30/2014');
insert into Trabajar (CURP, RFC, salarioQuincenal, fechaIngreso) values ('MAML20000424FLRO;1', 'Z5S8TF3HNDP61', 20188, '05/26/2007');
insert into Trabajar (CURP, RFC, salarioQuincenal, fechaIngreso) values ('MAMR19880417FNRAA2', '9Z3ZT4LVR2LY3', 42420, '02/26/2004');
insert into Trabajar (CURP, RFC, salarioQuincenal, fechaIngreso) values ('MANE19940717FKREL9', 'NZUH0FZRM9TGB', 30620, '10/14/2003');
insert into Trabajar (CURP, RFC, salarioQuincenal, fechaIngreso) values ('MAOL19910821FHRLA5', 'YZWYZOPH7B9SS', 38636, '03/15/2013');
insert into Trabajar (CURP, RFC, salarioQuincenal, fechaIngreso) values ('MASA19820325FDLEJ6', '513DB4C763RRO', 41566, '10/10/2002');
insert into Trabajar (CURP, RFC, salarioQuincenal, fechaIngreso) values ('MASD19920125FTREE0', 'VM8D9POP93BVB', 28325, '10/18/2007');
insert into Trabajar (CURP, RFC, salarioQuincenal, fechaIngreso) values ('MATD19870919MHDOI2', 'U7U731PF4L7GT', 30127, '06/11/2008');
insert into Trabajar (CURP, RFC, salarioQuincenal, fechaIngreso) values ('MAVS19911016FWROU0', 'AQG00POKZO26E', 33864, '05/01/2018');
insert into Trabajar (CURP, RFC, salarioQuincenal, fechaIngreso) values ('MEAK19971105MFRDI9', 'Z5S8TF3HNDP61', 27982, '04/14/2005');
insert into Trabajar (CURP, RFC, salarioQuincenal, fechaIngreso) values ('MECA19990818MQRER7', '9UYE42CKO5A2N', 27353, '05/15/2016');
insert into Trabajar (CURP, RFC, salarioQuincenal, fechaIngreso) values ('MEEP19851025FLGMA6', 'H1QXW6YVZ1VCD', 33321, '01/05/2008');
insert into Trabajar (CURP, RFC, salarioQuincenal, fechaIngreso) values ('MEMM20000629FSAAI1', '9IY56JXTKC71F', 21590, '11/11/2008');
insert into Trabajar (CURP, RFC, salarioQuincenal, fechaIngreso) values ('MENP19831116FDGEH2', 'H1QXW6YVZ1VCD', 43508, '06/05/2017');
insert into Trabajar (CURP, RFC, salarioQuincenal, fechaIngreso) values ('MESM19840207FPLAA2', 'ZCL3CG3P38RBN', 44195, '11/02/2003');
insert into Trabajar (CURP, RFC, salarioQuincenal, fechaIngreso) values ('MEST19870522FCREI9', 'QIDV5OT2WTGYB', 40115, '01/20/2006');
insert into Trabajar (CURP, RFC, salarioQuincenal, fechaIngreso) values ('METC19930713MVNOH3', '481L6PL6ULAVQ', 40414, '10/11/2009');
insert into Trabajar (CURP, RFC, salarioQuincenal, fechaIngreso) values ('MIAB19850714MACRE6', 'Y85GN1I536OJI', 43233, '02/08/2016');
insert into Trabajar (CURP, RFC, salarioQuincenal, fechaIngreso) values ('MIES19820605FKCMH1', 'GEY27W4MWPGIS', 37968, '09/28/2014');
insert into Trabajar (CURP, RFC, salarioQuincenal, fechaIngreso) values ('MIFR19970403MSCEA3', 'Z4PZ1SZT33KYN', 44853, '08/19/2014');
insert into Trabajar (CURP, RFC, salarioQuincenal, fechaIngreso) values ('MIHA19991024FPCIM8', 'NZGHNA6D9YG7A', 21287, '02/11/2011');
insert into Trabajar (CURP, RFC, salarioQuincenal, fechaIngreso) values ('MILG19990710M?CER0', 'NZGHNA6D9YG7A', 31185, '10/02/2006');
insert into Trabajar (CURP, RFC, salarioQuincenal, fechaIngreso) values ('MIVR20000325FYCIA4', '9S439CDK9XQ4B', 29589, '11/11/2012');
insert into Trabajar (CURP, RFC, salarioQuincenal, fechaIngreso) values ('MOCE19920213MCRAL6', 'PUDML2MEV7A8S', 26243, '05/20/2012');
insert into Trabajar (CURP, RFC, salarioQuincenal, fechaIngreso) values ('MOLC19901221MLRLO9', '9S439CDK9XQ4B', 33979, '01/17/2003');
insert into Trabajar (CURP, RFC, salarioQuincenal, fechaIngreso) values ('MOMO19860123FRSID2', 'VSDS414U6PGEY', 27520, '07/31/2016');
insert into Trabajar (CURP, RFC, salarioQuincenal, fechaIngreso) values ('MOPD19970829FKLHA6', 'IDTRTRQ978AAS', 24068, '04/16/2007');
insert into Trabajar (CURP, RFC, salarioQuincenal, fechaIngreso) values ('MORG19840601MPNOI4', '7NJ45VGPGBLJB', 24108, '11/25/2007');
insert into Trabajar (CURP, RFC, salarioQuincenal, fechaIngreso) values ('MORR19850907FBRAO5', 'JBZ4VDGE6E6EY', 28400, '11/28/2002');
insert into Trabajar (CURP, RFC, salarioQuincenal, fechaIngreso) values ('MOSD19840216MGRHA3', '0ERZ84XEN5R61', 40524, '07/02/2007');
insert into Trabajar (CURP, RFC, salarioQuincenal, fechaIngreso) values ('MYMH19850204MMROA3', 'TGOZCAUIAC12J', 39673, '04/16/2007');
insert into Trabajar (CURP, RFC, salarioQuincenal, fechaIngreso) values ('NAJA19890130FCDAL0', 'OQXV3F9KNE021', 32983, '02/11/2018');
insert into Trabajar (CURP, RFC, salarioQuincenal, fechaIngreso) values ('NAKC19931123FSDIH9', '9Z3ZT4LVR2LY3', 44456, '06/18/2008');
insert into Trabajar (CURP, RFC, salarioQuincenal, fechaIngreso) values ('NAME19961105MKTON6', 'CJVXEGUV08NA8', 38617, '06/04/2002');
insert into Trabajar (CURP, RFC, salarioQuincenal, fechaIngreso) values ('NAPL19980821FPTHY9', 'SQ9JNZMX8NTVL', 25930, '04/11/2017');
insert into Trabajar (CURP, RFC, salarioQuincenal, fechaIngreso) values ('NEHA19980821MGHUL4', 'OQXV3F9KNE021', 44909, '02/08/2004');
insert into Trabajar (CURP, RFC, salarioQuincenal, fechaIngreso) values ('NEMD19910827FTLUO4', 'B9H0OI8UJA0VX', 22581, '12/15/2005');
insert into Trabajar (CURP, RFC, salarioQuincenal, fechaIngreso) values ('NEQE19920604MZRUT8', 'NZUH0FZRM9TGB', 32513, '02/08/2010');
insert into Trabajar (CURP, RFC, salarioQuincenal, fechaIngreso) values ('NEVL19920724FBSIE5', 'DDD15UYXVZMS1', 20559, '03/24/2012');
insert into Trabajar (CURP, RFC, salarioQuincenal, fechaIngreso) values ('NICS19980123MRGLI4', 'C9SYI6HOF36L9', 22903, '03/21/2012');
insert into Trabajar (CURP, RFC, salarioQuincenal, fechaIngreso) values ('NIEK19850719FBSLA9', 'NCWEQOHK7WPAN', 39635, '12/14/2005');
insert into Trabajar (CURP, RFC, salarioQuincenal, fechaIngreso) values ('NIIT19951221MTKSR6', '9S439CDK9XQ4B', 29922, '02/09/2011');
insert into Trabajar (CURP, RFC, salarioQuincenal, fechaIngreso) values ('NIPJ19810103MBKAE6', '1REKW10CZ9P0K', 25255, '08/08/2015');
insert into Trabajar (CURP, RFC, salarioQuincenal, fechaIngreso) values ('NIWA19900723MVAIL5', 'HVVSW5LP85MHZ', 25092, '11/30/2009');
insert into Trabajar (CURP, RFC, salarioQuincenal, fechaIngreso) values ('NODS19990812MKRUI2', 'YZWYZOPH7B9SS', 28230, '07/23/2009');
insert into Trabajar (CURP, RFC, salarioQuincenal, fechaIngreso) values ('NOFR19850408MKREO1', 'Z0N37GLPNKWUJ', 31633, '01/28/2013');
insert into Trabajar (CURP, RFC, salarioQuincenal, fechaIngreso) values ('NOLD19991127FCEOA2', '7NJ45VGPGBLJB', 23715, '11/07/2005');
insert into Trabajar (CURP, RFC, salarioQuincenal, fechaIngreso) values ('NYEA19960217MKEMD0', 'TRR570INLEJBM', 44174, '12/04/2015');
insert into Trabajar (CURP, RFC, salarioQuincenal, fechaIngreso) values ('ODNM19960716FTEEA4', '9HKBNX02TG2GE', 38652, '10/06/2001');
insert into Trabajar (CURP, RFC, salarioQuincenal, fechaIngreso) values ('OFCK19910511FSIHE9', 'UT9TFWNGMR37I', 40216, '01/26/2009');
insert into Trabajar (CURP, RFC, salarioQuincenal, fechaIngreso) values ('OPTD19871224FTAAE2', 'B06EMIVWEWAFC', 38876, '08/05/2013');
insert into Trabajar (CURP, RFC, salarioQuincenal, fechaIngreso) values ('ORNK19890824FMEAA3', 'C9SYI6HOF36L9', 29436, '05/09/2007');
insert into Trabajar (CURP, RFC, salarioQuincenal, fechaIngreso) values ('PAAH19970822MLTDI8', 'CMPP73TMB8OHI', 24368, '05/21/2011');
insert into Trabajar (CURP, RFC, salarioQuincenal, fechaIngreso) values ('PAFK19831010MNYAE8', 'GXWPHL3BS5D5L', 37214, '10/01/2013');
insert into Trabajar (CURP, RFC, salarioQuincenal, fechaIngreso) values ('PAKB19961026MKSLL1', '9IY56JXTKC71F', 30397, '05/30/2015');
insert into Trabajar (CURP, RFC, salarioQuincenal, fechaIngreso) values ('PANH19890119MWLEU5', 'AQG00POKZO26E', 43907, '08/24/2009');
insert into Trabajar (CURP, RFC, salarioQuincenal, fechaIngreso) values ('PANV19870304MPDEE0', 'H1QXW6YVZ1VCD', 23018, '03/21/2010');
insert into Trabajar (CURP, RFC, salarioQuincenal, fechaIngreso) values ('PAQY19881202FMTUV9', 'FTSLOYZ7M36OF', 23985, '07/14/2002');
insert into Trabajar (CURP, RFC, salarioQuincenal, fechaIngreso) values ('PASB19980728MCRLI4', '3ZAP92AP6EQ8A', 23022, '07/15/2016');
insert into Trabajar (CURP, RFC, salarioQuincenal, fechaIngreso) values ('PAVC19920729FAUIL0', 'VXCOM5YRQ2380', 34018, '12/02/2010');
insert into Trabajar (CURP, RFC, salarioQuincenal, fechaIngreso) values ('PECJ19841231FMRRO3', 'OHDZHXBMJ7K8H', 21385, '12/16/2015');
insert into Trabajar (CURP, RFC, salarioQuincenal, fechaIngreso) values ('PEDB19850601FPNAR0', 'TGOZCAUIAC12J', 41001, '05/14/2017');
insert into Trabajar (CURP, RFC, salarioQuincenal, fechaIngreso) values ('PEFR19921106FBGRI4', 'PAZ0RZEQ4QPJ8', 37250, '12/06/2005');
insert into Trabajar (CURP, RFC, salarioQuincenal, fechaIngreso) values ('PEOP19940715FKRRR4', 'DACK2FNA44MIE', 42016, '12/04/2003');
insert into Trabajar (CURP, RFC, salarioQuincenal, fechaIngreso) values ('PERB19811020MMRIE6', '1REKW10CZ9P0K', 25245, '01/18/2016');
insert into Trabajar (CURP, RFC, salarioQuincenal, fechaIngreso) values ('PICR19830609MCEHI7', '7UHDCTVQCRTWA', 28373, '07/14/2004');
insert into Trabajar (CURP, RFC, salarioQuincenal, fechaIngreso) values ('PILS20000902MLPAH8', 'DD39YW5UZAGAH', 42725, '03/08/2005');
insert into Trabajar (CURP, RFC, salarioQuincenal, fechaIngreso) values ('PINS19850928MGEOY2', 'AQG00POKZO26E', 44347, '02/22/2001');
insert into Trabajar (CURP, RFC, salarioQuincenal, fechaIngreso) values ('PRDA19950728FRIAL3', 'IDTRTRQ978AAS', 40284, '12/24/2008');
insert into Trabajar (CURP, RFC, salarioQuincenal, fechaIngreso) values ('QUAT19980527FMIDE6', 'FTSLOYZ7M36OF', 38476, '12/14/2000');
insert into Trabajar (CURP, RFC, salarioQuincenal, fechaIngreso) values ('QUEV19911019FCILA6', '2YYU3CQGX0FLF', 41767, '01/12/2008');
insert into Trabajar (CURP, RFC, salarioQuincenal, fechaIngreso) values ('RABS19881111FTNIT4', 'K58NW8JVHFDVP', 20566, '08/01/2005');
insert into Trabajar (CURP, RFC, salarioQuincenal, fechaIngreso) values ('RACB19940606MEYRE6', '091626ZQZVEJN', 34508, '12/08/2005');
insert into Trabajar (CURP, RFC, salarioQuincenal, fechaIngreso) values ('RANK19900519FLYAA9', 'QIDV5OT2WTGYB', 21499, '10/11/2005');
insert into Trabajar (CURP, RFC, salarioQuincenal, fechaIngreso) values ('RARC19850418MLFOL5', 'VXCOM5YRQ2380', 23282, '04/01/2016');
insert into Trabajar (CURP, RFC, salarioQuincenal, fechaIngreso) values ('REDO19850406FMNOR4', 'DDD15UYXVZMS1', 29251, '06/17/2007');
insert into Trabajar (CURP, RFC, salarioQuincenal, fechaIngreso) values ('REEB19930502MIYNA9', 'H1QXW6YVZ1VCD', 32659, '05/10/2002');
insert into Trabajar (CURP, RFC, salarioQuincenal, fechaIngreso) values ('REER19910905MHEGI9', '513DB4C763RRO', 25099, '08/01/2013');
insert into Trabajar (CURP, RFC, salarioQuincenal, fechaIngreso) values ('REHW19940515MVGAE2', '513DB4C763RRO', 38422, '12/15/2016');
insert into Trabajar (CURP, RFC, salarioQuincenal, fechaIngreso) values ('RELD19931118FAIEA1', 'Y4ZGHNXPVBCI8', 33968, '01/08/2001');
insert into Trabajar (CURP, RFC, salarioQuincenal, fechaIngreso) values ('REMT19890630MLIAE9', 'Z5S8TF3HNDP61', 43363, '10/25/2004');
insert into Trabajar (CURP, RFC, salarioQuincenal, fechaIngreso) values ('REPR19950107MHAHU0', 'CJVXEGUV08NA8', 29047, '12/23/2002');
insert into Trabajar (CURP, RFC, salarioQuincenal, fechaIngreso) values ('REPV19891212FHTIA8', '9S439CDK9XQ4B', 42276, '04/06/2010');
insert into Trabajar (CURP, RFC, salarioQuincenal, fechaIngreso) values ('RHAA19840625FKORN0', '4UPUD4CXI6Y4M', 26224, '12/03/2011');
insert into Trabajar (CURP, RFC, salarioQuincenal, fechaIngreso) values ('RIHB19940124MCOEY0', '9UYE42CKO5A2N', 23716, '12/22/2005');
insert into Trabajar (CURP, RFC, salarioQuincenal, fechaIngreso) values ('ROCC19950125FJSAE4', 'Z0N37GLPNKWUJ', 27163, '10/31/2002');
insert into Trabajar (CURP, RFC, salarioQuincenal, fechaIngreso) values ('ROCH19990922FASLI9', '4F6G4EE9GYP6A', 43210, '08/01/2008');
insert into Trabajar (CURP, RFC, salarioQuincenal, fechaIngreso) values ('ROGC20000213MHNRH9', 'NZGHNA6D9YG7A', 37480, '12/03/2016');
insert into Trabajar (CURP, RFC, salarioQuincenal, fechaIngreso) values ('ROHZ19961021FCDIO1', 'DDD15UYXVZMS1', 31594, '02/07/2004');
insert into Trabajar (CURP, RFC, salarioQuincenal, fechaIngreso) values ('ROKS19900214FVCAT8', 'B06EMIVWEWAFC', 40287, '04/01/2002');
insert into Trabajar (CURP, RFC, salarioQuincenal, fechaIngreso) values ('ROLG19931215FSSOU1', 'UPSZYPHRFVQNR', 36876, '06/06/2008');
insert into Trabajar (CURP, RFC, salarioQuincenal, fechaIngreso) values ('ROLN19921217FSAAO2', '1LXC45LWLYYDW', 20597, '02/24/2005');
insert into Trabajar (CURP, RFC, salarioQuincenal, fechaIngreso) values ('ROMG19861218FNBAI6', 'DDD15UYXVZMS1', 21670, '10/14/2014');
insert into Trabajar (CURP, RFC, salarioQuincenal, fechaIngreso) values ('ROOF19801202FXZOA3', 'NZUH0FZRM9TGB', 43615, '04/16/2015');
insert into Trabajar (CURP, RFC, salarioQuincenal, fechaIngreso) values ('ROTJ19890702FKNHA3', '9UYE42CKO5A2N', 22820, '06/09/2017');
insert into Trabajar (CURP, RFC, salarioQuincenal, fechaIngreso) values ('ROWJ19990103MCWAA2', 'CTAZFG8Y5SK4L', 37366, '10/02/2017');
insert into Trabajar (CURP, RFC, salarioQuincenal, fechaIngreso) values ('SARH19870630FMCOE4', '481L6PL6ULAVQ', 34458, '01/31/2014');
insert into Trabajar (CURP, RFC, salarioQuincenal, fechaIngreso) values ('SATZ19980504MPNYE1', 'LVJ31JUG6L6K8', 21311, '03/29/2008');
insert into Trabajar (CURP, RFC, salarioQuincenal, fechaIngreso) values ('SCEG19840819MDOLR4', 'QIDV5OT2WTGYB', 24895, '03/05/2002');
insert into Trabajar (CURP, RFC, salarioQuincenal, fechaIngreso) values ('SCPE19860204MSORT4', '91UA69IUI0KA1', 30693, '07/20/2010');
insert into Trabajar (CURP, RFC, salarioQuincenal, fechaIngreso) values ('SEHQ19880817MPRAU1', 'UPSZYPHRFVQNR', 25535, '04/12/2006');
insert into Trabajar (CURP, RFC, salarioQuincenal, fechaIngreso) values ('SEJV19840210MAEAA6', '0ERZ84XEN5R61', 23218, '07/13/2017');
insert into Trabajar (CURP, RFC, salarioQuincenal, fechaIngreso) values ('SEOE19970218FTLRV3', 'JAFOO1XO28BOZ', 42261, '04/09/2012');
insert into Trabajar (CURP, RFC, salarioQuincenal, fechaIngreso) values ('SHAG19820916MLERI8', '8XD8TVPBHF0XH', 36917, '04/15/2003');
insert into Trabajar (CURP, RFC, salarioQuincenal, fechaIngreso) values ('SHAJ19980218FSERE6', 'A8YWXLNMLBTP9', 25594, '08/15/2010');
insert into Trabajar (CURP, RFC, salarioQuincenal, fechaIngreso) values ('SHFM19920407MOEIA7', '9BKFU39QJCDCM', 26414, '12/12/2003');
insert into Trabajar (CURP, RFC, salarioQuincenal, fechaIngreso) values ('SHIJ19830818FDEME8', 'IF7SASH1HBVDN', 40342, '06/20/2003');
insert into Trabajar (CURP, RFC, salarioQuincenal, fechaIngreso) values ('SHJS19850410FLEOT3', 'UW475T82UBTDC', 37725, '05/10/2003');
insert into Trabajar (CURP, RFC, salarioQuincenal, fechaIngreso) values ('SHMM19880517FLAAI5', 'CD87D7RD9SM83', 34007, '08/25/2018');
insert into Trabajar (CURP, RFC, salarioQuincenal, fechaIngreso) values ('SIBJ19951024MPMAA7', '4F6G4EE9GYP6A', 32773, '03/28/2002');
insert into Trabajar (CURP, RFC, salarioQuincenal, fechaIngreso) values ('SIBV19811218MPLRA0', 'Y85GN1I536OJI', 32550, '12/30/2001');
insert into Trabajar (CURP, RFC, salarioQuincenal, fechaIngreso) values ('SIJC19950109MNGEL9', 'WZ8A0WLBH8TCY', 26612, '01/17/2011');
insert into Trabajar (CURP, RFC, salarioQuincenal, fechaIngreso) values ('SIJD19801130FLSER7', 'B06EMIVWEWAFC', 27123, '04/07/2017');
insert into Trabajar (CURP, RFC, salarioQuincenal, fechaIngreso) values ('SKSB19881029MCIER8', 'K490VEKTOTMLA', 21264, '12/30/2013');
insert into Trabajar (CURP, RFC, salarioQuincenal, fechaIngreso) values ('SODH20000223MYNAE5', 'BP938SD71BJX4', 29318, '11/07/2015');
insert into Trabajar (CURP, RFC, salarioQuincenal, fechaIngreso) values ('SOHE19850613FSNYV9', '9HKBNX02TG2GE', 21423, '04/07/2018');
insert into Trabajar (CURP, RFC, salarioQuincenal, fechaIngreso) values ('STGF19890506MTARA1', 'K490VEKTOTMLA', 31214, '12/07/2009');
insert into Trabajar (CURP, RFC, salarioQuincenal, fechaIngreso) values ('STJM20000616FPEOI1', 'DJZH461BNZTFN', 38444, '07/06/2011');
insert into Trabajar (CURP, RFC, salarioQuincenal, fechaIngreso) values ('STRK19900320FMAAY4', 'CJVXEGUV08NA8', 20064, '03/06/2005');
insert into Trabajar (CURP, RFC, salarioQuincenal, fechaIngreso) values ('STYE19990725MTEAT9', 'A8YWXLNMLBTP9', 31798, '07/03/2001');
insert into Trabajar (CURP, RFC, salarioQuincenal, fechaIngreso) values ('SYFR19810703MFMRE6', 'UT9TFWNGMR37I', 34363, '11/09/2009');
insert into Trabajar (CURP, RFC, salarioQuincenal, fechaIngreso) values ('TAIH19920713MSYKU3', '6ROPGAXGOFS6E', 37020, '09/17/2017');
insert into Trabajar (CURP, RFC, salarioQuincenal, fechaIngreso) values ('TELW19861223MCMIO0', 'AQG00POKZO26E', 38998, '05/02/2008');
insert into Trabajar (CURP, RFC, salarioQuincenal, fechaIngreso) values ('TEPD19951213MXMAE0', '7NJ45VGPGBLJB', 21561, '02/25/2010');
insert into Trabajar (CURP, RFC, salarioQuincenal, fechaIngreso) values ('TEYE19970605FLRNL7', 'Z4PZ1SZT33KYN', 26352, '05/04/2010');
insert into Trabajar (CURP, RFC, salarioQuincenal, fechaIngreso) values ('THAJ20001004MMOBO5', 'DD39YW5UZAGAH', 42939, '08/05/2002');
insert into Trabajar (CURP, RFC, salarioQuincenal, fechaIngreso) values ('THKT19900305FAOEO7', 'P6YF4A2B7U4NF', 21657, '05/02/2007');
insert into Trabajar (CURP, RFC, salarioQuincenal, fechaIngreso) values ('THRJ19820713MÖOIA0', 'PUDML2MEV7A8S', 38742, '10/20/2003');
insert into Trabajar (CURP, RFC, salarioQuincenal, fechaIngreso) values ('TIDH19940831MLMUA4', 'NUPKBSK3EAIA2', 31693, '06/24/2015');
insert into Trabajar (CURP, RFC, salarioQuincenal, fechaIngreso) values ('TIEK19930502MPBWE9', 'B9H0OI8UJA0VX', 39143, '06/22/2014');
insert into Trabajar (CURP, RFC, salarioQuincenal, fechaIngreso) values ('TITU19930701MSEHL4', 'YZWYZOPH7B9SS', 34619, '07/09/2016');
insert into Trabajar (CURP, RFC, salarioQuincenal, fechaIngreso) values ('TOBO19951003MKRAB6', 'U44XH1WWPLKFR', 36384, '07/20/2018');
insert into Trabajar (CURP, RFC, salarioQuincenal, fechaIngreso) values ('TOGG19950416FVMIE3', 'CD87D7RD9SM83', 28889, '07/06/2014');
insert into Trabajar (CURP, RFC, salarioQuincenal, fechaIngreso) values ('TOGK19880130FTRAR6', 'HVVSW5LP85MHZ', 24988, '10/13/2010');
insert into Trabajar (CURP, RFC, salarioQuincenal, fechaIngreso) values ('TRKA19881221MZSED6', 'W14MHRWLELLQG', 27405, '04/26/2011');
insert into Trabajar (CURP, RFC, salarioQuincenal, fechaIngreso) values ('TRMM19971124FTAAA0', '6CRSY7ZHBCGHX', 44107, '09/12/2011');
insert into Trabajar (CURP, RFC, salarioQuincenal, fechaIngreso) values ('TUER19880805MDCFE8', 'UW475T82UBTDC', 32094, '05/11/2017');
insert into Trabajar (CURP, RFC, salarioQuincenal, fechaIngreso) values ('TYBZ19841015MVMAE9', 'NRKZZDPLRA984', 33067, '11/21/2001');
insert into Trabajar (CURP, RFC, salarioQuincenal, fechaIngreso) values ('TYFH19960220MONRO8', 'FTSLOYZ7M36OF', 44668, '11/28/2006');
insert into Trabajar (CURP, RFC, salarioQuincenal, fechaIngreso) values ('UMLJ19920929FDEIO6', 'Y4ZGHNXPVBCI8', 28858, '09/01/2015');
insert into Trabajar (CURP, RFC, salarioQuincenal, fechaIngreso) values ('URRE19940830MISOM8', 'NZUH0FZRM9TGB', 27241, '10/02/2001');
insert into Trabajar (CURP, RFC, salarioQuincenal, fechaIngreso) values ('VAGS19891022FRLRH1', 'JAFOO1XO28BOZ', 44062, '11/04/2002');
insert into Trabajar (CURP, RFC, salarioQuincenal, fechaIngreso) values ('VALM19970614MHSAA9', '4UPUD4CXI6Y4M', 25811, '03/14/2008');
insert into Trabajar (CURP, RFC, salarioQuincenal, fechaIngreso) values ('VAMT19930430MPLAH3', '513DB4C763RRO', 42383, '06/27/2003');
insert into Trabajar (CURP, RFC, salarioQuincenal, fechaIngreso) values ('VETK19990525FXROA5', 'WS6ERT43PGQTA', 26819, '12/03/2011');
insert into Trabajar (CURP, RFC, salarioQuincenal, fechaIngreso) values ('VEZJ19990715FSNUA9', '6CRSY7ZHBCGHX', 25674, '07/12/2016');
insert into Trabajar (CURP, RFC, salarioQuincenal, fechaIngreso) values ('WAHV19830102MARUI2', 'NRKZZDPLRA984', 33285, '07/29/2003');
insert into Trabajar (CURP, RFC, salarioQuincenal, fechaIngreso) values ('WALS19940406MBLOH3', 'CTAZFG8Y5SK4L', 28783, '06/20/2009');
insert into Trabajar (CURP, RFC, salarioQuincenal, fechaIngreso) values ('WEAT19910313MKBLO2', '91UA69IUI0KA1', 43226, '12/10/2004');
insert into Trabajar (CURP, RFC, salarioQuincenal, fechaIngreso) values ('WILB19880125MPLEE2', '9HKBNX02TG2GE', 24954, '02/25/2015');
insert into Trabajar (CURP, RFC, salarioQuincenal, fechaIngreso) values ('WODO19810903MXRES0', '91UA69IUI0KA1', 43706, '08/22/2003');
insert into Trabajar (CURP, RFC, salarioQuincenal, fechaIngreso) values ('WOHI19860828MARAS4', 'PUDML2MEV7A8S', 34972, '07/13/2007');
insert into Trabajar (CURP, RFC, salarioQuincenal, fechaIngreso) values ('WOSW19900128MTOTY3', '2YYU3CQGX0FLF', 44951, '04/25/2009');
insert into Trabajar (CURP, RFC, salarioQuincenal, fechaIngreso) values ('WRRB19880917MMIOE3', '4F6G4EE9GYP6A', 36657, '05/31/2005');
insert into Trabajar (CURP, RFC, salarioQuincenal, fechaIngreso) values ('WRTR19921102FPEOO5', '0ERZ84XEN5R61', 36398, '08/08/2005');
insert into Trabajar (CURP, RFC, salarioQuincenal, fechaIngreso) values ('WYKW19960722MAAAA2', 'NZGHNA6D9YG7A', 20786, '01/16/2013');
insert into Trabajar (CURP, RFC, salarioQuincenal, fechaIngreso) values ('ZAMR19950803FJREO3', 'NZGHNA6D9YG7A', 23041, '10/16/2002');
insert into Trabajar (CURP, RFC, salarioQuincenal, fechaIngreso) values ('ZOCH19930619FKREA5', 'QIDV5OT2WTGYB', 40573, '08/14/2006');

-- Script para poblar los proyectos.
insert into Proyecto (numProyecto, nombreProyecto, fechaInicio, fechaFin, RFCEmpresa) values (1, 'Redhold', '12/03/2010', '08/22/2019', '091626ZQZVEJN');
insert into Proyecto (numProyecto, nombreProyecto, fechaInicio, fechaFin, RFCEmpresa) values (2, 'Bamity', '01/15/2016', '07/27/2019', '0ERZ84XEN5R61');
insert into Proyecto (numProyecto, nombreProyecto, fechaInicio, fechaFin, RFCEmpresa) values (3, 'Y-Solowarm', '01/13/2006', '08/15/2018', '1LXC45LWLYYDW');
insert into Proyecto (numProyecto, nombreProyecto, fechaInicio, fechaFin, RFCEmpresa) values (4, 'Cardify', '07/20/2015', '02/03/2018', '1REKW10CZ9P0K');
insert into Proyecto (numProyecto, nombreProyecto, fechaInicio, fechaFin, RFCEmpresa) values (5, 'Ronstring', '03/01/2009', '05/28/2018', '2YYU3CQGX0FLF');
insert into Proyecto (numProyecto, nombreProyecto, fechaInicio, fechaFin, RFCEmpresa) values (6, 'Stronghold', '11/09/2007', '10/04/2019', '3ZAP92AP6EQ8A');
insert into Proyecto (numProyecto, nombreProyecto, fechaInicio, fechaFin, RFCEmpresa) values (7, 'Domainer', '05/20/2010', '09/11/2019', '481L6PL6ULAVQ');
insert into Proyecto (numProyecto, nombreProyecto, fechaInicio, fechaFin, RFCEmpresa) values (8, 'Latlux', '11/12/2011', '01/04/2019', '4F6G4EE9GYP6A');
insert into Proyecto (numProyecto, nombreProyecto, fechaInicio, fechaFin, RFCEmpresa) values (9, 'Gembucket', '03/07/2010', '05/28/2019', '4UPUD4CXI6Y4M');
insert into Proyecto (numProyecto, nombreProyecto, fechaInicio, fechaFin, RFCEmpresa) values (10, 'Span', '07/04/2015', '12/30/2017', '4W9BOLQPZPP0T');
insert into Proyecto (numProyecto, nombreProyecto, fechaInicio, fechaFin, RFCEmpresa) values (11, 'Fixflex', '03/25/2012', '05/28/2018', '513DB4C763RRO');
insert into Proyecto (numProyecto, nombreProyecto, fechaInicio, fechaFin, RFCEmpresa) values (12, 'Fix San', '07/08/2009', '05/05/2018', '6CRSY7ZHBCGHX');
insert into Proyecto (numProyecto, nombreProyecto, fechaInicio, fechaFin, RFCEmpresa) values (13, 'Konklux', '02/20/2016', '10/04/2019', '6ROPGAXGOFS6E');
insert into Proyecto (numProyecto, nombreProyecto, fechaInicio, fechaFin, RFCEmpresa) values (14, 'Cardify', '01/05/2013', '07/30/2019', '7ETIRII4YAEM5');
insert into Proyecto (numProyecto, nombreProyecto, fechaInicio, fechaFin, RFCEmpresa) values (15, 'Regrant', '01/17/2006', '05/03/2019', '7NJ45VGPGBLJB');
insert into Proyecto (numProyecto, nombreProyecto, fechaInicio, fechaFin, RFCEmpresa) values (16, 'Otcom', '05/03/2008', '08/27/2018', '7UHDCTVQCRTWA');
insert into Proyecto (numProyecto, nombreProyecto, fechaInicio, fechaFin, RFCEmpresa) values (17, 'Lotlux', '10/07/2008', '05/14/2018', '8XD8TVPBHF0XH');
insert into Proyecto (numProyecto, nombreProyecto, fechaInicio, fechaFin, RFCEmpresa) values (18, 'Treeflex', '11/06/2015', '02/21/2019', '91UA69IUI0KA1');
insert into Proyecto (numProyecto, nombreProyecto, fechaInicio, fechaFin, RFCEmpresa) values (19, 'Tresom', '12/08/2010', '08/28/2018', '9BKFU39QJCDCM');
insert into Proyecto (numProyecto, nombreProyecto, fechaInicio, fechaFin, RFCEmpresa) values (20, 'Holdlamis', '09/29/2006', '10/28/2018', '9HKBNX02TG2GE');
insert into Proyecto (numProyecto, nombreProyecto, fechaInicio, fechaFin, RFCEmpresa) values (21, 'Home Ing', '02/23/2014', '09/03/2019', '9IY56JXTKC71F');
insert into Proyecto (numProyecto, nombreProyecto, fechaInicio, fechaFin, RFCEmpresa) values (22, 'Span', '09/18/2015', '02/18/2019', '9S439CDK9XQ4B');
insert into Proyecto (numProyecto, nombreProyecto, fechaInicio, fechaFin, RFCEmpresa) values (23, 'Span', '05/23/2017', '10/02/2019', '9UYE42CKO5A2N');
insert into Proyecto (numProyecto, nombreProyecto, fechaInicio, fechaFin, RFCEmpresa) values (24, 'Solarbreeze', '08/11/2008', '02/24/2019', '9Z3ZT4LVR2LY3');
insert into Proyecto (numProyecto, nombreProyecto, fechaInicio, fechaFin, RFCEmpresa) values (25, 'Konklab', '07/26/2017', '03/16/2018', 'A8YWXLNMLBTP9');
insert into Proyecto (numProyecto, nombreProyecto, fechaInicio, fechaFin, RFCEmpresa) values (26, 'Andalax', '12/17/2007', '08/14/2018', 'AQG00POKZO26E');
insert into Proyecto (numProyecto, nombreProyecto, fechaInicio, fechaFin, RFCEmpresa) values (27, 'Voltsillam', '04/02/2006', '09/03/2019', 'B06EMIVWEWAFC');
insert into Proyecto (numProyecto, nombreProyecto, fechaInicio, fechaFin, RFCEmpresa) values (28, 'Otcom', '06/23/2012', '10/13/2019', 'B9H0OI8UJA0VX');
insert into Proyecto (numProyecto, nombreProyecto, fechaInicio, fechaFin, RFCEmpresa) values (29, 'Sub-Ex', '01/15/2016', '01/24/2018', 'BP938SD71BJX4');
insert into Proyecto (numProyecto, nombreProyecto, fechaInicio, fechaFin, RFCEmpresa) values (30, 'Zathin', '08/26/2007', '09/01/2019', 'C2BKENPKFDBDT');
insert into Proyecto (numProyecto, nombreProyecto, fechaInicio, fechaFin, RFCEmpresa) values (31, 'Rank', '11/07/2010', '08/11/2019', 'C9SYI6HOF36L9');
insert into Proyecto (numProyecto, nombreProyecto, fechaInicio, fechaFin, RFCEmpresa) values (32, 'Domainer', '04/29/2007', '09/25/2018', 'CD87D7RD9SM83');
insert into Proyecto (numProyecto, nombreProyecto, fechaInicio, fechaFin, RFCEmpresa) values (33, 'Alpha', '03/16/2017', '04/01/2019', 'CJVXEGUV08NA8');
insert into Proyecto (numProyecto, nombreProyecto, fechaInicio, fechaFin, RFCEmpresa) values (34, 'Wrapsafe', '05/15/2015', '05/08/2019', 'CMPP73TMB8OHI');
insert into Proyecto (numProyecto, nombreProyecto, fechaInicio, fechaFin, RFCEmpresa) values (35, 'Voyatouch', '09/14/2011', '01/19/2019', 'CTAZFG8Y5SK4L');
insert into Proyecto (numProyecto, nombreProyecto, fechaInicio, fechaFin, RFCEmpresa) values (36, 'Quo Lux', '05/20/2009', '11/04/2019', 'DACK2FNA44MIE');
insert into Proyecto (numProyecto, nombreProyecto, fechaInicio, fechaFin, RFCEmpresa) values (37, 'Fix San', '04/27/2010', '01/30/2018', 'DD39YW5UZAGAH');
insert into Proyecto (numProyecto, nombreProyecto, fechaInicio, fechaFin, RFCEmpresa) values (38, 'Prodder', '01/06/2014', '10/23/2018', 'DDD15UYXVZMS1');
insert into Proyecto (numProyecto, nombreProyecto, fechaInicio, fechaFin, RFCEmpresa) values (39, 'Sonair', '12/20/2015', '07/13/2018', 'DJZH461BNZTFN');
insert into Proyecto (numProyecto, nombreProyecto, fechaInicio, fechaFin, RFCEmpresa) values (40, 'Gembucket', '01/08/2011', '07/01/2018', 'FEDRD5IIV08NP');
insert into Proyecto (numProyecto, nombreProyecto, fechaInicio, fechaFin, RFCEmpresa) values (41, 'Bitwolf', '07/05/2011', '01/14/2019', 'FTSLOYZ7M36OF');
insert into Proyecto (numProyecto, nombreProyecto, fechaInicio, fechaFin, RFCEmpresa) values (42, 'Overhold', '09/25/2013', '06/28/2018', 'G1FRMCI696HW7');
insert into Proyecto (numProyecto, nombreProyecto, fechaInicio, fechaFin, RFCEmpresa) values (43, 'Job', '05/24/2009', '09/07/2019', 'GEY27W4MWPGIS');
insert into Proyecto (numProyecto, nombreProyecto, fechaInicio, fechaFin, RFCEmpresa) values (44, 'Voltsillam', '08/29/2006', '07/01/2018', 'GXWPHL3BS5D5L');
insert into Proyecto (numProyecto, nombreProyecto, fechaInicio, fechaFin, RFCEmpresa) values (45, 'Matsoft', '05/31/2011', '09/22/2018', 'H1QXW6YVZ1VCD');
insert into Proyecto (numProyecto, nombreProyecto, fechaInicio, fechaFin, RFCEmpresa) values (46, 'Konklux', '06/15/2014', '09/11/2019', 'HVVSW5LP85MHZ');
insert into Proyecto (numProyecto, nombreProyecto, fechaInicio, fechaFin, RFCEmpresa) values (47, 'Tres-Zap', '12/11/2005', '11/06/2018', 'IDTRTRQ978AAS');
insert into Proyecto (numProyecto, nombreProyecto, fechaInicio, fechaFin, RFCEmpresa) values (48, 'Fix San', '05/23/2012', '01/24/2018', 'IF7SASH1HBVDN');
insert into Proyecto (numProyecto, nombreProyecto, fechaInicio, fechaFin, RFCEmpresa) values (49, 'Voltsillam', '08/03/2010', '05/27/2018', 'JAFOO1XO28BOZ');
insert into Proyecto (numProyecto, nombreProyecto, fechaInicio, fechaFin, RFCEmpresa) values (50, 'Hatity', '08/31/2016', '07/31/2018', 'JBZ4VDGE6E6EY');
