use Taqueria;
insert into Sucursal (idSucursal, estado, calle, avenida, numExt, CPS) values (1, 'District of Columbia', 'Crest Line', 'Little Fleur', '2389', '20508');
insert into Sucursal (idSucursal, estado, calle, avenida, numExt, CPS) values (2, 'Georgia', 'Sommers', 'Beilfuss', '411', '30316');
insert into Sucursal (idSucursal, estado, calle, avenida, numExt, CPS) values (3, 'Washington', 'Nova', 'Toban', '682', '98185');
insert into Sucursal (idSucursal, estado, calle, avenida, numExt, CPS) values (4, 'Alabama', 'Meadow Ridge', 'Namekagon', '8915', '36628');
insert into Sucursal (idSucursal, estado, calle, avenida, numExt, CPS) values (5, 'District of Columbia', 'Raven', '2nd', '0515', '20530');
insert into Sucursal (idSucursal, estado, calle, avenida, numExt, CPS) values (6, 'Ohio', 'Buell', '7th', '47849', '43635');
insert into Sucursal (idSucursal, estado, calle, avenida, numExt, CPS) values (7, 'Hawaii', 'Upham', 'Maple Wood', '34', '96820');
insert into Sucursal (idSucursal, estado, calle, avenida, numExt, CPS) values (8, 'Louisiana', 'Hauk', 'Fuller', '5053', '70154');
insert into Sucursal (idSucursal, estado, calle, avenida, numExt, CPS) values (9, 'Tennessee', 'Goodland', 'Golf Course', '181', '37931');
insert into Sucursal (idSucursal, estado, calle, avenida, numExt, CPS) values (10, 'California', 'Melvin', 'Meadow Vale', '3', '91841');
insert into Sucursal (idSucursal, estado, calle, avenida, numExt, CPS) values (11, 'Maryland', 'Mitchell', 'Merchant', '6', '21684');
insert into Sucursal (idSucursal, estado, calle, avenida, numExt, CPS) values (12, 'Texas', 'Warrior', 'Esker', '6', '79159');
insert into Sucursal (idSucursal, estado, calle, avenida, numExt, CPS) values (13, 'Texas', 'Caliangt', 'Mcguire', '01378', '79710');
insert into Sucursal (idSucursal, estado, calle, avenida, numExt, CPS) values (14, 'Arkansas', 'Forest Dale', 'Amoth', '5141', '72905');
insert into Sucursal (idSucursal, estado, calle, avenida, numExt, CPS) values (15, 'Nevada', 'Emmet', 'Schmedeman', '88', '89012');
insert into Sucursal (idSucursal, estado, calle, avenida, numExt, CPS) values (16, 'Arkansas', 'Scott', 'Saint Paul', '376', '72199');
insert into Sucursal (idSucursal, estado, calle, avenida, numExt, CPS) values (17, 'Massachusetts', 'Morningstar', 'Jenifer', '5442', '02453');
insert into Sucursal (idSucursal, estado, calle, avenida, numExt, CPS) values (18, 'California', 'Eastwood', 'Iowa', '77', '90055');
insert into Sucursal (idSucursal, estado, calle, avenida, numExt, CPS) values (19, 'North Carolina', 'Kedzie', 'High Crossing', '704', '27409');
insert into Sucursal (idSucursal, estado, calle, avenida, numExt, CPS) values (20, 'Texas', 'Oakridge', 'Twin Pines', '480', '88553');

insert into Taquero (nombre, apellidoP, apellidoM, idSucursal, edad, tipoSangre, fechaInicio, numSeguridad, nomina, RFC, CURP) values ('Daryl', 'Toopin', 'Ayliffe', 1, 54, 'AB+', '01/23/2018', 8744, '$4500.00', '745TAJZSO6HPI', 'TOAD19921221MDOYA6');
insert into Taquero (nombre, apellidoP, apellidoM, idSucursal, edad, tipoSangre, fechaInicio, numSeguridad, nomina, RFC, CURP) values ('Josy', 'Acey', 'Aherne', 2, 21, 'A+', '01/26/2018', 9262, '$4500.00', 'DICA3SNBYSY09', 'ACAJ19991121FJEHO1');
insert into Taquero (nombre, apellidoP, apellidoM, idSucursal, edad, tipoSangre, fechaInicio, numSeguridad, nomina, RFC, CURP) values ('Alphard', 'Cansdell', 'Leishman', 3, 60, 'AB-', '01/16/2018', 6736, '$4500.00', '2CRHU7PQNQZUB', 'CALA19931229MANEL5');
insert into Taquero (nombre, apellidoP, apellidoM, idSucursal, edad, tipoSangre, fechaInicio, numSeguridad, nomina, RFC, CURP) values ('Nanon', 'Powys', 'Marzele', 4, 35, 'B+', '01/30/2018', 2993, '$4500.00', 'B7WTJFLAK9PGQ', 'POMN19991226MNWAA4');
insert into Taquero (nombre, apellidoP, apellidoM, idSucursal, edad, tipoSangre, fechaInicio, numSeguridad, nomina, RFC, CURP) values ('Missie', 'Liddyard', 'Gapper', 5, 32, 'B+', '01/16/2018', 2107, '$4500.00', 'QKBGP3TDGVCJP', 'LIGM19981016FMDAI6');
insert into Taquero (nombre, apellidoP, apellidoM, idSucursal, edad, tipoSangre, fechaInicio, numSeguridad, nomina, RFC, CURP) values ('Edlin', 'Coleshill', 'Connochie', 6, 60, 'AB-', '01/22/2018', 3591, '$4500.00', 'H7XZ9LQ1SSGVR', 'COCE19971019MELOD6');
insert into Taquero (nombre, apellidoP, apellidoM, idSucursal, edad, tipoSangre, fechaInicio, numSeguridad, nomina, RFC, CURP) values ('Red', 'Golda', 'Balfe', 7, 54, 'AB+', '01/19/2018', 9019, '$4500.00', 'P527LGU4LAPZ0', 'GOBR19831223MRLAE6');
insert into Taquero (nombre, apellidoP, apellidoM, idSucursal, edad, tipoSangre, fechaInicio, numSeguridad, nomina, RFC, CURP) values ('Cull', 'Bettenay', 'Fagge', 8, 24, 'A+', '02/07/2018', 3188, '$4500.00', '5BGDNSV13UIDN', 'BEFC19801010FCTAU5');
insert into Taquero (nombre, apellidoP, apellidoM, idSucursal, edad, tipoSangre, fechaInicio, numSeguridad, nomina, RFC, CURP) values ('Cynde', 'Hamlin', 'Tuting', 9, 48, 'O-', '02/02/2018', 6218, '$4500.00', 'SS0EFXW764K2T', 'HATC19971012MCMUY5');
insert into Taquero (nombre, apellidoP, apellidoM, idSucursal, edad, tipoSangre, fechaInicio, numSeguridad, nomina, RFC, CURP) values ('Freida', 'Laing', 'Selwood', 10, 59, 'AB-', '02/03/2018', 4256, '$4500.00', '8CZENFYWCGEIN', 'LASF19891123MFIER7');
insert into Taquero (nombre, apellidoP, apellidoM, idSucursal, edad, tipoSangre, fechaInicio, numSeguridad, nomina, RFC, CURP) values ('Trumaine', 'Pople', 'Pottery', 11, 25, 'A+', '02/10/2018', 4191, '$4500.00', 'TX7W7KD5087C0', 'POPT19971120FTPOR8');
insert into Taquero (nombre, apellidoP, apellidoM, idSucursal, edad, tipoSangre, fechaInicio, numSeguridad, nomina, RFC, CURP) values ('Mary', 'Machin', 'Clara', 12, 36, 'B-', '02/09/2018', 1050, '$4500.00', '0EZAGYG3AWMHD', 'MACM19941128MMCLA9');
insert into Taquero (nombre, apellidoP, apellidoM, idSucursal, edad, tipoSangre, fechaInicio, numSeguridad, nomina, RFC, CURP) values ('Fonz', 'Inkster', 'Pettifer', 13, 30, 'A-', '01/27/2018', 4209, '$4500.00', 'ZH49AUR226QRA', 'INPF19871019FFKEO4');
insert into Taquero (nombre, apellidoP, apellidoM, idSucursal, edad, tipoSangre, fechaInicio, numSeguridad, nomina, RFC, CURP) values ('Ignacio', 'Ubanks', 'Thornber', 14, 43, 'O+', '01/25/2018', 6001, '$4500.00', 'KKCKCSQ1CVRLO', 'UBTI19951127MIAHG1');
insert into Taquero (nombre, apellidoP, apellidoM, idSucursal, edad, tipoSangre, fechaInicio, numSeguridad, nomina, RFC, CURP) values ('Noni', 'Gillespie', 'Hanratty', 15, 59, 'AB-', '01/26/2018', 6842, '$4500.00', '38FSHCTERD6RD', 'GIHN19911211MNLAO1');
insert into Taquero (nombre, apellidoP, apellidoM, idSucursal, edad, tipoSangre, fechaInicio, numSeguridad, nomina, RFC, CURP) values ('Leonhard', 'Antonchik', 'Ortes', 16, 31, 'B+', '01/28/2018', 5317, '$4500.00', 'FR7XQUC068Y75', 'ANOL19841213FLTRE3');
insert into Taquero (nombre, apellidoP, apellidoM, idSucursal, edad, tipoSangre, fechaInicio, numSeguridad, nomina, RFC, CURP) values ('Rachelle', 'Rief', 'Gimson', 17, 44, 'O+', '02/03/2018', 5790, '$4500.00', '0FZSRTA7GYX28', 'RIGR19951222MREIA5');
insert into Taquero (nombre, apellidoP, apellidoM, idSucursal, edad, tipoSangre, fechaInicio, numSeguridad, nomina, RFC, CURP) values ('Arne', 'Billington', 'Hallihane', 18, 32, 'B+', '01/31/2018', 1718, '$4500.00', 'EV4TC2282GJCG', 'BIHA19861023FALAR6');
insert into Taquero (nombre, apellidoP, apellidoM, idSucursal, edad, tipoSangre, fechaInicio, numSeguridad, nomina, RFC, CURP) values ('Dennet', 'Form', 'Pithie', 19, 45, 'O+', '02/12/2018', 3057, '$4500.00', '6B5IP629KPILL', 'FOPD19941220MDRIE1');
insert into Taquero (nombre, apellidoP, apellidoM, idSucursal, edad, tipoSangre, fechaInicio, numSeguridad, nomina, RFC, CURP) values ('Roseann', 'Gregorin', 'Lotwich', 20, 53, 'AB+', '02/14/2018', 9120, '$4500.00', 'FYD8WGNLR96YH', 'GRLR19851111MREOO5');
insert into Taquero (nombre, apellidoP, apellidoM, idSucursal, edad, tipoSangre, fechaInicio, numSeguridad, nomina, RFC, CURP) values ('Estevan', 'MacScherie', 'McQuirter', 1, 49, 'O-', '01/24/2018', 2286, '$4500.00', 'GQ5Z364CXR5DV', 'MAME19861210MECCS3');
insert into Taquero (nombre, apellidoP, apellidoM, idSucursal, edad, tipoSangre, fechaInicio, numSeguridad, nomina, RFC, CURP) values ('Holmes', 'Abrahamson', 'Choldcroft', 2, 34, 'B+', '01/26/2018', 3381, '$4500.00', '7PX0QJPHB4INA', 'ABCH19961111FHRHO8');
insert into Taquero (nombre, apellidoP, apellidoM, idSucursal, edad, tipoSangre, fechaInicio, numSeguridad, nomina, RFC, CURP) values ('Blinnie', 'Hundell', 'Shawl', 3, 33, 'B+', '02/02/2018', 7907, '$4500.00', 'ADZBNSHOUMP7S', 'HUSB19831120FBNHL1');
insert into Taquero (nombre, apellidoP, apellidoM, idSucursal, edad, tipoSangre, fechaInicio, numSeguridad, nomina, RFC, CURP) values ('Tobi', 'Yeardsley', 'Allmen', 4, 56, 'AB-', '02/03/2018', 8400, '$4500.00', 'ALZ6Q49IZRY0C', 'YEAT19981029MTALO9');
insert into Taquero (nombre, apellidoP, apellidoM, idSucursal, edad, tipoSangre, fechaInicio, numSeguridad, nomina, RFC, CURP) values ('Berke', 'Bulfield', 'Bernardet', 5, 44, 'O+', '01/16/2018', 3233, '$4500.00', 'Q5TVVFQHVFBHR', 'BUBB19821119MBLEE4');
insert into Taquero (nombre, apellidoP, apellidoM, idSucursal, edad, tipoSangre, fechaInicio, numSeguridad, nomina, RFC, CURP) values ('Hubie', 'Local', 'Paulitschke', 6, 33, 'B+', '02/01/2018', 9858, '$4500.00', 'IIRYH6M3JB954', 'LOPH19861221FHCAU2');
insert into Taquero (nombre, apellidoP, apellidoM, idSucursal, edad, tipoSangre, fechaInicio, numSeguridad, nomina, RFC, CURP) values ('Fredia', 'Tewkesbury', 'Gager', 7, 58, 'AB-', '02/03/2018', 2673, '$4500.00', 'IXFLLJ8VC9COE', 'TEGF19851014MFWAR3');
insert into Taquero (nombre, apellidoP, apellidoM, idSucursal, edad, tipoSangre, fechaInicio, numSeguridad, nomina, RFC, CURP) values ('Silvia', 'Beveredge', 'Pegden', 8, 45, 'O+', '01/20/2018', 9199, '$4500.00', 'ARQGOYQO4OLCE', 'BEPS19891222MSVEI6');
insert into Taquero (nombre, apellidoP, apellidoM, idSucursal, edad, tipoSangre, fechaInicio, numSeguridad, nomina, RFC, CURP) values ('Trescha', 'Titford', 'Domerq', 9, 50, 'O-', '02/11/2018', 6059, '$4500.00', 'SGUZD26TZEKG2', 'TIDT19841230MTTOR1');
insert into Taquero (nombre, apellidoP, apellidoM, idSucursal, edad, tipoSangre, fechaInicio, numSeguridad, nomina, RFC, CURP) values ('Rossie', 'McFall', 'Joinsey', 10, 33, 'B+', '01/25/2018', 6887, '$4500.00', 'JRCU6XQ6RB3FF', 'MCJR19951211FRFOO6');
insert into Taquero (nombre, apellidoP, apellidoM, idSucursal, edad, tipoSangre, fechaInicio, numSeguridad, nomina, RFC, CURP) values ('Aldwin', 'Abba', 'Whiteoak', 11, 41, 'O+', '01/27/2018', 1226, '$4500.00', 'IUVTDGOO0UJ82', 'ABWA19871020MABHL7');
insert into Taquero (nombre, apellidoP, apellidoM, idSucursal, edad, tipoSangre, fechaInicio, numSeguridad, nomina, RFC, CURP) values ('Nonah', 'Robb', 'Cheves', 12, 45, 'O+', '01/22/2018', 3874, '$4500.00', 'QAEF99FYB54CO', 'ROCN19871126MNBHO2');
insert into Taquero (nombre, apellidoP, apellidoM, idSucursal, edad, tipoSangre, fechaInicio, numSeguridad, nomina, RFC, CURP) values ('Lorne', 'Buckleigh', 'Groveham', 13, 53, 'AB+', '01/28/2018', 1855, '$4500.00', 'E5H8S3SMITOLI', 'BUGL19951217MLCRO5');
insert into Taquero (nombre, apellidoP, apellidoM, idSucursal, edad, tipoSangre, fechaInicio, numSeguridad, nomina, RFC, CURP) values ('Caitrin', 'Hatchette', 'Sillick', 14, 35, 'B+', '02/05/2018', 2120, '$4500.00', 'UUS5X63EKL648', 'HASC19991125MCTIA6');
insert into Taquero (nombre, apellidoP, apellidoM, idSucursal, edad, tipoSangre, fechaInicio, numSeguridad, nomina, RFC, CURP) values ('Chrissy', 'Noyes', 'Chapelle', 15, 60, 'AB-', '02/07/2018', 1117, '$4500.00', 'X9G3ZIX2PCVSK', 'NOCC19851228MCYHH2');
insert into Taquero (nombre, apellidoP, apellidoM, idSucursal, edad, tipoSangre, fechaInicio, numSeguridad, nomina, RFC, CURP) values ('Tammie', 'Etherson', 'Burges', 16, 23, 'A+', '01/17/2018', 3796, '$4500.00', '1VPKCMS2WY2ME', 'ETBT19821124FTHUA1');
insert into Taquero (nombre, apellidoP, apellidoM, idSucursal, edad, tipoSangre, fechaInicio, numSeguridad, nomina, RFC, CURP) values ('Tobiah', 'Freake', 'Hughlin', 17, 48, 'O-', '01/21/2018', 5294, '$4500.00', 'JOZD3PZULR82U', 'FRHT19861130MTEUO5');
insert into Taquero (nombre, apellidoP, apellidoM, idSucursal, edad, tipoSangre, fechaInicio, numSeguridad, nomina, RFC, CURP) values ('Dorie', 'Conley', 'McKinie', 18, 24, 'A+', '02/14/2018', 9485, '$4500.00', 'TQ2IYDHNB4UZN', 'COMD19801214FDNCO8');
insert into Taquero (nombre, apellidoP, apellidoM, idSucursal, edad, tipoSangre, fechaInicio, numSeguridad, nomina, RFC, CURP) values ('Arte', 'Joicey', 'Satcher', 19, 41, 'O+', '02/08/2018', 2352, '$4500.00', 'ILLNA4R3YOPJD', 'JOSA19871117MAIAR6');
insert into Taquero (nombre, apellidoP, apellidoM, idSucursal, edad, tipoSangre, fechaInicio, numSeguridad, nomina, RFC, CURP) values ('Lonee', 'Rosthorn', 'Carsberg', 20, 52, 'AB+', '02/08/2018', 8581, '$4500.00', 'F4XFOFDWIJHU3', 'ROCL20001219MLSAO2');
insert into Taquero (nombre, apellidoP, apellidoM, idSucursal, edad, tipoSangre, fechaInicio, numSeguridad, nomina, RFC, CURP) values ('Ezechiel', 'Bertwistle', 'Brokenshaw', 1, 42, 'O+', '02/07/2018', 4209, '$4500.00', 'GLIENQHD7PNJJ', 'BEBE19841120MERRZ6');
insert into Taquero (nombre, apellidoP, apellidoM, idSucursal, edad, tipoSangre, fechaInicio, numSeguridad, nomina, RFC, CURP) values ('Den', 'Armsby', 'Iacofo', 2, 54, 'AB+', '01/20/2018', 2955, '$4500.00', 'PIA98BO8COOTK', 'ARID19811212MDMAE1');
insert into Taquero (nombre, apellidoP, apellidoM, idSucursal, edad, tipoSangre, fechaInicio, numSeguridad, nomina, RFC, CURP) values ('Angelica', 'Marshfield', 'O''Loughnan', 3, 24, 'A+', '02/05/2018', 7264, '$4500.00', 'CDZ3EYWA14AP8', 'MAOA19921228FARBN9');
insert into Taquero (nombre, apellidoP, apellidoM, idSucursal, edad, tipoSangre, fechaInicio, numSeguridad, nomina, RFC, CURP) values ('Chance', 'Bonnet', 'Fifield', 4, 48, 'O-', '02/09/2018', 5469, '$4500.00', 'ZOTS6N1C2AM7I', 'BOFC19861020MCNIH3');
insert into Taquero (nombre, apellidoP, apellidoM, idSucursal, edad, tipoSangre, fechaInicio, numSeguridad, nomina, RFC, CURP) values ('Rogers', 'Balcombe', 'Birchwood', 5, 34, 'B+', '01/19/2018', 4068, '$4500.00', 'LNYHN1RPY5NOF', 'BABR19861115FRLIO2');
insert into Taquero (nombre, apellidoP, apellidoM, idSucursal, edad, tipoSangre, fechaInicio, numSeguridad, nomina, RFC, CURP) values ('Randall', 'Seaward', 'Jukubczak', 6, 51, 'AB+', '02/06/2018', 7421, '$4500.00', 'FNITZL45SRQE4', 'SEJR19811210MRAUA3');
insert into Taquero (nombre, apellidoP, apellidoM, idSucursal, edad, tipoSangre, fechaInicio, numSeguridad, nomina, RFC, CURP) values ('Robinson', 'Holdey', 'Glazier', 7, 56, 'AB-', '02/14/2018', 7642, '$4500.00', '56Q8CBOG3VGKR', 'HOGR19861127MRLLO3');
insert into Taquero (nombre, apellidoP, apellidoM, idSucursal, edad, tipoSangre, fechaInicio, numSeguridad, nomina, RFC, CURP) values ('Vasili', 'Raunds', 'Bartlomieczak', 8, 33, 'B+', '01/30/2018', 2863, '$4500.00', 'RXQ40905EABT3', 'RABV20001227FVUAA7');
insert into Taquero (nombre, apellidoP, apellidoM, idSucursal, edad, tipoSangre, fechaInicio, numSeguridad, nomina, RFC, CURP) values ('Cassi', 'Couth', 'Scoffins', 9, 32, 'B+', '01/23/2018', 7335, '$4500.00', '866XYR8BMU2PO', 'COSC19851011FCUCA9');
insert into Taquero (nombre, apellidoP, apellidoM, idSucursal, edad, tipoSangre, fechaInicio, numSeguridad, nomina, RFC, CURP) values ('Tammie', 'Maron', 'Maskew', 10, 41, 'O+', '01/18/2018', 9121, '$4500.00', '7HH145IOWQG4N', 'MAMT19861214MTRAA5');
insert into Taquero (nombre, apellidoP, apellidoM, idSucursal, edad, tipoSangre, fechaInicio, numSeguridad, nomina, RFC, CURP) values ('Mellie', 'Cayzer', 'Cardero', 11, 41, 'O+', '01/19/2018', 5611, '$4500.00', 'S139WGK9PM8NA', 'CACM19901212MMYAE8');
insert into Taquero (nombre, apellidoP, apellidoM, idSucursal, edad, tipoSangre, fechaInicio, numSeguridad, nomina, RFC, CURP) values ('Quentin', 'Theyer', 'Sandever', 12, 42, 'O+', '01/27/2018', 6344, '$4500.00', 'BQRK1TGUOTXAG', 'THSQ19851016MQEAU7');
insert into Taquero (nombre, apellidoP, apellidoM, idSucursal, edad, tipoSangre, fechaInicio, numSeguridad, nomina, RFC, CURP) values ('Hirsch', 'Mariet', 'Pedri', 13, 28, 'A-', '01/31/2018', 4212, '$4500.00', 'ROMLC9YV84ANY', 'MAPH19831220FHREI3');
insert into Taquero (nombre, apellidoP, apellidoM, idSucursal, edad, tipoSangre, fechaInicio, numSeguridad, nomina, RFC, CURP) values ('Bambi', 'Babbage', 'Hartless', 14, 42, 'O+', '02/12/2018', 5790, '$4500.00', 'SST63KIVRZA3I', 'BAHB19951223MBBAA9');
insert into Taquero (nombre, apellidoP, apellidoM, idSucursal, edad, tipoSangre, fechaInicio, numSeguridad, nomina, RFC, CURP) values ('Gannie', 'Henri', 'Warrier', 15, 55, 'AB+', '02/05/2018', 8395, '$4500.00', 'QIV6ELTURL1A0', 'HEWG19981229MGNAA7');
insert into Taquero (nombre, apellidoP, apellidoM, idSucursal, edad, tipoSangre, fechaInicio, numSeguridad, nomina, RFC, CURP) values ('Kenon', 'Aloshikin', 'Burwin', 16, 37, 'B-', '01/21/2018', 2632, '$4500.00', '72IE2860FFUVC', 'ALBK19891212MKOUE9');
insert into Taquero (nombre, apellidoP, apellidoM, idSucursal, edad, tipoSangre, fechaInicio, numSeguridad, nomina, RFC, CURP) values ('Ede', 'Waterland', 'Foltin', 17, 23, 'A+', '01/16/2018', 2102, '$4500.00', '62VFH0EAC8SZ2', 'WAFE19831017FETOD6');
insert into Taquero (nombre, apellidoP, apellidoM, idSucursal, edad, tipoSangre, fechaInicio, numSeguridad, nomina, RFC, CURP) values ('Daphna', 'Cardoo', 'Footitt', 18, 44, 'O+', '01/25/2018', 8512, '$4500.00', 'CRACCVMQWOL66', 'CAFD19891023MDROA5');
insert into Taquero (nombre, apellidoP, apellidoM, idSucursal, edad, tipoSangre, fechaInicio, numSeguridad, nomina, RFC, CURP) values ('Codi', 'Flacknoe', 'Nutley', 19, 29, 'A-', '02/01/2018', 3769, '$4500.00', '14MUAWMAJI9JJ', 'FLNC19941117FCAUO3');
insert into Taquero (nombre, apellidoP, apellidoM, idSucursal, edad, tipoSangre, fechaInicio, numSeguridad, nomina, RFC, CURP) values ('Sarina', 'Smewin', 'Undrill', 20, 24, 'A+', '01/27/2018', 9399, '$4500.00', 'Z8Q8UDIE3STF1', 'SMUS19891011FSENA8');

insert into Repartidor (nombre, apellidoP, apellidoM, idSucursal, edad, tipoSangre, fechaInicio, numSeguridad, nomina, RFC, CURP, numlic, transporte) values ('Cristi', 'Lemarie', 'Bennit', 1, 22, 'A+', '02/09/2018', 6393, '$2700.00', 'PWLWUACO52C8F', 'LEBC19831123FCMER7', '012824380', 'SL-Class');
insert into Repartidor (nombre, apellidoP, apellidoM, idSucursal, edad, tipoSangre, fechaInicio, numSeguridad, nomina, RFC, CURP, numlic, transporte) values ('Chan', 'Sabban', 'Hooks', 2, 25, 'A+', '02/12/2018', 8742, '$2700.00', '9PGKW6P7LN7R2', 'SAHC19991025FCBOH1', '895637709', 'Explorer Sport Trac');
insert into Repartidor (nombre, apellidoP, apellidoM, idSucursal, edad, tipoSangre, fechaInicio, numSeguridad, nomina, RFC, CURP, numlic, transporte) values ('Idell', 'Calyton', 'Apperley', 3, 20, 'A+', '01/22/2018', 9131, '$2700.00', 'PVJAS4QQ0WDQ1', 'CAAI19871121FILPD1', '861992769', 'SL-Class');
insert into Repartidor (nombre, apellidoP, apellidoM, idSucursal, edad, tipoSangre, fechaInicio, numSeguridad, nomina, RFC, CURP, numlic, transporte) values ('Anet', 'Spofforth', 'Rolfo', 4, 56, 'AB-', '02/14/2018', 8090, '$2700.00', 'JAFJKXA01J02V', 'SPRA19831210MAOON5', '127696445', 'i-MiEV');
insert into Repartidor (nombre, apellidoP, apellidoM, idSucursal, edad, tipoSangre, fechaInicio, numSeguridad, nomina, RFC, CURP, numlic, transporte) values ('Giuseppe', 'Stut', 'Morford', 5, 33, 'B+', '01/30/2018', 8163, '$2700.00', 'JXRIXM4UJGB08', 'STMG19931213FGUOI3', '431571751', '3500');
insert into Repartidor (nombre, apellidoP, apellidoM, idSucursal, edad, tipoSangre, fechaInicio, numSeguridad, nomina, RFC, CURP, numlic, transporte) values ('Shelagh', 'Aseef', 'Michael', 6, 59, 'AB-', '02/01/2018', 4961, '$2700.00', '4WJSMTBMU0YUK', 'ASMS19951126MSEIH4', '801891182', 'Corvette');
insert into Repartidor (nombre, apellidoP, apellidoM, idSucursal, edad, tipoSangre, fechaInicio, numSeguridad, nomina, RFC, CURP, numlic, transporte) values ('Lonny', 'McAnulty', 'Sego', 7, 44, 'O+', '01/18/2018', 7640, '$2700.00', 'IS78MPHL0GA56', 'MCSL19801010MLAEO4', '174842212', 'Countach');
insert into Repartidor (nombre, apellidoP, apellidoM, idSucursal, edad, tipoSangre, fechaInicio, numSeguridad, nomina, RFC, CURP, numlic, transporte) values ('Everard', 'Pitkethly', 'Hanstock', 8, 34, 'B+', '02/07/2018', 3277, '$2700.00', '9PQ6MWWJMJHKT', 'PIHE19841211FETAV7', '378793010', 'Flex');
insert into Repartidor (nombre, apellidoP, apellidoM, idSucursal, edad, tipoSangre, fechaInicio, numSeguridad, nomina, RFC, CURP, numlic, transporte) values ('Estella', 'Walch', 'Pauletto', 9, 22, 'A+', '02/05/2018', 9318, '$2700.00', 'NYXB7S4W35VDT', 'WAPE19941112FELAS3', '493579921', 'Neon');
insert into Repartidor (nombre, apellidoP, apellidoM, idSucursal, edad, tipoSangre, fechaInicio, numSeguridad, nomina, RFC, CURP, numlic, transporte) values ('Ivette', 'Muirhead', 'Chuter', 10, 56, 'AB-', '01/26/2018', 7923, '$2700.00', 'U4OBIQR4I936T', 'MUCI19871124MIIHV7', '830119462', 'Monterey');
insert into Repartidor (nombre, apellidoP, apellidoM, idSucursal, edad, tipoSangre, fechaInicio, numSeguridad, nomina, RFC, CURP, numlic, transporte) values ('Jephthah', 'Olyet', 'Mellmoth', 11, 58, 'AB-', '02/15/2018', 2555, '$2700.00', 'K00NNAL43N0P9', 'OLMJ19881115MJYEE9', '919395456', 'F150');
insert into Repartidor (nombre, apellidoP, apellidoM, idSucursal, edad, tipoSangre, fechaInicio, numSeguridad, nomina, RFC, CURP, numlic, transporte) values ('Debby', 'Mounter', 'Twycross', 12, 49, 'O-', '01/18/2018', 7688, '$2700.00', '075118VCAF9ZW', 'MOTD19821127MDUWE4', '857553100', '190E');
insert into Repartidor (nombre, apellidoP, apellidoM, idSucursal, edad, tipoSangre, fechaInicio, numSeguridad, nomina, RFC, CURP, numlic, transporte) values ('Querida', 'Vitler', 'Shillitoe', 13, 39, 'B-', '02/05/2018', 2143, '$2700.00', 'R63BF8O1X4V2I', 'VISQ19841115MQTHU9', '101048391', 'TSX');
insert into Repartidor (nombre, apellidoP, apellidoM, idSucursal, edad, tipoSangre, fechaInicio, numSeguridad, nomina, RFC, CURP, numlic, transporte) values ('Jacenta', 'Dent', 'Pagnin', 14, 34, 'B+', '01/20/2018', 6992, '$2750.00', '5X4VDBP4TP3SY', 'DEPJ19961026FJNAA1', '330453183', 'Bonneville');
insert into Repartidor (nombre, apellidoP, apellidoM, idSucursal, edad, tipoSangre, fechaInicio, numSeguridad, nomina, RFC, CURP, numlic, transporte) values ('Ludovika', 'Reah', 'Horstead', 15, 46, 'O-', '01/26/2018', 4990, '$2700.00', 'L3KKSCE70UV86', 'REHL19911019MLAOU9', '931359362', 'LX');
insert into Repartidor (nombre, apellidoP, apellidoM, idSucursal, edad, tipoSangre, fechaInicio, numSeguridad, nomina, RFC, CURP, numlic, transporte) values ('Tressa', 'Gourlay', 'Middlemass', 16, 42, 'O+', '02/14/2018', 9021, '$2700.00', 'QUDWDVK5YWV67', 'GOMT19931117MTUIR4', '288376416', 'Grand Cherokee');
insert into Repartidor (nombre, apellidoP, apellidoM, idSucursal, edad, tipoSangre, fechaInicio, numSeguridad, nomina, RFC, CURP, numlic, transporte) values ('Olga', 'Roskruge', 'Haggleton', 17, 49, 'O-', '02/14/2018', 2467, '$2700.00', 'HONPVWSEE39BE', 'ROHO19941021MOSAL2', '513959044', 'LTD Crown Victoria');
insert into Repartidor (nombre, apellidoP, apellidoM, idSucursal, edad, tipoSangre, fechaInicio, numSeguridad, nomina, RFC, CURP, numlic, transporte) values ('Cazzie', 'Rowthorn', 'Louedey', 18, 56, 'AB-', '02/08/2018', 6894, '$2700.00', '3MKW2OFX89YDF', 'ROLC19981014MCWOA3', '955251690', 'Diamante');
insert into Repartidor (nombre, apellidoP, apellidoM, idSucursal, edad, tipoSangre, fechaInicio, numSeguridad, nomina, RFC, CURP, numlic, transporte) values ('Geri', 'Oneill', 'Woolrich', 19, 31, 'B+', '02/05/2018', 6961, '$2700.00', '52DO9O1SGHALU', 'ONWG19931020FGEOE3', '888977734', 'Tracer');
insert into Repartidor (nombre, apellidoP, apellidoM, idSucursal, edad, tipoSangre, fechaInicio, numSeguridad, nomina, RFC, CURP, numlic, transporte) values ('Linn', 'Chedgey', 'Dumbare', 20, 52, 'AB+', '02/05/2018', 6593, '$2750.00', 'QUZORU1C3XZKV', 'CHDL19911124MLEUI2', '660560435', 'Durango');
insert into Repartidor (nombre, apellidoP, apellidoM, idSucursal, edad, tipoSangre, fechaInicio, numSeguridad, nomina, RFC, CURP, numlic, transporte) values ('Arabel', 'Zupone', 'Thomkins', 1, 34, 'B+', '01/17/2018', 8379, '$2700.00', '5ZVQK7C88IL6W', 'ZUTA19861113FAPHR8', '371966033', 'F250');
insert into Repartidor (nombre, apellidoP, apellidoM, idSucursal, edad, tipoSangre, fechaInicio, numSeguridad, nomina, RFC, CURP, numlic, transporte) values ('Clarisse', 'Woodley', 'De Blase', 2, 59, 'AB-', '02/06/2018', 9680, '$2700.00', 'ZIJ8AVFN1HRAG', 'WODC19851018MCOEL5', '689471641', '3 Series');
insert into Repartidor (nombre, apellidoP, apellidoM, idSucursal, edad, tipoSangre, fechaInicio, numSeguridad, nomina, RFC, CURP, numlic, transporte) values ('Alejandro', 'Chard', 'Smythin', 3, 25, 'A+', '01/23/2018', 8564, '$2700.00', 'V1X480BHEBNLS', 'CHSA19951215FAAML6', '981202517', 'Model T');
insert into Repartidor (nombre, apellidoP, apellidoM, idSucursal, edad, tipoSangre, fechaInicio, numSeguridad, nomina, RFC, CURP, numlic, transporte) values ('Alanson', 'Shafier', 'Edghinn', 4, 31, 'B+', '02/01/2018', 9039, '$2700.00', 'SKZ36I19X9UFJ', 'SHEA19991023FAADL8', '360497468', 'Dakota Club');
insert into Repartidor (nombre, apellidoP, apellidoM, idSucursal, edad, tipoSangre, fechaInicio, numSeguridad, nomina, RFC, CURP, numlic, transporte) values ('Giffie', 'Letixier', 'Pratley', 5, 39, 'B-', '02/12/2018', 8250, '$2700.00', 'O20V3UHDGSW1C', 'LEPG19811219MGTRI6', '277072191', 'GTI');
insert into Repartidor (nombre, apellidoP, apellidoM, idSucursal, edad, tipoSangre, fechaInicio, numSeguridad, nomina, RFC, CURP, numlic, transporte) values ('Gerry', 'Grayshon', 'Millimoe', 6, 50, 'O-', '01/27/2018', 7703, '$2750.00', '7QDOOWTCVG37U', 'GRMG19811214MGAIE3', '101468024', '928');
insert into Repartidor (nombre, apellidoP, apellidoM, idSucursal, edad, tipoSangre, fechaInicio, numSeguridad, nomina, RFC, CURP, numlic, transporte) values ('Guendolen', 'Beadles', 'Screase', 7, 23, 'A+', '01/28/2018', 5624, '$2700.00', 'UH3PQDN1E3WCH', 'BESG19921029FGACU2', '322231729', 'Yukon XL 2500');
insert into Repartidor (nombre, apellidoP, apellidoM, idSucursal, edad, tipoSangre, fechaInicio, numSeguridad, nomina, RFC, CURP, numlic, transporte) values ('Truman', 'Bosworth', 'Pantlin', 8, 37, 'B-', '01/22/2018', 2978, '$2700.00', 'ZOKF1RBQBWGDV', 'BOPT19801122MTSAR8', '010468644', 'Camry Hybrid');
insert into Repartidor (nombre, apellidoP, apellidoM, idSucursal, edad, tipoSangre, fechaInicio, numSeguridad, nomina, RFC, CURP, numlic, transporte) values ('Maximilian', 'Le Breton De La Vieuville', 'Hablot', 9, 35, 'B+', '02/13/2018', 1547, '$2700.00', 'RC8HXGCWN3M0P', 'LEHM19901110MMLAA3', '603421574', 'RX Hybrid');
insert into Repartidor (nombre, apellidoP, apellidoM, idSucursal, edad, tipoSangre, fechaInicio, numSeguridad, nomina, RFC, CURP, numlic, transporte) values ('Ly', 'Fusedale', 'Haldin', 10, 52, 'AB+', '01/23/2018', 8101, '$2700.00', 'V3KZX4YHT4LYT', 'FUHL19931022MLSAY5', '058473274', 'Fiesta');
insert into Repartidor (nombre, apellidoP, apellidoM, idSucursal, edad, tipoSangre, fechaInicio, numSeguridad, nomina, RFC, CURP, numlic, transporte) values ('Sanson', 'Lots', 'Barthelemy', 11, 25, 'A+', '01/20/2018', 2258, '$2700.00', 'TNJYNEMG6JU4F', 'LOBS19831229FSTAA6', '822574354', 'Intrepid');
insert into Repartidor (nombre, apellidoP, apellidoM, idSucursal, edad, tipoSangre, fechaInicio, numSeguridad, nomina, RFC, CURP, numlic, transporte) values ('Pippa', 'O''Criane', 'Treffry', 12, 20, 'A+', '01/25/2018', 3547, '$2700.00', '7F0HA0UT3XZL1', 'OBTP19931123FPCRI5', '508399113', 'Altima');
insert into Repartidor (nombre, apellidoP, apellidoM, idSucursal, edad, tipoSangre, fechaInicio, numSeguridad, nomina, RFC, CURP, numlic, transporte) values ('Chucho', 'Mabbitt', 'Viollet', 13, 45, 'O+', '01/23/2018', 2475, '$2700.00', '15Q3GGOJN5ZJ3', 'MAVC19931124MCBIH8', '494583202', 'Continental');
insert into Repartidor (nombre, apellidoP, apellidoM, idSucursal, edad, tipoSangre, fechaInicio, numSeguridad, nomina, RFC, CURP, numlic, transporte) values ('Kalie', 'Braidley', 'Armal', 14, 58, 'AB-', '02/13/2018', 6833, '$2700.00', 'IP1GWOI2Z2E2D', 'BRAK19861115MKARA1', '833086462', 'Rally Wagon 2500');
insert into Repartidor (nombre, apellidoP, apellidoM, idSucursal, edad, tipoSangre, fechaInicio, numSeguridad, nomina, RFC, CURP, numlic, transporte) values ('Arabel', 'Mc Harg', 'Emanueli', 15, 23, 'A+', '01/28/2018', 2613, '$2700.00', '9X5A9F3CJR4SY', 'MCEA19941016FAHMR2', '258686672', 'S-Type');
insert into Repartidor (nombre, apellidoP, apellidoM, idSucursal, edad, tipoSangre, fechaInicio, numSeguridad, nomina, RFC, CURP, numlic, transporte) values ('Kathe', 'Adderson', 'Shailer', 16, 47, 'O-', '01/29/2018', 8065, '$2700.00', 'CK56ME3YKMW9D', 'ADSK19991027MKDHA2', '424645110', 'A4');
insert into Repartidor (nombre, apellidoP, apellidoM, idSucursal, edad, tipoSangre, fechaInicio, numSeguridad, nomina, RFC, CURP, numlic, transporte) values ('Knox', 'Tofanelli', 'Veevers', 17, 44, 'O+', '02/07/2018', 9248, '$2700.00', 'FYRAITRA682Y9', 'TOVK19931019MKFEN2', '973766899', 'Navigator');
insert into Repartidor (nombre, apellidoP, apellidoM, idSucursal, edad, tipoSangre, fechaInicio, numSeguridad, nomina, RFC, CURP, numlic, transporte) values ('Cordell', 'Stobbs', 'Schinetti', 18, 30, 'A-', '02/09/2018', 7603, '$2700.00', '1MJR0Y6XCYKGM', 'STSC19911120FCOCO4', '241869582', 'S90');
insert into Repartidor (nombre, apellidoP, apellidoM, idSucursal, edad, tipoSangre, fechaInicio, numSeguridad, nomina, RFC, CURP, numlic, transporte) values ('Brynna', 'Buggs', 'Durbin', 19, 21, 'A+', '01/23/2018', 6158, '$2700.00', 'VYGFMJC6II3LC', 'BUDB20001020FBGUR7', '366889992', 'Town Car');
insert into Repartidor (nombre, apellidoP, apellidoM, idSucursal, edad, tipoSangre, fechaInicio, numSeguridad, nomina, RFC, CURP, numlic, transporte) values ('Robb', 'Losemann', 'Tollerton', 20, 39, 'B-', '02/07/2018', 4329, '$2700.00', 'VY4UFKH9M3S1A', 'LOTR19931026MRSOO7', '125137789', 'Sable');

insert into Parrillero (nombre, apellidoP, apellidoM, idSucursal, edad, tipoSangre, fechaInicio, numSeguridad, nomina, RFC, CURP) values ('Devonna', 'Abrahamowitcz', 'Lillie', 1, 24, 'A+', '02/08/2018', 9032, '$4000.00', 'PKFZN4J0KIPAD', 'ABLD19911129FDRIE6');
insert into Parrillero (nombre, apellidoP, apellidoM, idSucursal, edad, tipoSangre, fechaInicio, numSeguridad, nomina, RFC, CURP) values ('Nissy', 'Endrici', 'Landsborough', 2, 43, 'O+', '02/03/2018', 7871, '$4000.00', 'K11XCACKDPFV1', 'ENLN19861121MNDAI2');
insert into Parrillero (nombre, apellidoP, apellidoM, idSucursal, edad, tipoSangre, fechaInicio, numSeguridad, nomina, RFC, CURP) values ('Mandy', 'Wilmore', 'Anstis', 3, 24, 'A+', '01/23/2018', 4153, '$4000.00', 'EY237UL0RGABK', 'WIAM19821216FMLNA1');
insert into Parrillero (nombre, apellidoP, apellidoM, idSucursal, edad, tipoSangre, fechaInicio, numSeguridad, nomina, RFC, CURP) values ('Dean', 'Wrathmell', 'McLeoid', 4, 36, 'B-', '02/15/2018', 7446, '$4000.00', 'NQC3SE5BKWW68', 'WRMD19801115MDACE2');
insert into Parrillero (nombre, apellidoP, apellidoM, idSucursal, edad, tipoSangre, fechaInicio, numSeguridad, nomina, RFC, CURP) values ('Lucienne', 'Mannooch', 'Gaucher', 5, 52, 'AB+', '02/06/2018', 8504, '$4000.00', 'CJB2B6VGKQAX5', 'MAGL19951127MLNAU5');
insert into Parrillero (nombre, apellidoP, apellidoM, idSucursal, edad, tipoSangre, fechaInicio, numSeguridad, nomina, RFC, CURP) values ('Edd', 'Kubiak', 'Anten', 6, 40, 'B-', '02/13/2018', 1530, '$4000.00', '0Q1DTR1N95762', 'KUAE19981118MEBND5');
insert into Parrillero (nombre, apellidoP, apellidoM, idSucursal, edad, tipoSangre, fechaInicio, numSeguridad, nomina, RFC, CURP) values ('Gigi', 'Isley', 'Claw', 7, 33, 'B+', '01/28/2018', 1791, '$4000.00', '0DY3S2YNCJ44V', 'ISCG19821016FGLLI5');
insert into Parrillero (nombre, apellidoP, apellidoM, idSucursal, edad, tipoSangre, fechaInicio, numSeguridad, nomina, RFC, CURP) values ('Nels', 'Flay', 'Ledbetter', 8, 48, 'O-', '01/23/2018', 7591, '$4000.00', 'MXT2W4U8ZUGRE', 'FLLN19971115MNAEE5');
insert into Parrillero (nombre, apellidoP, apellidoM, idSucursal, edad, tipoSangre, fechaInicio, numSeguridad, nomina, RFC, CURP) values ('Jorey', 'Gilardoni', 'Brownrigg', 9, 22, 'A+', '02/04/2018', 9036, '$4000.00', 'I2AGYMAXXE0KH', 'GIBJ19961111FJLRO4');
insert into Parrillero (nombre, apellidoP, apellidoM, idSucursal, edad, tipoSangre, fechaInicio, numSeguridad, nomina, RFC, CURP) values ('Orelle', 'Dmitr', 'Winny', 10, 45, 'O+', '01/20/2018', 8666, '$4000.00', '1ZNZPESDRIQCV', 'DMWO19921115MOIIR9');
insert into Parrillero (nombre, apellidoP, apellidoM, idSucursal, edad, tipoSangre, fechaInicio, numSeguridad, nomina, RFC, CURP) values ('Benita', 'Tabord', 'Vanderson', 11, 52, 'AB+', '02/11/2018', 7551, '$4500.00', '55BH69H8S8TUK', 'TAVB19951127MBBAE8');
insert into Parrillero (nombre, apellidoP, apellidoM, idSucursal, edad, tipoSangre, fechaInicio, numSeguridad, nomina, RFC, CURP) values ('Olwen', 'Stutard', 'Soames', 12, 50, 'O-', '01/19/2018', 9811, '$4000.00', 'YPV7RDOQ33R71', 'STSO19891229MOUOL1');
insert into Parrillero (nombre, apellidoP, apellidoM, idSucursal, edad, tipoSangre, fechaInicio, numSeguridad, nomina, RFC, CURP) values ('Stacia', 'McLeoid', 'Werrett', 13, 57, 'AB-', '02/02/2018', 4441, '$4000.00', 'B3SIODI5C1NMA', 'MCWS19891224MSLET6');
insert into Parrillero (nombre, apellidoP, apellidoM, idSucursal, edad, tipoSangre, fechaInicio, numSeguridad, nomina, RFC, CURP) values ('Hildagarde', 'Littlecote', 'Plowright', 14, 31, 'B+', '02/10/2018', 7725, '$4000.00', 'QN186UND259TZ', 'LIPH19971224FHTLI8');
insert into Parrillero (nombre, apellidoP, apellidoM, idSucursal, edad, tipoSangre, fechaInicio, numSeguridad, nomina, RFC, CURP) values ('Elmira', 'Sayers', 'Fountian', 15, 34, 'B+', '02/03/2018', 2901, '$4000.00', '47S5HS0PMCTH4', 'SAFE19841028FEYOL1');
insert into Parrillero (nombre, apellidoP, apellidoM, idSucursal, edad, tipoSangre, fechaInicio, numSeguridad, nomina, RFC, CURP) values ('Taber', 'Batter', 'Storre', 16, 51, 'AB+', '01/30/2018', 9491, '$4000.00', '1UAE61X2ZITVY', 'BAST19911128MTTTA1');
insert into Parrillero (nombre, apellidoP, apellidoM, idSucursal, edad, tipoSangre, fechaInicio, numSeguridad, nomina, RFC, CURP) values ('Sherwood', 'Caswell', 'Ornells', 17, 31, 'B+', '01/16/2018', 4676, '$4000.00', 'FHAYRQEMKKN1J', 'CAOS19911023FSSRH5');
insert into Parrillero (nombre, apellidoP, apellidoM, idSucursal, edad, tipoSangre, fechaInicio, numSeguridad, nomina, RFC, CURP) values ('Willey', 'Dinsey', 'Reboul', 18, 41, 'O+', '01/29/2018', 6381, '$4000.00', '4WWQVY8IIX8JE', 'DIRW19961021MWNEI5');
insert into Parrillero (nombre, apellidoP, apellidoM, idSucursal, edad, tipoSangre, fechaInicio, numSeguridad, nomina, RFC, CURP) values ('Layney', 'Thackwray', 'Prickett', 19, 30, 'A-', '02/08/2018', 1865, '$4500.00', 'A7U8123WUSD59', 'THPL19801014FLARA1');
insert into Parrillero (nombre, apellidoP, apellidoM, idSucursal, edad, tipoSangre, fechaInicio, numSeguridad, nomina, RFC, CURP) values ('Yovonnda', 'Hughesdon', 'Pittman', 20, 51, 'AB+', '01/21/2018', 5851, '$4000.00', '8V4JMUY4D9F3P', 'HUPY19851215MYGIO1');
insert into Parrillero (nombre, apellidoP, apellidoM, idSucursal, edad, tipoSangre, fechaInicio, numSeguridad, nomina, RFC, CURP) values ('Lazare', 'Rollin', 'McKernan', 1, 26, 'A-', '02/09/2018', 4380, '$4000.00', 'DJG7G98YD0UDJ', 'ROML19881215FLLCA2');
insert into Parrillero (nombre, apellidoP, apellidoM, idSucursal, edad, tipoSangre, fechaInicio, numSeguridad, nomina, RFC, CURP) values ('Kaitlyn', 'Fann', 'Escoffier', 2, 32, 'B+', '01/17/2018', 5750, '$4000.00', 'ADI8NUPQMKPVJ', 'FAEK19941212FKNSA4');
insert into Parrillero (nombre, apellidoP, apellidoM, idSucursal, edad, tipoSangre, fechaInicio, numSeguridad, nomina, RFC, CURP) values ('Christie', 'Wenzel', 'Westoll', 3, 57, 'AB-', '02/14/2018', 4903, '$4000.00', 'NVMQ45KGJYWG2', 'WEWC19801110MCNEH9');
insert into Parrillero (nombre, apellidoP, apellidoM, idSucursal, edad, tipoSangre, fechaInicio, numSeguridad, nomina, RFC, CURP) values ('Renaldo', 'Mandry', 'Cull', 4, 58, 'AB-', '01/22/2018', 7353, '$4000.00', 'YH6A54ZCXB7ZX', 'MACR19871016MRNUE5');
insert into Parrillero (nombre, apellidoP, apellidoM, idSucursal, edad, tipoSangre, fechaInicio, numSeguridad, nomina, RFC, CURP) values ('Debera', 'Parrington', 'Fysh', 5, 42, 'O+', '02/14/2018', 4198, '$4000.00', 'OBZSEEOZ7MF52', 'PAFD19951223MDRYE3');
insert into Parrillero (nombre, apellidoP, apellidoM, idSucursal, edad, tipoSangre, fechaInicio, numSeguridad, nomina, RFC, CURP) values ('Hayes', 'Heggs', 'Reford', 6, 34, 'B+', '01/25/2018', 2103, '$4000.00', 'CKPNIBET3TIWO', 'HERH19941122FHGEA1');
insert into Parrillero (nombre, apellidoP, apellidoM, idSucursal, edad, tipoSangre, fechaInicio, numSeguridad, nomina, RFC, CURP) values ('Alfy', 'Easun', 'Wildsmith', 7, 60, 'AB-', '02/12/2018', 7516, '$4500.00', 'BMJ3KT5K96R7Z', 'EAWA19881223MASIL1');
insert into Parrillero (nombre, apellidoP, apellidoM, idSucursal, edad, tipoSangre, fechaInicio, numSeguridad, nomina, RFC, CURP) values ('Raddie', 'Ginnaly', 'Ingrey', 8, 32, 'B+', '01/17/2018', 3174, '$4000.00', '7B4MY5C5XFAZ0', 'GIIR19811119FRNNA1');
insert into Parrillero (nombre, apellidoP, apellidoM, idSucursal, edad, tipoSangre, fechaInicio, numSeguridad, nomina, RFC, CURP) values ('Ike', 'Khomich', 'Cockarill', 9, 53, 'AB+', '02/12/2018', 2816, '$4000.00', 'JA1Z9ZZCLD0WI', 'KHCI19861120MIOOK3');
insert into Parrillero (nombre, apellidoP, apellidoM, idSucursal, edad, tipoSangre, fechaInicio, numSeguridad, nomina, RFC, CURP) values ('Oona', 'Ede', 'Thursfield', 10, 51, 'AB+', '01/18/2018', 8668, '$4000.00', '0XCXSGQG11OU8', 'EDTO19891226MOEHO6');
insert into Parrillero (nombre, apellidoP, apellidoM, idSucursal, edad, tipoSangre, fechaInicio, numSeguridad, nomina, RFC, CURP) values ('Libby', 'Nail', 'Freddi', 11, 37, 'B-', '02/09/2018', 4335, '$4000.00', 'JTYJ4EP3OVHFL', 'NAFL19871025MLIRI2');
insert into Parrillero (nombre, apellidoP, apellidoM, idSucursal, edad, tipoSangre, fechaInicio, numSeguridad, nomina, RFC, CURP) values ('Danette', 'Casolla', 'Riddiough', 12, 25, 'A+', '01/20/2018', 1724, '$4000.00', 'C85CVUYP91T6I', 'CARD19901219FDSIA9');
insert into Parrillero (nombre, apellidoP, apellidoM, idSucursal, edad, tipoSangre, fechaInicio, numSeguridad, nomina, RFC, CURP) values ('Darnell', 'Trickey', 'Carslake', 13, 46, 'O-', '01/18/2018', 8244, '$4000.00', '1I83UCVGPANZH', 'TRCD19971012MDIAA7');
insert into Parrillero (nombre, apellidoP, apellidoM, idSucursal, edad, tipoSangre, fechaInicio, numSeguridad, nomina, RFC, CURP) values ('Margeaux', 'Caile', 'Simonot', 14, 33, 'B+', '01/17/2018', 2689, '$4000.00', 'DRDXTDY24G9I2', 'CASM19991126FMIIA1');
insert into Parrillero (nombre, apellidoP, apellidoM, idSucursal, edad, tipoSangre, fechaInicio, numSeguridad, nomina, RFC, CURP) values ('Corly', 'Scopes', 'Avrahamian', 15, 57, 'AB-', '01/21/2018', 8906, '$4000.00', '206E8QUU7PHLB', 'SCAC19931020MCOVO1');
insert into Parrillero (nombre, apellidoP, apellidoM, idSucursal, edad, tipoSangre, fechaInicio, numSeguridad, nomina, RFC, CURP) values ('Kalvin', 'Gawith', 'Hehir', 16, 38, 'B-', '02/12/2018', 9081, '$4000.00', 'PIUAI3GXLQK4P', 'GAHK19831223MKWEA2');
insert into Parrillero (nombre, apellidoP, apellidoM, idSucursal, edad, tipoSangre, fechaInicio, numSeguridad, nomina, RFC, CURP) values ('Remington', 'Tregust', 'Welldrake', 17, 60, 'AB-', '01/17/2018', 7424, '$4000.00', 'WV2OB9T99A1I9', 'TRWR19911012MREEE5');
insert into Parrillero (nombre, apellidoP, apellidoM, idSucursal, edad, tipoSangre, fechaInicio, numSeguridad, nomina, RFC, CURP) values ('Davidde', 'Townes', 'Erdis', 18, 42, 'O+', '02/07/2018', 2648, '$4500.00', 'N09QF978KB94K', 'TOED19871126MDWRA9');
insert into Parrillero (nombre, apellidoP, apellidoM, idSucursal, edad, tipoSangre, fechaInicio, numSeguridad, nomina, RFC, CURP) values ('Elmore', 'Pothergill', 'Anthiftle', 19, 24, 'A+', '02/02/2018', 1575, '$4000.00', '7YUHSE9QGF9UU', 'POAE19871222FETNL4');
insert into Parrillero (nombre, apellidoP, apellidoM, idSucursal, edad, tipoSangre, fechaInicio, numSeguridad, nomina, RFC, CURP) values ('Frazier', 'Raggles', 'Romanet', 20, 31, 'B+', '02/02/2018', 8401, '$4000.00', '3H75GX40PFD1E', 'RARF19881018FFGOR9');
insert into Parrillero (nombre, apellidoP, apellidoM, idSucursal, edad, tipoSangre, fechaInicio, numSeguridad, nomina, RFC, CURP) values ('Ram', 'Faull', 'Prudham', 1, 48, 'O-', '01/28/2018', 8526, '$4000.00', 'M87T2NK23SC69', 'FAPR19851123MRURA4');
insert into Parrillero (nombre, apellidoP, apellidoM, idSucursal, edad, tipoSangre, fechaInicio, numSeguridad, nomina, RFC, CURP) values ('Darrel', 'Greep', 'Cadamy', 2, 58, 'AB-', '01/27/2018', 7967, '$4000.00', '13HOG6I3XYC90', 'GRCD19811122MDEAA9');
insert into Parrillero (nombre, apellidoP, apellidoM, idSucursal, edad, tipoSangre, fechaInicio, numSeguridad, nomina, RFC, CURP) values ('Rubia', 'Iskow', 'Renvoys', 3, 28, 'A-', '01/16/2018', 5032, '$4000.00', 'BVNXLETC4684U', 'ISRR19831023FRKEU4');
insert into Parrillero (nombre, apellidoP, apellidoM, idSucursal, edad, tipoSangre, fechaInicio, numSeguridad, nomina, RFC, CURP) values ('Mirna', 'Cottem', 'Pell', 4, 41, 'O+', '01/23/2018', 6356, '$4000.00', 'DF8QH320GM869', 'COPM19961121MMTEI8');
insert into Parrillero (nombre, apellidoP, apellidoM, idSucursal, edad, tipoSangre, fechaInicio, numSeguridad, nomina, RFC, CURP) values ('Malissa', 'Ondrak', 'Gregoriou', 5, 57, 'AB-', '02/03/2018', 8880, '$4000.00', '831GTCBN9XKXA', 'ONGM19941119MMDRA7');
insert into Parrillero (nombre, apellidoP, apellidoM, idSucursal, edad, tipoSangre, fechaInicio, numSeguridad, nomina, RFC, CURP) values ('Alessandra', 'Kayne', 'Cosbee', 6, 49, 'O-', '01/30/2018', 6088, '$4000.00', '0LD7PQ09FTJ8R', 'KACA19951224MAYOL8');
insert into Parrillero (nombre, apellidoP, apellidoM, idSucursal, edad, tipoSangre, fechaInicio, numSeguridad, nomina, RFC, CURP) values ('Doll', 'Pavlitschek', 'Gowar', 7, 23, 'A+', '02/10/2018', 3128, '$4000.00', 'DS4F5MD7GH4TR', 'PAGD19881227FDVOO1');
insert into Parrillero (nombre, apellidoP, apellidoM, idSucursal, edad, tipoSangre, fechaInicio, numSeguridad, nomina, RFC, CURP) values ('Antoine', 'Giffard', 'Pellissier', 8, 41, 'O+', '01/18/2018', 5072, '$4000.00', 'O9OLMFH7IWVU4', 'GIPA19921013MAFEN4');
insert into Parrillero (nombre, apellidoP, apellidoM, idSucursal, edad, tipoSangre, fechaInicio, numSeguridad, nomina, RFC, CURP) values ('Cosette', 'Lammerding', 'Branford', 9, 26, 'A-', '01/29/2018', 5336, '$4000.00', 'C4O1NLHQMBQ2Y', 'LABC19921019FCMRO1');
insert into Parrillero (nombre, apellidoP, apellidoM, idSucursal, edad, tipoSangre, fechaInicio, numSeguridad, nomina, RFC, CURP) values ('Mollee', 'Adao', 'Malam', 10, 20, 'A+', '02/09/2018', 7116, '$4000.00', '8PHVZ6EELRL37', 'ADMM19861023FMAAO2');
insert into Parrillero (nombre, apellidoP, apellidoM, idSucursal, edad, tipoSangre, fechaInicio, numSeguridad, nomina, RFC, CURP) values ('Piggy', 'Worton', 'Ebbin', 11, 38, 'B-', '01/30/2018', 5917, '$4500.00', 'ZF15BLZPLX4PP', 'WOEP20001011MPRBI1');
insert into Parrillero (nombre, apellidoP, apellidoM, idSucursal, edad, tipoSangre, fechaInicio, numSeguridad, nomina, RFC, CURP) values ('Lovell', 'Deane', 'Dureden', 12, 22, 'A+', '02/07/2018', 9165, '$4000.00', 'K5SFGG47I04C7', 'DEDL20001111FLAUO1');
insert into Parrillero (nombre, apellidoP, apellidoM, idSucursal, edad, tipoSangre, fechaInicio, numSeguridad, nomina, RFC, CURP) values ('Fayette', 'Gane', 'Hurtic', 13, 33, 'B+', '01/22/2018', 1549, '$4000.00', 'HVMRE9GQO0DBF', 'GAHF19951117FFNUA3');
insert into Parrillero (nombre, apellidoP, apellidoM, idSucursal, edad, tipoSangre, fechaInicio, numSeguridad, nomina, RFC, CURP) values ('Katherine', 'Kealy', 'Mirfield', 14, 23, 'A+', '01/21/2018', 9250, '$4000.00', 'MEYGXXGQURXFT', 'KEMK19821112FKAIA5');
insert into Parrillero (nombre, apellidoP, apellidoM, idSucursal, edad, tipoSangre, fechaInicio, numSeguridad, nomina, RFC, CURP) values ('Reidar', 'Pawlata', 'Loud', 15, 40, 'B-', '02/06/2018', 3167, '$4000.00', 'JH36YE3NFNJ00', 'PALR19931117MRWOE9');
insert into Parrillero (nombre, apellidoP, apellidoM, idSucursal, edad, tipoSangre, fechaInicio, numSeguridad, nomina, RFC, CURP) values ('Sky', 'Cometto', 'Janiszewski', 16, 25, 'A+', '02/10/2018', 3967, '$5000.00', 'BU6VR1HEMQ44X', 'COJS19801028FSMAK7');
insert into Parrillero (nombre, apellidoP, apellidoM, idSucursal, edad, tipoSangre, fechaInicio, numSeguridad, nomina, RFC, CURP) values ('Marven', 'Izchaki', 'Brockie', 17, 25, 'A+', '01/23/2018', 3695, '$4000.00', '7WMNGCP6PI801', 'IZBM19991116FMCRA8');
insert into Parrillero (nombre, apellidoP, apellidoM, idSucursal, edad, tipoSangre, fechaInicio, numSeguridad, nomina, RFC, CURP) values ('Julie', 'Blunsum', 'Rigg', 18, 39, 'B-', '02/09/2018', 5975, '$4500.00', 'JF8IC2SF8AKXW', 'BLRJ19931026MJUIU4');
insert into Parrillero (nombre, apellidoP, apellidoM, idSucursal, edad, tipoSangre, fechaInicio, numSeguridad, nomina, RFC, CURP) values ('Say', 'Bulbeck', 'Ancliff', 19, 22, 'A+', '01/21/2018', 7971, '$4000.00', 'OSZUM54O8D8VD', 'BUAS19931111FSLNA9');
insert into Parrillero (nombre, apellidoP, apellidoM, idSucursal, edad, tipoSangre, fechaInicio, numSeguridad, nomina, RFC, CURP) values ('Keir', 'Grishukhin', 'Alessandretti', 20, 21, 'A+', '01/25/2018', 4174, '$4000.00', '57KULS7ZBCS3D', 'GRAK20001023FKILE7');

insert into Mesero (nombre, apellidoP, apellidoM, idSucursal, edad, tipoSangre, fechaInicio, numSeguridad, nomina, RFC, CURP) values ('Alvera', 'Forsdicke', 'Lipscombe', 1, 28, 'A-', '01/29/2018', 7300, '$2500.00', 'A74ZDF7AKPCC9', 'FOLA19861218FARIL6');
insert into Mesero (nombre, apellidoP, apellidoM, idSucursal, edad, tipoSangre, fechaInicio, numSeguridad, nomina, RFC, CURP) values ('Abby', 'Emes', 'Wadelin', 2, 60, 'AB-', '02/13/2018', 8149, '$2500.00', 'F6UPF710PD1JB', 'EMWA19841225MAEAB5');
insert into Mesero (nombre, apellidoP, apellidoM, idSucursal, edad, tipoSangre, fechaInicio, numSeguridad, nomina, RFC, CURP) values ('Boothe', 'Pablo', 'Brownscombe', 3, 54, 'AB+', '02/12/2018', 4657, '$2500.00', 'WL1KEO04F3YEL', 'PABB19871114MBBRO9');
insert into Mesero (nombre, apellidoP, apellidoM, idSucursal, edad, tipoSangre, fechaInicio, numSeguridad, nomina, RFC, CURP) values ('Rianon', 'Dellar', 'Geldeford', 4, 58, 'AB-', '01/25/2018', 4976, '$2500.00', '9LBL1XXBDO6DP', 'DEGR19931123MRLEI1');
insert into Mesero (nombre, apellidoP, apellidoM, idSucursal, edad, tipoSangre, fechaInicio, numSeguridad, nomina, RFC, CURP) values ('Randolph', 'Izacenko', 'Kinnen', 5, 43, 'O+', '01/16/2018', 9380, '$2500.00', 'RXCIBAV1AYHI1', 'IZKR19971226MRAIA7');
insert into Mesero (nombre, apellidoP, apellidoM, idSucursal, edad, tipoSangre, fechaInicio, numSeguridad, nomina, RFC, CURP) values ('Amelia', 'Shrimplin', 'Bartusek', 6, 35, 'B+', '02/08/2018', 2000, '$2500.00', '0AMKS1E4O7O0E', 'SHBA19981024MARAM1');
insert into Mesero (nombre, apellidoP, apellidoM, idSucursal, edad, tipoSangre, fechaInicio, numSeguridad, nomina, RFC, CURP) values ('Augustina', 'Buswell', 'Deveril', 7, 48, 'O-', '02/15/2018', 6272, '$2500.00', 'Q1REWULJ76B6Y', 'BUDA20001028MASEU1');
insert into Mesero (nombre, apellidoP, apellidoM, idSucursal, edad, tipoSangre, fechaInicio, numSeguridad, nomina, RFC, CURP) values ('Ainslee', 'Search', 'Ibberson', 8, 57, 'AB-', '01/30/2018', 1784, '$2500.00', 'P37SUT76FWQGW', 'SEIA19851023MAABI4');
insert into Mesero (nombre, apellidoP, apellidoM, idSucursal, edad, tipoSangre, fechaInicio, numSeguridad, nomina, RFC, CURP) values ('Leonid', 'Bryers', 'Hakonsen', 9, 45, 'O+', '01/23/2018', 7896, '$2500.00', 'Z16AYVXULH3R8', 'BRHL19931216MLYAE8');
insert into Mesero (nombre, apellidoP, apellidoM, idSucursal, edad, tipoSangre, fechaInicio, numSeguridad, nomina, RFC, CURP) values ('Sigismond', 'Rosbrough', 'Timmes', 10, 50, 'O-', '01/25/2018', 2375, '$2500.00', 'KRIQ188ZYNPUR', 'ROTS19991113MSSII3');
insert into Mesero (nombre, apellidoP, apellidoM, idSucursal, edad, tipoSangre, fechaInicio, numSeguridad, nomina, RFC, CURP) values ('Rosa', 'Barton', 'Durrell', 11, 54, 'AB+', '02/10/2018', 8776, '$2500.00', 'NYNU3C2I9S6C5', 'BADR19881028MRRUO6');
insert into Mesero (nombre, apellidoP, apellidoM, idSucursal, edad, tipoSangre, fechaInicio, numSeguridad, nomina, RFC, CURP) values ('Antonia', 'Kahane', 'Kelby', 12, 57, 'AB-', '01/27/2018', 2923, '$2500.00', 'RXE5PV7HZ6Z9A', 'KAKA19981224MAHEN4');
insert into Mesero (nombre, apellidoP, apellidoM, idSucursal, edad, tipoSangre, fechaInicio, numSeguridad, nomina, RFC, CURP) values ('Klaus', 'Shave', 'Hurdman', 13, 54, 'AB+', '01/24/2018', 9993, '$2500.00', '7ZSYAKUJDBOPM', 'SHHK20001118MKAUL5');
insert into Mesero (nombre, apellidoP, apellidoM, idSucursal, edad, tipoSangre, fechaInicio, numSeguridad, nomina, RFC, CURP) values ('Stormy', 'Petrovykh', 'Roberson', 14, 60, 'AB-', '01/24/2018', 4275, '$2500.00', 'U41M27A9DBPP9', 'PERS19941025MSTOT9');
insert into Mesero (nombre, apellidoP, apellidoM, idSucursal, edad, tipoSangre, fechaInicio, numSeguridad, nomina, RFC, CURP) values ('Annamarie', 'Gladdin', 'Mullins', 15, 45, 'O+', '01/31/2018', 2663, '$2500.00', '8M1VYRFL3WAY6', 'GLMA19801028MAAUN4');
insert into Mesero (nombre, apellidoP, apellidoM, idSucursal, edad, tipoSangre, fechaInicio, numSeguridad, nomina, RFC, CURP) values ('Courtnay', 'Tremmil', 'Seniour', 16, 45, 'O+', '02/01/2018', 1065, '$2500.00', 'KUYDVHNGDHI6R', 'TRSC19991014MCEEO5');
insert into Mesero (nombre, apellidoP, apellidoM, idSucursal, edad, tipoSangre, fechaInicio, numSeguridad, nomina, RFC, CURP) values ('Eleen', 'Stede', 'Worgen', 17, 52, 'AB+', '02/10/2018', 9275, '$2500.00', 'A9EHFADU52I31', 'STWE19951013MEEOL4');
insert into Mesero (nombre, apellidoP, apellidoM, idSucursal, edad, tipoSangre, fechaInicio, numSeguridad, nomina, RFC, CURP) values ('Roby', 'Gittose', 'Higbin', 18, 36, 'B-', '02/11/2018', 9083, '$2500.00', 'RO6TM0B1M7FKQ', 'GIHR19981228MRTIO1');
insert into Mesero (nombre, apellidoP, apellidoM, idSucursal, edad, tipoSangre, fechaInicio, numSeguridad, nomina, RFC, CURP) values ('Ripley', 'Babbage', 'Galea', 19, 51, 'AB+', '01/25/2018', 3498, '$2500.00', 'JMK5JEDS3WAH2', 'BAGR19871110MRBAI4');
insert into Mesero (nombre, apellidoP, apellidoM, idSucursal, edad, tipoSangre, fechaInicio, numSeguridad, nomina, RFC, CURP) values ('Leopold', 'Smyth', 'Staves', 20, 30, 'A-', '02/08/2018', 9430, '$2500.00', 'MPO1522GQY49S', 'SMSL19941112FLYTE2');
insert into Mesero (nombre, apellidoP, apellidoM, idSucursal, edad, tipoSangre, fechaInicio, numSeguridad, nomina, RFC, CURP) values ('Diarmid', 'Cantos', 'Holtham', 1, 36, 'B-', '01/23/2018', 1083, '$2500.00', '72HJLBRK5GAAA', 'CAHD19941011MDNOI4');
insert into Mesero (nombre, apellidoP, apellidoM, idSucursal, edad, tipoSangre, fechaInicio, numSeguridad, nomina, RFC, CURP) values ('Matty', 'Sebastian', 'Lackington', 2, 31, 'B+', '01/19/2018', 7103, '$2500.00', 'V8PNOB7BDQLC3', 'SELM19811228FMBAA6');
insert into Mesero (nombre, apellidoP, apellidoM, idSucursal, edad, tipoSangre, fechaInicio, numSeguridad, nomina, RFC, CURP) values ('Burnaby', 'Hinnerk', 'Marquis', 3, 21, 'A+', '02/11/2018', 8580, '$2500.00', 'VJ1L82BARIUL6', 'HIMB19991015FBNAU5');
insert into Mesero (nombre, apellidoP, apellidoM, idSucursal, edad, tipoSangre, fechaInicio, numSeguridad, nomina, RFC, CURP) values ('Morten', 'Furzer', 'Ducker', 4, 43, 'O+', '01/22/2018', 7601, '$2500.00', '9M6SZPIW5YXMF', 'FUDM19881228MMRUO9');
insert into Mesero (nombre, apellidoP, apellidoM, idSucursal, edad, tipoSangre, fechaInicio, numSeguridad, nomina, RFC, CURP) values ('Glenn', 'Groger', 'Chestnutt', 5, 20, 'A+', '01/29/2018', 8307, '$2500.00', 'TJWNR9O3DM3JY', 'GRCG19931230FGOHL5');
insert into Mesero (nombre, apellidoP, apellidoM, idSucursal, edad, tipoSangre, fechaInicio, numSeguridad, nomina, RFC, CURP) values ('Darlleen', 'Wantling', 'Choppen', 6, 60, 'AB-', '01/20/2018', 2725, '$2500.00', 'J1AO3DHCVQ6JK', 'WACD19971219MDNHA5');
insert into Mesero (nombre, apellidoP, apellidoM, idSucursal, edad, tipoSangre, fechaInicio, numSeguridad, nomina, RFC, CURP) values ('Tracee', 'Chartre', 'Khristyukhin', 7, 53, 'AB+', '01/30/2018', 8919, '$2500.00', 'I0P9XPOBLJTKC', 'CHKT19991018MTAHR4');
insert into Mesero (nombre, apellidoP, apellidoM, idSucursal, edad, tipoSangre, fechaInicio, numSeguridad, nomina, RFC, CURP) values ('Louie', 'Wootton', 'Govini', 8, 43, 'O+', '01/25/2018', 3170, '$2500.00', '2Y076P9ETCWXX', 'WOGL19931227MLOOO7');
insert into Mesero (nombre, apellidoP, apellidoM, idSucursal, edad, tipoSangre, fechaInicio, numSeguridad, nomina, RFC, CURP) values ('Oralee', 'Gladeche', 'Pattrick', 9, 21, 'A+', '01/20/2018', 2036, '$2500.00', 'TBL3GSMM4853R', 'GLPO19921025FOAAR7');
insert into Mesero (nombre, apellidoP, apellidoM, idSucursal, edad, tipoSangre, fechaInicio, numSeguridad, nomina, RFC, CURP) values ('Whit', 'Backman', 'Boultwood', 10, 25, 'A+', '01/16/2018', 8130, '$2500.00', '8WWPKH38FRYEL', 'BABW19861019FWCOH7');
insert into Mesero (nombre, apellidoP, apellidoM, idSucursal, edad, tipoSangre, fechaInicio, numSeguridad, nomina, RFC, CURP) values ('Rodd', 'Laughrey', 'Speck', 11, 35, 'B+', '02/06/2018', 2106, '$2500.00', 'VUFEO8LPD4E9F', 'LASR19881213MRUPO1');
insert into Mesero (nombre, apellidoP, apellidoM, idSucursal, edad, tipoSangre, fechaInicio, numSeguridad, nomina, RFC, CURP) values ('Gauthier', 'Scholes', 'Pearlman', 12, 60, 'AB-', '02/01/2018', 4902, '$2500.00', 'YRQWHVB0VQJ5X', 'SCPG19941215MGHEA4');
insert into Mesero (nombre, apellidoP, apellidoM, idSucursal, edad, tipoSangre, fechaInicio, numSeguridad, nomina, RFC, CURP) values ('Elsinore', 'Bettles', 'Cattermoul', 13, 42, 'O+', '02/12/2018', 2242, '$2500.00', 'LBW7ZKKRQT1DJ', 'BECE19891221METAL1');
insert into Mesero (nombre, apellidoP, apellidoM, idSucursal, edad, tipoSangre, fechaInicio, numSeguridad, nomina, RFC, CURP) values ('Erny', 'Ganning', 'Baggiani', 14, 40, 'B-', '01/26/2018', 4973, '$2500.00', 'LI6MLW8HWV2YV', 'GABE19971029MENAR7');
insert into Mesero (nombre, apellidoP, apellidoM, idSucursal, edad, tipoSangre, fechaInicio, numSeguridad, nomina, RFC, CURP) values ('Thaddus', 'Pawels', 'Olcot', 15, 60, 'AB-', '01/30/2018', 1561, '$2500.00', 'ZBGE90L18MYJE', 'PAOT19921014MTWLH8');
insert into Mesero (nombre, apellidoP, apellidoM, idSucursal, edad, tipoSangre, fechaInicio, numSeguridad, nomina, RFC, CURP) values ('Karyl', 'Kealey', 'Romain', 16, 43, 'O+', '02/04/2018', 4118, '$2500.00', '5HDHU63B92ZGG', 'KERK19891219MKAOA4');
insert into Mesero (nombre, apellidoP, apellidoM, idSucursal, edad, tipoSangre, fechaInicio, numSeguridad, nomina, RFC, CURP) values ('Marrissa', 'Maxsted', 'Delhanty', 17, 41, 'O+', '02/09/2018', 2909, '$2500.00', '7AF8MXMWJYSZX', 'MADM19891213MMXEA2');
insert into Mesero (nombre, apellidoP, apellidoM, idSucursal, edad, tipoSangre, fechaInicio, numSeguridad, nomina, RFC, CURP) values ('Krysta', 'Jertz', 'McCobb', 18, 60, 'AB-', '01/20/2018', 2319, '$2500.00', '4KHDI56RTLBLS', 'JEMK19891214MKRCR4');
insert into Mesero (nombre, apellidoP, apellidoM, idSucursal, edad, tipoSangre, fechaInicio, numSeguridad, nomina, RFC, CURP) values ('Josias', 'Aluard', 'Rumming', 19, 59, 'AB-', '02/11/2018', 5361, '$2500.00', 'U9XM5J0FVA7WV', 'ALRJ19901127MJUUO9');
insert into Mesero (nombre, apellidoP, apellidoM, idSucursal, edad, tipoSangre, fechaInicio, numSeguridad, nomina, RFC, CURP) values ('Marve', 'Mulmuray', 'Meffen', 20, 23, 'A+', '01/29/2018', 1325, '$2500.00', 'PN1MAOLXJJFCJ', 'MUMM19901220FMLEA4');
insert into Mesero (nombre, apellidoP, apellidoM, idSucursal, edad, tipoSangre, fechaInicio, numSeguridad, nomina, RFC, CURP) values ('Turner', 'Maso', 'Pesselt', 1, 52, 'AB+', '01/23/2018', 1464, '$2500.00', 'T60E4GV0ZY9JQ', 'MAPT19901130MTSEU2');
insert into Mesero (nombre, apellidoP, apellidoM, idSucursal, edad, tipoSangre, fechaInicio, numSeguridad, nomina, RFC, CURP) values ('Rochette', 'Booth', 'Farrow', 2, 29, 'A-', '02/07/2018', 5590, '$2500.00', '7P9NJA0VSIFVA', 'BOFR19851214FROAO5');
insert into Mesero (nombre, apellidoP, apellidoM, idSucursal, edad, tipoSangre, fechaInicio, numSeguridad, nomina, RFC, CURP) values ('Siana', 'Thacker', 'Gorgl', 3, 25, 'A+', '01/22/2018', 9564, '$2500.00', 'LKQ0DO0JX8J3I', 'THGS19901124FSAOI9');
insert into Mesero (nombre, apellidoP, apellidoM, idSucursal, edad, tipoSangre, fechaInicio, numSeguridad, nomina, RFC, CURP) values ('Preston', 'Ferens', 'Saker', 4, 41, 'O+', '01/26/2018', 8686, '$2500.00', 'UIXAO29GVTEEN', 'FESP19861028MPRAR9');
insert into Mesero (nombre, apellidoP, apellidoM, idSucursal, edad, tipoSangre, fechaInicio, numSeguridad, nomina, RFC, CURP) values ('Ches', 'Watson', 'Lamborne', 5, 49, 'O-', '01/28/2018', 6856, '$2500.00', 'S1BA4PLBXQUHX', 'WALC19841027MCTAH1');
insert into Mesero (nombre, apellidoP, apellidoM, idSucursal, edad, tipoSangre, fechaInicio, numSeguridad, nomina, RFC, CURP) values ('Brant', 'Jonas', 'Wordsworth', 6, 35, 'B+', '02/13/2018', 1168, '$2500.00', '8USCFU20NJGVX', 'JOWB19861129MBNOR9');
insert into Mesero (nombre, apellidoP, apellidoM, idSucursal, edad, tipoSangre, fechaInicio, numSeguridad, nomina, RFC, CURP) values ('Bella', 'Manwaring', 'Sills', 7, 21, 'A+', '02/03/2018', 5176, '$2500.00', 'R50D1OO9E3LEC', 'MASB19851119FBNIE2');
insert into Mesero (nombre, apellidoP, apellidoM, idSucursal, edad, tipoSangre, fechaInicio, numSeguridad, nomina, RFC, CURP) values ('Penrod', 'Tomkiss', 'Tobin', 8, 42, 'O+', '01/29/2018', 7635, '$2500.00', 'P5DHGC6S836CE', 'TOTP19971212MPMOE6');
insert into Mesero (nombre, apellidoP, apellidoM, idSucursal, edad, tipoSangre, fechaInicio, numSeguridad, nomina, RFC, CURP) values ('Marlie', 'Dunnaway', 'Caws', 9, 60, 'AB-', '01/27/2018', 9140, '$2500.00', 'FVTBVCGV4QKVO', 'DUCM19821026MMNAA1');
insert into Mesero (nombre, apellidoP, apellidoM, idSucursal, edad, tipoSangre, fechaInicio, numSeguridad, nomina, RFC, CURP) values ('Garrot', 'Drane', 'Beccles', 10, 43, 'O+', '01/27/2018', 3503, '$2500.00', 'MOKH3YXXSE874', 'DRBG19971220MGAEA9');
insert into Mesero (nombre, apellidoP, apellidoM, idSucursal, edad, tipoSangre, fechaInicio, numSeguridad, nomina, RFC, CURP) values ('Joellen', 'Shoppee', 'Starr', 11, 33, 'B+', '02/08/2018', 3951, '$2500.00', 'EJEMU8W44WFAG', 'SHSJ19951215FJOTO6');
insert into Mesero (nombre, apellidoP, apellidoM, idSucursal, edad, tipoSangre, fechaInicio, numSeguridad, nomina, RFC, CURP) values ('Rahel', 'Bladge', 'Cuerdale', 12, 40, 'B-', '01/19/2018', 4881, '$2500.00', 'U3PLSJ4LVQWRT', 'BLCR19981019MRAUA2');
insert into Mesero (nombre, apellidoP, apellidoM, idSucursal, edad, tipoSangre, fechaInicio, numSeguridad, nomina, RFC, CURP) values ('Blair', 'Anstee', 'Ranby', 13, 32, 'B+', '02/10/2018', 1714, '$2500.00', 'VVJLGMLT8FHWI', 'ANRB19911018FBSAL4');
insert into Mesero (nombre, apellidoP, apellidoM, idSucursal, edad, tipoSangre, fechaInicio, numSeguridad, nomina, RFC, CURP) values ('Falito', 'Ross', 'Pischel', 14, 31, 'B+', '02/05/2018', 9483, '$2500.00', '5BETN48A2CI0X', 'ROPF19971228FFSIA5');
insert into Mesero (nombre, apellidoP, apellidoM, idSucursal, edad, tipoSangre, fechaInicio, numSeguridad, nomina, RFC, CURP) values ('Chrissy', 'Earlam', 'Harby', 15, 53, 'AB+', '02/10/2018', 6128, '$2500.00', 'WUS33QHD7A0WJ', 'EAHC19941011MCRAH1');
insert into Mesero (nombre, apellidoP, apellidoM, idSucursal, edad, tipoSangre, fechaInicio, numSeguridad, nomina, RFC, CURP) values ('Saree', 'Birt', 'Worsnap', 16, 31, 'B+', '02/08/2018', 5616, '$2500.00', 'LQPCZPE1HP3L2', 'BIWS19821011FSROA4');
insert into Mesero (nombre, apellidoP, apellidoM, idSucursal, edad, tipoSangre, fechaInicio, numSeguridad, nomina, RFC, CURP) values ('Ruperta', 'Vellacott', 'Kynaston', 17, 47, 'O-', '01/18/2018', 2202, '$2500.00', '9F69P5Z5BYJVV', 'VEKR19981018MRLYU5');
insert into Mesero (nombre, apellidoP, apellidoM, idSucursal, edad, tipoSangre, fechaInicio, numSeguridad, nomina, RFC, CURP) values ('Kally', 'Jandourek', 'Roon', 18, 54, 'AB+', '01/22/2018', 5972, '$2500.00', 'IEUC78RB197GB', 'JARK19891129MKNOA3');
insert into Mesero (nombre, apellidoP, apellidoM, idSucursal, edad, tipoSangre, fechaInicio, numSeguridad, nomina, RFC, CURP) values ('Ebenezer', 'Decroix', 'Hysom', 19, 24, 'A+', '02/02/2018', 6622, '$2500.00', 'NN5G3A2WKBZ4M', 'DEHE19941221FECYB5');
insert into Mesero (nombre, apellidoP, apellidoM, idSucursal, edad, tipoSangre, fechaInicio, numSeguridad, nomina, RFC, CURP) values ('Maiga', 'Moisey', 'Marchington', 20, 43, 'O+', '01/26/2018', 9088, '$2500.00', '68M7T0GDM38BQ', 'MOMM20001216MMIAA4');
insert into Mesero (nombre, apellidoP, apellidoM, idSucursal, edad, tipoSangre, fechaInicio, numSeguridad, nomina, RFC, CURP) values ('Jayson', 'Bullocke', 'Branston', 1, 26, 'A-', '01/29/2018', 8612, '$2500.00', 'BD7IM1SG0M3NY', 'BUBJ19861115FJLRA2');
insert into Mesero (nombre, apellidoP, apellidoM, idSucursal, edad, tipoSangre, fechaInicio, numSeguridad, nomina, RFC, CURP) values ('Cull', 'Schettini', 'MacTrustey', 2, 52, 'AB+', '02/09/2018', 6354, '$2500.00', 'PFJTCK2HL7ZEM', 'SCMC19851014MCHAU4');
insert into Mesero (nombre, apellidoP, apellidoM, idSucursal, edad, tipoSangre, fechaInicio, numSeguridad, nomina, RFC, CURP) values ('Franny', 'Pluthero', 'Timson', 3, 29, 'A-', '01/22/2018', 7666, '$2500.00', 'BT4RHSJ8DC7KB', 'PLTF19831014FFUIR7');
insert into Mesero (nombre, apellidoP, apellidoM, idSucursal, edad, tipoSangre, fechaInicio, numSeguridad, nomina, RFC, CURP) values ('Jasper', 'MacGuffie', 'Angeau', 4, 28, 'A-', '02/01/2018', 2092, '$2500.00', 'ENPDUJ79SA94I', 'MAAJ19871022FJCNA7');
insert into Mesero (nombre, apellidoP, apellidoM, idSucursal, edad, tipoSangre, fechaInicio, numSeguridad, nomina, RFC, CURP) values ('Lance', 'O''Grada', 'Skaife d''Ingerthorpe', 5, 26, 'A-', '02/12/2018', 3133, '$2500.00', '51F2PHTB7MWFY', 'OBSL19911028FLGKA2');
insert into Mesero (nombre, apellidoP, apellidoM, idSucursal, edad, tipoSangre, fechaInicio, numSeguridad, nomina, RFC, CURP) values ('Briney', 'Ligoe', 'Heritege', 6, 59, 'AB-', '01/27/2018', 6840, '$2500.00', '6NN1CQGS2PMPA', 'LIHB19971114MBGER4');
insert into Mesero (nombre, apellidoP, apellidoM, idSucursal, edad, tipoSangre, fechaInicio, numSeguridad, nomina, RFC, CURP) values ('Barny', 'Caspell', 'Wolstencroft', 7, 56, 'AB-', '01/16/2018', 1035, '$2500.00', 'V0XEZSEB86FW2', 'CAWB19831018MBSOA4');
insert into Mesero (nombre, apellidoP, apellidoM, idSucursal, edad, tipoSangre, fechaInicio, numSeguridad, nomina, RFC, CURP) values ('Tedmund', 'Foulger', 'Roycraft', 8, 57, 'AB-', '01/20/2018', 2316, '$2500.00', 'LJPOL3G5W12AL', 'FORT19901122MTUOE8');
insert into Mesero (nombre, apellidoP, apellidoM, idSucursal, edad, tipoSangre, fechaInicio, numSeguridad, nomina, RFC, CURP) values ('Claudetta', 'Brake', 'Prine', 9, 36, 'B-', '02/07/2018', 9524, '$2500.00', 'AWTL1OCY03UL6', 'BRPC19911123MCARL4');
insert into Mesero (nombre, apellidoP, apellidoM, idSucursal, edad, tipoSangre, fechaInicio, numSeguridad, nomina, RFC, CURP) values ('Elsie', 'Frantzen', 'Tallyn', 10, 36, 'B-', '02/05/2018', 3683, '$2500.00', 'NVHQANSS34SVD', 'FRTE19891024MEAAL4');
insert into Mesero (nombre, apellidoP, apellidoM, idSucursal, edad, tipoSangre, fechaInicio, numSeguridad, nomina, RFC, CURP) values ('Burty', 'Yarnton', 'Sheardown', 11, 48, 'O-', '02/08/2018', 1677, '$2500.00', 'IZP1Q9IISZNHH', 'YASB19861011MBRHU6');
insert into Mesero (nombre, apellidoP, apellidoM, idSucursal, edad, tipoSangre, fechaInicio, numSeguridad, nomina, RFC, CURP) values ('Dukie', 'Jahn', 'Breckon', 12, 58, 'AB-', '02/11/2018', 2372, '$2500.00', '3AUDXTCAFB7NK', 'JABD19821226MDHRU2');
insert into Mesero (nombre, apellidoP, apellidoM, idSucursal, edad, tipoSangre, fechaInicio, numSeguridad, nomina, RFC, CURP) values ('Aleece', 'Rookledge', 'Bittlestone', 13, 35, 'B+', '01/25/2018', 4566, '$2500.00', 'SW496R0SF6Q4G', 'ROBA19951212MAOIL4');
insert into Mesero (nombre, apellidoP, apellidoM, idSucursal, edad, tipoSangre, fechaInicio, numSeguridad, nomina, RFC, CURP) values ('Marion', 'Kassidy', 'Terzza', 14, 54, 'AB+', '01/21/2018', 9805, '$2500.00', 'DEYKT3LLYCRDJ', 'KATM19911110MMSEA4');
insert into Mesero (nombre, apellidoP, apellidoM, idSucursal, edad, tipoSangre, fechaInicio, numSeguridad, nomina, RFC, CURP) values ('Ferdinand', 'Jurisic', 'Kimbling', 15, 35, 'B+', '01/16/2018', 3215, '$2500.00', 'F7CZ66LTTKOQG', 'JUKF19871022MFRIE5');
insert into Mesero (nombre, apellidoP, apellidoM, idSucursal, edad, tipoSangre, fechaInicio, numSeguridad, nomina, RFC, CURP) values ('Lukas', 'Mosedall', 'Innis', 16, 31, 'B+', '01/24/2018', 7391, '$2500.00', 'AZCW1AQ2F691P', 'MOIL19941016FLSNU8');
insert into Mesero (nombre, apellidoP, apellidoM, idSucursal, edad, tipoSangre, fechaInicio, numSeguridad, nomina, RFC, CURP) values ('Giralda', 'Rangell', 'Shyre', 17, 29, 'A-', '01/29/2018', 5138, '$2500.00', 'KLRPM2K7PKI8R', 'RASG19891112FGNHI1');
insert into Mesero (nombre, apellidoP, apellidoM, idSucursal, edad, tipoSangre, fechaInicio, numSeguridad, nomina, RFC, CURP) values ('Aurea', 'Stockwell', 'Castelin', 18, 27, 'A-', '01/25/2018', 4898, '$2500.00', 'DIITQPVK1UD3F', 'STCA20001112FAOAU7');
insert into Mesero (nombre, apellidoP, apellidoM, idSucursal, edad, tipoSangre, fechaInicio, numSeguridad, nomina, RFC, CURP) values ('Cozmo', 'Deeming', 'Vaadeland', 19, 34, 'B+', '02/03/2018', 4920, '$2500.00', 'IIEIX8E405JOW', 'DEVC19901013FCEAO7');
insert into Mesero (nombre, apellidoP, apellidoM, idSucursal, edad, tipoSangre, fechaInicio, numSeguridad, nomina, RFC, CURP) values ('Darline', 'Thomson', 'Calleja', 20, 45, 'O+', '01/17/2018', 7381, '$2500.00', 'SQ9A67N5QNF87', 'THCD19901220MDOAA8');

insert into Cajero (nombre, apellidoP, apellidoM, idSucursal, edad, tipoSangre, fechaInicio, numSeguridad, nomina, RFC, CURP) values ('Anthe', 'Haskett', 'Gookes', 1, 47, 'O-', '01/23/2018', 4649, '$3000.00', 'Q1U8UK36X34XT', 'HAGA19891216MASON3');
insert into Cajero (nombre, apellidoP, apellidoM, idSucursal, edad, tipoSangre, fechaInicio, numSeguridad, nomina, RFC, CURP) values ('Charlean', 'O''Lennane', 'Rieger', 2, 29, 'A-', '01/24/2018', 2259, '$3000.00', '92O8YC62RUCHU', 'OBRC20001123FCLIH5');
insert into Cajero (nombre, apellidoP, apellidoM, idSucursal, edad, tipoSangre, fechaInicio, numSeguridad, nomina, RFC, CURP) values ('Gabe', 'Poundford', 'Moules', 3, 60, 'AB-', '02/06/2018', 9168, '$3000.00', 'IE4VQM22KNLV6', 'POMG19881110MGUOA8');
insert into Cajero (nombre, apellidoP, apellidoM, idSucursal, edad, tipoSangre, fechaInicio, numSeguridad, nomina, RFC, CURP) values ('Erhard', 'Scholl', 'Dagnan', 4, 27, 'A-', '02/03/2018', 3313, '$3000.00', 'NGI6JPX27R8KJ', 'SCDE19821130FEHAR8');
insert into Cajero (nombre, apellidoP, apellidoM, idSucursal, edad, tipoSangre, fechaInicio, numSeguridad, nomina, RFC, CURP) values ('Karin', 'Farncombe', 'Twomey', 5, 55, 'AB+', '02/09/2018', 2096, '$3000.00', 'KNV0QBFWOI5YW', 'FATK19911227MKRWA3');
insert into Cajero (nombre, apellidoP, apellidoM, idSucursal, edad, tipoSangre, fechaInicio, numSeguridad, nomina, RFC, CURP) values ('Elicia', 'Hechlin', 'Proudley', 6, 49, 'O-', '01/18/2018', 9892, '$3000.00', 'KC7P0QF8ABGDE', 'HEPE19981121MECRL1');
insert into Cajero (nombre, apellidoP, apellidoM, idSucursal, edad, tipoSangre, fechaInicio, numSeguridad, nomina, RFC, CURP) values ('Gwennie', 'Forsyde', 'Breedy', 7, 27, 'A-', '02/10/2018', 4462, '$3000.00', 'S1AIRPVZS88CY', 'FOBG19981213FGRRW5');
insert into Cajero (nombre, apellidoP, apellidoM, idSucursal, edad, tipoSangre, fechaInicio, numSeguridad, nomina, RFC, CURP) values ('Joan', 'Timms', 'Zelner', 8, 40, 'B-', '01/31/2018', 6091, '$3500.00', 'OQLZOIQGFTBLR', 'TIZJ19831014MJMEO5');
insert into Cajero (nombre, apellidoP, apellidoM, idSucursal, edad, tipoSangre, fechaInicio, numSeguridad, nomina, RFC, CURP) values ('Biddy', 'Engledow', 'Hansemann', 9, 24, 'A+', '01/25/2018', 2630, '$3000.00', 'O8ASD03CHKRY9', 'ENHB19821214FBGAI8');
insert into Cajero (nombre, apellidoP, apellidoM, idSucursal, edad, tipoSangre, fechaInicio, numSeguridad, nomina, RFC, CURP) values ('Phelia', 'Celler', 'Heater', 10, 60, 'AB-', '01/22/2018', 6874, '$3000.00', 'FM87Q7199X4DC', 'CEHP19821026MPLEH7');
insert into Cajero (nombre, apellidoP, apellidoM, idSucursal, edad, tipoSangre, fechaInicio, numSeguridad, nomina, RFC, CURP) values ('Dahlia', 'Lidgett', 'Chrispin', 11, 34, 'B+', '01/24/2018', 2351, '$3000.00', '3SZNSSG9HLB4L', 'LICD19991111FDDHA2');
insert into Cajero (nombre, apellidoP, apellidoM, idSucursal, edad, tipoSangre, fechaInicio, numSeguridad, nomina, RFC, CURP) values ('Lurette', 'Everingham', 'Edgeson', 12, 52, 'AB+', '01/30/2018', 6116, '$3000.00', 'AI0S9Y1KFX2EV', 'EVEL19811121MLEDU9');
insert into Cajero (nombre, apellidoP, apellidoM, idSucursal, edad, tipoSangre, fechaInicio, numSeguridad, nomina, RFC, CURP) values ('Milicent', 'Reolfo', 'Jiggins', 13, 53, 'AB+', '01/26/2018', 9347, '$3000.00', '9ME5287239NQJ', 'REJM19811127MMOII8');
insert into Cajero (nombre, apellidoP, apellidoM, idSucursal, edad, tipoSangre, fechaInicio, numSeguridad, nomina, RFC, CURP) values ('Fionnula', 'Drynan', 'Hanlon', 14, 28, 'A-', '01/31/2018', 6608, '$3500.00', '5Y5TJIDLJL8DP', 'DRHF19861018FFYAI4');
insert into Cajero (nombre, apellidoP, apellidoM, idSucursal, edad, tipoSangre, fechaInicio, numSeguridad, nomina, RFC, CURP) values ('Lottie', 'Boulding', 'Worsnip', 15, 42, 'O+', '02/05/2018', 4580, '$3000.00', 'XIYMP4NX8BV0X', 'BOWL19811024MLUOO5');
insert into Cajero (nombre, apellidoP, apellidoM, idSucursal, edad, tipoSangre, fechaInicio, numSeguridad, nomina, RFC, CURP) values ('Roderic', 'Althorpe', 'Belz', 16, 43, 'O+', '02/10/2018', 9439, '$3000.00', 'UTDTXLX4DGOBE', 'ALBR19931227MRTEO3');
insert into Cajero (nombre, apellidoP, apellidoM, idSucursal, edad, tipoSangre, fechaInicio, numSeguridad, nomina, RFC, CURP) values ('Electra', 'Cockney', 'Tweedle', 17, 28, 'A-', '01/16/2018', 8723, '$3000.00', 'EQ38X92I7ZTD6', 'COTE19941014FECWL5');
insert into Cajero (nombre, apellidoP, apellidoM, idSucursal, edad, tipoSangre, fechaInicio, numSeguridad, nomina, RFC, CURP) values ('Ilsa', 'Sandever', 'Hazelgrove', 18, 57, 'AB-', '01/29/2018', 2742, '$3000.00', 'H4DG8K21FR1GC', 'SAHI19851025MINAL9');
insert into Cajero (nombre, apellidoP, apellidoM, idSucursal, edad, tipoSangre, fechaInicio, numSeguridad, nomina, RFC, CURP) values ('Vivienne', 'Casillis', 'Puckrin', 19, 34, 'B+', '01/29/2018', 4056, '$3000.00', 'C1D7IYMYFYDV1', 'CAPV19861124FVSUI1');
insert into Cajero (nombre, apellidoP, apellidoM, idSucursal, edad, tipoSangre, fechaInicio, numSeguridad, nomina, RFC, CURP) values ('Lori', 'Laughtisse', 'Harmeston', 20, 53, 'AB+', '01/27/2018', 2403, '$3000.00', 'J8GQ0RPEYKPOO', 'LAHL19851112MLUAO8');
insert into Cajero (nombre, apellidoP, apellidoM, idSucursal, edad, tipoSangre, fechaInicio, numSeguridad, nomina, RFC, CURP) values ('Carry', 'Flucker', 'Waldock', 1, 23, 'A+', '02/03/2018', 3549, '$3000.00', 'GSZEL5XXARQWB', 'FLWC20001213FCUAA7');
insert into Cajero (nombre, apellidoP, apellidoM, idSucursal, edad, tipoSangre, fechaInicio, numSeguridad, nomina, RFC, CURP) values ('Tommy', 'Morffew', 'Barnhart', 2, 46, 'O-', '01/26/2018', 9563, '$3500.00', '8BYPFEUZYFQQC', 'MOBT19881212MTRAO2');
insert into Cajero (nombre, apellidoP, apellidoM, idSucursal, edad, tipoSangre, fechaInicio, numSeguridad, nomina, RFC, CURP) values ('Bobette', 'Hadenton', 'Frankiss', 3, 33, 'B+', '01/29/2018', 4540, '$3000.00', 'VZR8BDBEWZQXD', 'HAFB19851023FBDRO2');
insert into Cajero (nombre, apellidoP, apellidoM, idSucursal, edad, tipoSangre, fechaInicio, numSeguridad, nomina, RFC, CURP) values ('Veronike', 'Shilston', 'Maber', 4, 36, 'B-', '01/16/2018', 9184, '$3000.00', 'MK4RZO3DWLVST', 'SHMV19971211MVIAE8');
insert into Cajero (nombre, apellidoP, apellidoM, idSucursal, edad, tipoSangre, fechaInicio, numSeguridad, nomina, RFC, CURP) values ('Hortensia', 'Holdin', 'Alltimes', 5, 47, 'O-', '01/19/2018', 1879, '$3000.00', '79H5XJ9NBMB9T', 'HOAH19901018MHLLO5');
insert into Cajero (nombre, apellidoP, apellidoM, idSucursal, edad, tipoSangre, fechaInicio, numSeguridad, nomina, RFC, CURP) values ('Barrie', 'Bridgement', 'Strete', 6, 25, 'A+', '01/21/2018', 8362, '$3000.00', 'QQ5600B2SFOAF', 'BRSB19851015FBITA8');
insert into Cajero (nombre, apellidoP, apellidoM, idSucursal, edad, tipoSangre, fechaInicio, numSeguridad, nomina, RFC, CURP) values ('Robbie', 'Seligson', 'Janecki', 7, 46, 'O-', '01/23/2018', 4009, '$3000.00', 'E5NU70UQHOZ9D', 'SEJR19811021MRLAO5');
insert into Cajero (nombre, apellidoP, apellidoM, idSucursal, edad, tipoSangre, fechaInicio, numSeguridad, nomina, RFC, CURP) values ('Deanna', 'Duffield', 'Mudd', 8, 50, 'O-', '01/28/2018', 5506, '$3500.00', 'RQB4WDPEBTD22', 'DUMD20001118MDFUE8');
insert into Cajero (nombre, apellidoP, apellidoM, idSucursal, edad, tipoSangre, fechaInicio, numSeguridad, nomina, RFC, CURP) values ('Terza', 'Portchmouth', 'Janeway', 9, 56, 'AB-', '01/19/2018', 8148, '$3000.00', 'JLHP1L3PZCJUZ', 'POJT19811211MTRAE8');
insert into Cajero (nombre, apellidoP, apellidoM, idSucursal, edad, tipoSangre, fechaInicio, numSeguridad, nomina, RFC, CURP) values ('Robb', 'Farbrace', 'Ciepluch', 10, 23, 'A+', '02/07/2018', 4520, '$3500.00', 'BEMY8968IM6XI', 'FACR19981024FRRIO9');
insert into Cajero (nombre, apellidoP, apellidoM, idSucursal, edad, tipoSangre, fechaInicio, numSeguridad, nomina, RFC, CURP) values ('Minda', 'McDermott-Row', 'Jewiss', 11, 20, 'A+', '01/30/2018', 6461, '$3000.00', '7PN74FRCSZRNU', 'MCJM19961112FMDEI4');
insert into Cajero (nombre, apellidoP, apellidoM, idSucursal, edad, tipoSangre, fechaInicio, numSeguridad, nomina, RFC, CURP) values ('Wyatan', 'Beardmore', 'Willimont', 12, 22, 'A+', '01/30/2018', 1039, '$3000.00', 'HRPLOOOFCOXLO', 'BEWW19891015FWAIY5');
insert into Cajero (nombre, apellidoP, apellidoM, idSucursal, edad, tipoSangre, fechaInicio, numSeguridad, nomina, RFC, CURP) values ('Megan', 'Tummond', 'Wallbridge', 13, 38, 'B-', '01/20/2018', 7539, '$3000.00', 'T9T8XOOUAIUF1', 'TUWM19801021MMMAE2');
insert into Cajero (nombre, apellidoP, apellidoM, idSucursal, edad, tipoSangre, fechaInicio, numSeguridad, nomina, RFC, CURP) values ('Ruttger', 'Ogers', 'Castagnasso', 14, 54, 'AB+', '01/24/2018', 7263, '$3000.00', 'FZIFZGVR5UEDS', 'OGCR19881023MREAU4');
insert into Cajero (nombre, apellidoP, apellidoM, idSucursal, edad, tipoSangre, fechaInicio, numSeguridad, nomina, RFC, CURP) values ('Leonhard', 'Showers', 'Jerzak', 15, 37, 'B-', '01/24/2018', 5059, '$3000.00', 'LSNAD0TY6EHIY', 'SHJL19901025MLOEE9');
insert into Cajero (nombre, apellidoP, apellidoM, idSucursal, edad, tipoSangre, fechaInicio, numSeguridad, nomina, RFC, CURP) values ('Lorry', 'Reasun', 'Hare', 16, 56, 'AB-', '02/11/2018', 9216, '$3000.00', 'SU6ACKWU70F0M', 'REHL19811229MLAAO3');
insert into Cajero (nombre, apellidoP, apellidoM, idSucursal, edad, tipoSangre, fechaInicio, numSeguridad, nomina, RFC, CURP) values ('Tyne', 'Deans', 'Cleef', 17, 55, 'AB+', '02/15/2018', 2527, '$3000.00', 'UDDG0DBECWMU5', 'DECT19991127MTALY8');
insert into Cajero (nombre, apellidoP, apellidoM, idSucursal, edad, tipoSangre, fechaInicio, numSeguridad, nomina, RFC, CURP) values ('Adler', 'Mendonca', 'Grindley', 18, 45, 'O+', '01/18/2018', 6561, '$3000.00', 'YFYLZY4C3E8UA', 'MEGA19881030MANRD6');
insert into Cajero (nombre, apellidoP, apellidoM, idSucursal, edad, tipoSangre, fechaInicio, numSeguridad, nomina, RFC, CURP) values ('Asia', 'Phelipeau', 'Camus', 19, 57, 'AB-', '01/27/2018', 3881, '$3000.00', 'RP5Q3ZI2Y0KCX', 'PHCA19921213MAEAS7');
insert into Cajero (nombre, apellidoP, apellidoM, idSucursal, edad, tipoSangre, fechaInicio, numSeguridad, nomina, RFC, CURP) values ('Natty', 'Mortel', 'Brocklebank', 20, 28, 'A-', '02/12/2018', 2239, '$3000.00', 'EQF3RAZRXK30L', 'MOBN19871010FNRRA5');

insert into BonoTaquero (CURP,numBono) values ('MACM19941128MMCLA9', 1);
insert into BonoTaquero (CURP,numBono) values ('RIGR19951222MREIA5', 2);
insert into BonoTaquero (CURP,numBono) values ('ABCH19961111FHRHO8', 3);
insert into BonoTaquero (CURP,numBono) values ('HUSB19831120FBNHL1', 4);
insert into BonoTaquero (CURP,numBono) values ('ROCN19871126MNBHO2', 5);
insert into BonoTaquero (CURP,numBono) values ('FRHT19861130MTEUO5', 6);
insert into BonoTaquero (CURP,numBono) values ('BEBE19841120MERRZ6', 7);
insert into BonoTaquero (CURP,numBono) values ('COSC19851011FCUCA9', 8);
insert into BonoTaquero (CURP,numBono) values ('THSQ19851016MQEAU7', 9);
insert into BonoTaquero (CURP,numBono) values ('WAFE19831017FETOD6', 10);
insert into BonoTaquero (CURP,numBono) values ('FLNC19941117FCAUO3', 12);
insert into BonoTaquero (CURP,numBono) values ('HOGR19861127MRLLO3', 13);
insert into BonoTaquero (CURP,numBono) values ('TOAD19921221MDOYA6', 14);
insert into BonoTaquero (CURP,numBono) values ('COCE19971019MELOD6', 15);

insert into BonoRepartidor (CURP,numBono) values ('BUDB20001020FBGUR7', 1);
insert into BonoRepartidor (CURP,numBono) values ('LOTR19931026MRSOO7', 2);
insert into BonoRepartidor (CURP,numBono) values ('CHDL19911124MLEUI2', 3);
insert into BonoRepartidor (CURP,numBono) values ('DEPJ19961026FJNAA1', 4);
insert into BonoRepartidor (CURP,numBono) values ('MUCI19871124MIIHV7', 5);
insert into BonoRepartidor (CURP,numBono) values ('STMG19931213FGUOI3', 6);
insert into BonoRepartidor (CURP,numBono) values ('LEBC19831123FCMER7', 7);
insert into BonoRepartidor (CURP,numBono) values ('ZUTA19861113FAPHR8', 8);
insert into BonoRepartidor (CURP,numBono) values ('LEPG19811219MGTRI6', 9);
insert into BonoRepartidor (CURP,numBono) values ('OBTP19931123FPCRI5', 10);
insert into BonoRepartidor (CURP,numBono) values ('ADSK19991027MKDHA2', 12);
insert into BonoRepartidor (CURP,numBono) values ('BESG19921029FGACU2', 13);
insert into BonoRepartidor (CURP,numBono) values ('SHEA19991023FAADL8', 14);
insert into BonoRepartidor (CURP,numBono) values ('OLMJ19881115MJYEE9', 15);

insert into BonoParrillero (CURP,numBono) values ('ISCG19821016FGLLI5', 1);
insert into BonoParrillero (CURP,numBono) values ('SAFE19841028FEYOL1', 2);
insert into BonoParrillero (CURP,numBono) values ('FAEK19941212FKNSA4', 3);
insert into BonoParrillero (CURP,numBono) values ('HERH19941122FHGEA1', 4);
insert into BonoParrillero (CURP,numBono) values ('NAFL19871025MLIRI2', 5);
insert into BonoParrillero (CURP,numBono) values ('GIIR19811119FRNNA1', 6);
insert into BonoParrillero (CURP,numBono) values ('CARD19901219FDSIA9', 7);
insert into BonoParrillero (CURP,numBono) values ('POAE19871222FETNL4', 8);
insert into BonoParrillero (CURP,numBono) values ('GRCD19811122MDEAA9', 9);
insert into BonoParrillero (CURP,numBono) values ('PAGD19881227FDVOO1', 10);
insert into BonoParrillero (CURP,numBono) values ('GAHF19951117FFNUA3', 12);
insert into BonoParrillero (CURP,numBono) values ('IZBM19991116FMCRA8', 13);
insert into BonoParrillero (CURP,numBono) values ('BUAS19931111FSLNA9', 14);
insert into BonoParrillero (CURP,numBono) values ('KACA19951224MAYOL8', 15);

insert into BonoMesero (CURP,numBono) values ('GIHR19981228MRTIO1', 1);
insert into BonoMesero (CURP,numBono) values ('CAHD19941011MDNOI4', 2);
insert into BonoMesero (CURP,numBono) values ('WOGL19931227MLOOO7', 3);
insert into BonoMesero (CURP,numBono) values ('FESP19861028MPRAR9', 4);
insert into BonoMesero (CURP,numBono) values ('TOTP19971212MPMOE6', 5);
insert into BonoMesero (CURP,numBono) values ('DEGR19931123MRLEI1', 6);
insert into BonoMesero (CURP,numBono) values ('SMSL19941112FLYTE2', 7);
insert into BonoMesero (CURP,numBono) values ('WALC19841027MCTAH1', 8);
insert into BonoMesero (CURP,numBono) values ('ROPF19971228FFSIA5', 9);
insert into BonoMesero (CURP,numBono) values ('FORT19901122MTUOE8', 10);
insert into BonoMesero (CURP,numBono) values ('MOIL19941016FLSNU8', 12);
insert into BonoMesero (CURP,numBono) values ('THCD19901220MDOAA8', 13);
insert into BonoMesero (CURP,numBono) values ('DEVC19901013FCEAO7', 14);
insert into BonoMesero (CURP,numBono) values ('JABD19821226MDHRU2', 15);

insert into BonoCajero (CURP,numBono) values ('SCDE19821130FEHAR8', 1);
insert into BonoCajero (CURP,numBono) values ('EVEL19811121MLEDU9', 2);
insert into BonoCajero (CURP,numBono) values ('CAPV19861124FVSUI1', 3);
insert into BonoCajero (CURP,numBono) values ('MOBT19881212MTRAO2', 4);
insert into BonoCajero (CURP,numBono) values ('DUMD20001118MDFUE8', 5);
insert into BonoCajero (CURP,numBono) values ('TUWM19801021MMMAE2', 6);
insert into BonoCajero (CURP,numBono) values ('DECT19991127MTALY8', 7);
insert into BonoCajero (CURP,numBono) values ('PHCA19921213MAEAS7', 8);
insert into BonoCajero (CURP,numBono) values ('BRSB19851015FBITA8', 9);
insert into BonoCajero (CURP,numBono) values ('FLWC20001213FCUAA7', 10);
insert into BonoCajero (CURP,numBono) values ('ALBR19931227MRTEO3', 12);
insert into BonoCajero (CURP,numBono) values ('DRHF19861018FFYAI4', 13);
insert into BonoCajero (CURP,numBono) values ('OGCR19881023MREAU4', 14);
insert into BonoCajero (CURP,numBono) values ('MOBN19871010FNRRA5', 15);

insert into ProductoPerecedor (idProducto, nombreProducto, precio, marca) values ('9505', 'Steam Pan - Half Size Deep', '$226.25', 'Rush Enterprises, Inc.');
insert into ProductoPerecedor (idProducto, nombreProducto, precio, marca) values ('3821', 'Flavouring - Orange', '$216.15', 'MDC Partners Inc.');
insert into ProductoPerecedor (idProducto, nombreProducto, precio, marca) values ('2834', 'Snapple Raspberry Tea', '$213.18', 'Invesco Credit Opportunities Fund');
insert into ProductoPerecedor (idProducto, nombreProducto, precio, marca) values ('2776', 'Iced Tea - Lemon, 460 Ml', '$298.83', 'Cellect Biotechnology Ltd.');
insert into ProductoPerecedor (idProducto, nombreProducto, precio, marca) values ('7338', 'Halibut - Steaks', '$132.39', 'Eagle Materials Inc');
insert into ProductoPerecedor (idProducto, nombreProducto, precio, marca) values ('8575', 'Tomato - Peeled Italian Canned', '$102.29', 'Salient Midstream & MLP Fund');
insert into ProductoPerecedor (idProducto, nombreProducto, precio, marca) values ('5255', 'Spring Roll Veg Mini', '$290.84', 'Quest Resource Holding Corporation.');
insert into ProductoPerecedor (idProducto, nombreProducto, precio, marca) values ('3508', 'Scrubbie - Scotchbrite Hand Pad', '$239.08', 'Lamb Weston Holdings, Inc.');
insert into ProductoPerecedor (idProducto, nombreProducto, precio, marca) values ('6332', 'Flower - Commercial Spider', '$165.99', 'Seaspan Corporation');
insert into ProductoPerecedor (idProducto, nombreProducto, precio, marca) values ('2055', 'Grapes - Black', '$97.85', 'Perfumania Holdings, Inc');
insert into ProductoPerecedor (idProducto, nombreProducto, precio, marca) values ('7971', 'Savory', '$151.10', 'Senior Housing Properties Trust');
insert into ProductoPerecedor (idProducto, nombreProducto, precio, marca) values ('8981', 'Pastry - Plain Baked Croissant', '$68.54', 'Telephone and Data Systems, Inc.');
insert into ProductoPerecedor (idProducto, nombreProducto, precio, marca) values ('4666', 'Pork - Ham Hocks - Smoked', '$259.86', 'First Merchants Corporation');
insert into ProductoPerecedor (idProducto, nombreProducto, precio, marca) values ('2698', 'Pur Value', '$90.16', 'PhotoMedex, Inc.');
insert into ProductoPerecedor (idProducto, nombreProducto, precio, marca) values ('1253', 'Glove - Cutting', '$284.02', 'FlexShares Credit-Scored US Corporate Bond Index Fund');
insert into ProductoPerecedor (idProducto, nombreProducto, precio, marca) values ('5237', 'Glaze - Apricot', '$249.48', 'Nustar Energy L.P.');
insert into ProductoPerecedor (idProducto, nombreProducto, precio, marca) values ('6695', 'Momiji Oroshi Chili Sauce', '$287.63', 'International Bancshares Corporation');
insert into ProductoPerecedor (idProducto, nombreProducto, precio, marca) values ('2225', 'Bar Nature Valley', '$225.54', 'Oritani Financial Corp.');
insert into ProductoPerecedor (idProducto, nombreProducto, precio, marca) values ('1666', 'Chives - Fresh', '$117.04', 'Stag Industrial, Inc.');
insert into ProductoPerecedor (idProducto, nombreProducto, precio, marca) values ('9720', 'Beef - Ground, Extra Lean, Fresh', '$135.91', 'Cousins Properties Incorporated');

insert into ProductoNoPerecedor (idProducto, nombreProducto, precio, marca, fechaCaducidad) values ('0397', 'Milk - Skim', '$132.95', 'ServiceMaster Global Holdings, Inc.', '12/11/2019');
insert into ProductoNoPerecedor (idProducto, nombreProducto, precio, marca, fechaCaducidad) values ('8191', 'Tea Peppermint', '$99.44', 'Eltek Ltd.', '12/19/2019');
insert into ProductoNoPerecedor (idProducto, nombreProducto, precio, marca, fechaCaducidad) values ('4975', 'Chef Hat 25cm', '$79.83', 'Landmark Infrastructure Partners LP', '12/26/2019');
insert into ProductoNoPerecedor (idProducto, nombreProducto, precio, marca, fechaCaducidad) values ('2817', 'Orange - Tangerine', '$134.03', 'MSC Industrial Direct Company, Inc.', '12/29/2019');
insert into ProductoNoPerecedor (idProducto, nombreProducto, precio, marca, fechaCaducidad) values ('5238', 'Sugar - Brown', '$167.37', 'State Street Corporation', '12/15/2019');
insert into ProductoNoPerecedor (idProducto, nombreProducto, precio, marca, fechaCaducidad) values ('6230', 'Wine - Red, Lurton Merlot De', '$186.91', 'Athene Holding Ltd.', '12/19/2019');
insert into ProductoNoPerecedor (idProducto, nombreProducto, precio, marca, fechaCaducidad) values ('1038', 'Lobster - Live', '$283.33', 'VSE Corporation', '12/23/2019');
insert into ProductoNoPerecedor (idProducto, nombreProducto, precio, marca, fechaCaducidad) values ('0660', 'Sugar - Brown, Individual', '$174.36', 'Blackrock Florida Municipal 2020 Term Trust', '12/15/2019');
insert into ProductoNoPerecedor (idProducto, nombreProducto, precio, marca, fechaCaducidad) values ('7475', 'Snails - Large Canned', '$64.82', 'Chanticleer Holdings, Inc.', '12/26/2019');
insert into ProductoNoPerecedor (idProducto, nombreProducto, precio, marca, fechaCaducidad) values ('0833', 'Cake - Dulce De Leche', '$247.78', 'Franklin Covey Company', '12/29/2019');
insert into ProductoNoPerecedor (idProducto, nombreProducto, precio, marca, fechaCaducidad) values ('3688', 'Garbage Bags - Black', '$259.85', 'LPL Financial Holdings Inc.', '12/25/2019');
insert into ProductoNoPerecedor (idProducto, nombreProducto, precio, marca, fechaCaducidad) values ('4788', 'Cheese - Brie Roitelet', '$230.43', 'TD Ameritrade Holding Corporation', '12/21/2019');
insert into ProductoNoPerecedor (idProducto, nombreProducto, precio, marca, fechaCaducidad) values ('8394', 'Nantucket - Pomegranate Pear', '$235.84', 'GenVec, Inc.', '12/09/2019');
insert into ProductoNoPerecedor (idProducto, nombreProducto, precio, marca, fechaCaducidad) values ('6193', 'Tart Shells - Barquettes, Savory', '$205.88', 'Nova Measuring Instruments Ltd.', '12/22/2019');
insert into ProductoNoPerecedor (idProducto, nombreProducto, precio, marca, fechaCaducidad) values ('7035', 'Myers Planters Punch', '$297.11', 'Reading International Inc', '12/16/2019');
insert into ProductoNoPerecedor (idProducto, nombreProducto, precio, marca, fechaCaducidad) values ('9145', 'Lobster - Canned Premium', '$108.51', 'Sohu.com Inc.', '12/27/2019');
insert into ProductoNoPerecedor (idProducto, nombreProducto, precio, marca, fechaCaducidad) values ('1473', 'Magnotta - Bel Paese White', '$73.16', 'Alaska Communications Systems Group, Inc.', '12/21/2019');
insert into ProductoNoPerecedor (idProducto, nombreProducto, precio, marca, fechaCaducidad) values ('0317', 'Berry Brulee', '$52.24', 'Regeneron Pharmaceuticals, Inc.', '12/15/2019');
insert into ProductoNoPerecedor (idProducto, nombreProducto, precio, marca, fechaCaducidad) values ('7670', 'Oxtail - Cut', '$224.13', 'Alliance Resource Partners, L.P.', '12/20/2019');
insert into ProductoNoPerecedor (idProducto, nombreProducto, precio, marca, fechaCaducidad) values ('6980', 'Beef - Ground Lean Fresh', '$238.14', 'Broadridge Financial Solutions, Inc.', '12/12/2019');

insert into SolicitarPrP (idSucursal, idProducto, cantidadProducto, fechaCompra) values (1, 3821, 12, '12/06/2019');
insert into SolicitarPrP (idSucursal, idProducto, cantidadProducto, fechaCompra) values (2, 6332, 1, '11/28/2019');
insert into SolicitarPrP (idSucursal, idProducto, cantidadProducto, fechaCompra) values (3, 2698, 63, '11/20/2019');
insert into SolicitarPrP (idSucursal, idProducto, cantidadProducto, fechaCompra) values (4, 7338, 62, '12/25/2019');
insert into SolicitarPrP (idSucursal, idProducto, cantidadProducto, fechaCompra) values (5, 7338, 47, '11/23/2019');
insert into SolicitarPrP (idSucursal, idProducto, cantidadProducto, fechaCompra) values (6, 7338, 36, '11/16/2019');
insert into SolicitarPrP (idSucursal, idProducto, cantidadProducto, fechaCompra) values (7, 9505, 33, '12/24/2019');
insert into SolicitarPrP (idSucursal, idProducto, cantidadProducto, fechaCompra) values (8, 5237, 65, '11/04/2019');
insert into SolicitarPrP (idSucursal, idProducto, cantidadProducto, fechaCompra) values (9, 2776, 24, '11/28/2019');
insert into SolicitarPrP (idSucursal, idProducto, cantidadProducto, fechaCompra) values (10, 3821, 7, '11/26/2019');
insert into SolicitarPrP (idSucursal, idProducto, cantidadProducto, fechaCompra) values (11, 6332, 59, '12/27/2019');
insert into SolicitarPrP (idSucursal, idProducto, cantidadProducto, fechaCompra) values (12, 1666, 42, '12/16/2019');
insert into SolicitarPrP (idSucursal, idProducto, cantidadProducto, fechaCompra) values (13, 6695, 87, '12/22/2019');
insert into SolicitarPrP (idSucursal, idProducto, cantidadProducto, fechaCompra) values (14, 2776, 2, '11/05/2019');
insert into SolicitarPrP (idSucursal, idProducto, cantidadProducto, fechaCompra) values (15, 9505, 58, '12/04/2019');
insert into SolicitarPrP (idSucursal, idProducto, cantidadProducto, fechaCompra) values (16, 6695, 56, '11/21/2019');
insert into SolicitarPrP (idSucursal, idProducto, cantidadProducto, fechaCompra) values (17, 9505, 64, '11/22/2019');
insert into SolicitarPrP (idSucursal, idProducto, cantidadProducto, fechaCompra) values (18, 8575, 8, '11/09/2019');
insert into SolicitarPrP (idSucursal, idProducto, cantidadProducto, fechaCompra) values (19, 8575, 51, '12/21/2019');
insert into SolicitarPrP (idSucursal, idProducto, cantidadProducto, fechaCompra) values (20, 3821, 82, '12/17/2019');
insert into SolicitarPrP (idSucursal, idProducto, cantidadProducto, fechaCompra) values (1, 5237, 3, '12/22/2019');
insert into SolicitarPrP (idSucursal, idProducto, cantidadProducto, fechaCompra) values (2, 5255, 93, '11/16/2019');
insert into SolicitarPrP (idSucursal, idProducto, cantidadProducto, fechaCompra) values (3, 9720, 30, '11/16/2019');
insert into SolicitarPrP (idSucursal, idProducto, cantidadProducto, fechaCompra) values (4, 8575, 89, '12/22/2019');
insert into SolicitarPrP (idSucursal, idProducto, cantidadProducto, fechaCompra) values (5, 5255, 32, '12/18/2019');
insert into SolicitarPrP (idSucursal, idProducto, cantidadProducto, fechaCompra) values (6, 2834, 51, '11/09/2019');
insert into SolicitarPrP (idSucursal, idProducto, cantidadProducto, fechaCompra) values (7, 7971, 19, '11/01/2019');
insert into SolicitarPrP (idSucursal, idProducto, cantidadProducto, fechaCompra) values (8, 1253, 72, '12/17/2019');
insert into SolicitarPrP (idSucursal, idProducto, cantidadProducto, fechaCompra) values (9, 8981, 42, '12/18/2019');
insert into SolicitarPrP (idSucursal, idProducto, cantidadProducto, fechaCompra) values (10, 6332, 38, '12/24/2019');
insert into SolicitarPrP (idSucursal, idProducto, cantidadProducto, fechaCompra) values (11, 5255, 25, '11/10/2019');
insert into SolicitarPrP (idSucursal, idProducto, cantidadProducto, fechaCompra) values (12, 2698, 12, '11/05/2019');
insert into SolicitarPrP (idSucursal, idProducto, cantidadProducto, fechaCompra) values (13, 4666, 63, '12/18/2019');
insert into SolicitarPrP (idSucursal, idProducto, cantidadProducto, fechaCompra) values (14, 4666, 98, '12/03/2019');
insert into SolicitarPrP (idSucursal, idProducto, cantidadProducto, fechaCompra) values (15, 4666, 67, '11/10/2019');
insert into SolicitarPrP (idSucursal, idProducto, cantidadProducto, fechaCompra) values (16, 6695, 83, '12/20/2019');
insert into SolicitarPrP (idSucursal, idProducto, cantidadProducto, fechaCompra) values (17, 3508, 73, '11/27/2019');
insert into SolicitarPrP (idSucursal, idProducto, cantidadProducto, fechaCompra) values (18, 3508, 61, '11/12/2019');
insert into SolicitarPrP (idSucursal, idProducto, cantidadProducto, fechaCompra) values (19, 2698, 97, '11/03/2019');
insert into SolicitarPrP (idSucursal, idProducto, cantidadProducto, fechaCompra) values (20, 1253, 83, '11/01/2019');
insert into SolicitarPrP (idSucursal, idProducto, cantidadProducto, fechaCompra) values (1, 9720, 15, '11/11/2019');
insert into SolicitarPrP (idSucursal, idProducto, cantidadProducto, fechaCompra) values (2, 4666, 55, '11/10/2019');
insert into SolicitarPrP (idSucursal, idProducto, cantidadProducto, fechaCompra) values (3, 5237, 25, '12/27/2019');
insert into SolicitarPrP (idSucursal, idProducto, cantidadProducto, fechaCompra) values (4, 2055, 11, '12/30/2019');
insert into SolicitarPrP (idSucursal, idProducto, cantidadProducto, fechaCompra) values (5, 1666, 35, '12/18/2019');
insert into SolicitarPrP (idSucursal, idProducto, cantidadProducto, fechaCompra) values (6, 3508, 40, '11/20/2019');
insert into SolicitarPrP (idSucursal, idProducto, cantidadProducto, fechaCompra) values (7, 6332, 73, '12/19/2019');
insert into SolicitarPrP (idSucursal, idProducto, cantidadProducto, fechaCompra) values (8, 6332, 60, '11/15/2019');
insert into SolicitarPrP (idSucursal, idProducto, cantidadProducto, fechaCompra) values (9, 9505, 73, '12/03/2019');
insert into SolicitarPrP (idSucursal, idProducto, cantidadProducto, fechaCompra) values (10, 1666, 67, '12/07/2019');
insert into SolicitarPrP (idSucursal, idProducto, cantidadProducto, fechaCompra) values (11, 9505, 22, '12/23/2019');
insert into SolicitarPrP (idSucursal, idProducto, cantidadProducto, fechaCompra) values (12, 1253, 88, '11/14/2019');
insert into SolicitarPrP (idSucursal, idProducto, cantidadProducto, fechaCompra) values (13, 8575, 46, '11/13/2019');
insert into SolicitarPrP (idSucursal, idProducto, cantidadProducto, fechaCompra) values (14, 7971, 76, '11/02/2019');
insert into SolicitarPrP (idSucursal, idProducto, cantidadProducto, fechaCompra) values (15, 2225, 27, '12/26/2019');
insert into SolicitarPrP (idSucursal, idProducto, cantidadProducto, fechaCompra) values (16, 3821, 29, '12/30/2019');
insert into SolicitarPrP (idSucursal, idProducto, cantidadProducto, fechaCompra) values (17, 8575, 16, '12/19/2019');
insert into SolicitarPrP (idSucursal, idProducto, cantidadProducto, fechaCompra) values (18, 6695, 41, '12/22/2019');
insert into SolicitarPrP (idSucursal, idProducto, cantidadProducto, fechaCompra) values (19, 1666, 80, '11/30/2019');
insert into SolicitarPrP (idSucursal, idProducto, cantidadProducto, fechaCompra) values (20, 2776, 46, '12/03/2019');
insert into SolicitarPrP (idSucursal, idProducto, cantidadProducto, fechaCompra) values (1, 7971, 77, '12/18/2019');
insert into SolicitarPrP (idSucursal, idProducto, cantidadProducto, fechaCompra) values (2, 8575, 33, '12/16/2019');
insert into SolicitarPrP (idSucursal, idProducto, cantidadProducto, fechaCompra) values (3, 5255, 2, '12/01/2019');
insert into SolicitarPrP (idSucursal, idProducto, cantidadProducto, fechaCompra) values (4, 2225, 3, '11/18/2019');
insert into SolicitarPrP (idSucursal, idProducto, cantidadProducto, fechaCompra) values (5, 7971, 3, '12/29/2019');
insert into SolicitarPrP (idSucursal, idProducto, cantidadProducto, fechaCompra) values (6, 2776, 52, '11/19/2019');
insert into SolicitarPrP (idSucursal, idProducto, cantidadProducto, fechaCompra) values (7, 9720, 23, '11/23/2019');
insert into SolicitarPrP (idSucursal, idProducto, cantidadProducto, fechaCompra) values (8, 7338, 48, '11/29/2019');
insert into SolicitarPrP (idSucursal, idProducto, cantidadProducto, fechaCompra) values (9, 4666, 14, '12/22/2019');
insert into SolicitarPrP (idSucursal, idProducto, cantidadProducto, fechaCompra) values (10, 1253, 4, '12/10/2019');
insert into SolicitarPrP (idSucursal, idProducto, cantidadProducto, fechaCompra) values (11, 9720, 52, '12/11/2019');
insert into SolicitarPrP (idSucursal, idProducto, cantidadProducto, fechaCompra) values (12, 2698, 27, '12/12/2019');
insert into SolicitarPrP (idSucursal, idProducto, cantidadProducto, fechaCompra) values (13, 9720, 62, '12/18/2019');
insert into SolicitarPrP (idSucursal, idProducto, cantidadProducto, fechaCompra) values (14, 2776, 81, '11/02/2019');
insert into SolicitarPrP (idSucursal, idProducto, cantidadProducto, fechaCompra) values (15, 5255, 90, '11/23/2019');
insert into SolicitarPrP (idSucursal, idProducto, cantidadProducto, fechaCompra) values (16, 5255, 2, '12/29/2019');
insert into SolicitarPrP (idSucursal, idProducto, cantidadProducto, fechaCompra) values (17, 3508, 30, '11/21/2019');
insert into SolicitarPrP (idSucursal, idProducto, cantidadProducto, fechaCompra) values (18, 2776, 43, '11/17/2019');
insert into SolicitarPrP (idSucursal, idProducto, cantidadProducto, fechaCompra) values (19, 9505, 13, '11/28/2019');
insert into SolicitarPrP (idSucursal, idProducto, cantidadProducto, fechaCompra) values (20, 4666, 97, '12/09/2019');
insert into SolicitarPrP (idSucursal, idProducto, cantidadProducto, fechaCompra) values (1, 1253, 67, '11/17/2019');
insert into SolicitarPrP (idSucursal, idProducto, cantidadProducto, fechaCompra) values (2, 4666, 16, '12/12/2019');
insert into SolicitarPrP (idSucursal, idProducto, cantidadProducto, fechaCompra) values (3, 1666, 49, '11/14/2019');
insert into SolicitarPrP (idSucursal, idProducto, cantidadProducto, fechaCompra) values (4, 6695, 69, '12/09/2019');
insert into SolicitarPrP (idSucursal, idProducto, cantidadProducto, fechaCompra) values (5, 2776, 23, '12/17/2019');
insert into SolicitarPrP (idSucursal, idProducto, cantidadProducto, fechaCompra) values (6, 1666, 70, '11/10/2019');
insert into SolicitarPrP (idSucursal, idProducto, cantidadProducto, fechaCompra) values (7, 8575, 56, '11/06/2019');
insert into SolicitarPrP (idSucursal, idProducto, cantidadProducto, fechaCompra) values (8, 5255, 27, '12/25/2019');
insert into SolicitarPrP (idSucursal, idProducto, cantidadProducto, fechaCompra) values (9, 5237, 37, '11/18/2019');
insert into SolicitarPrP (idSucursal, idProducto, cantidadProducto, fechaCompra) values (10, 5237, 56, '12/17/2019');
insert into SolicitarPrP (idSucursal, idProducto, cantidadProducto, fechaCompra) values (11, 8575, 55, '11/09/2019');
insert into SolicitarPrP (idSucursal, idProducto, cantidadProducto, fechaCompra) values (12, 2055, 4, '12/30/2019');
insert into SolicitarPrP (idSucursal, idProducto, cantidadProducto, fechaCompra) values (13, 6332, 97, '11/20/2019');
insert into SolicitarPrP (idSucursal, idProducto, cantidadProducto, fechaCompra) values (14, 4666, 35, '12/19/2019');
insert into SolicitarPrP (idSucursal, idProducto, cantidadProducto, fechaCompra) values (15, 5255, 52, '12/07/2019');
insert into SolicitarPrP (idSucursal, idProducto, cantidadProducto, fechaCompra) values (16, 2698, 27, '12/01/2019');
insert into SolicitarPrP (idSucursal, idProducto, cantidadProducto, fechaCompra) values (17, 5255, 57, '12/01/2019');
insert into SolicitarPrP (idSucursal, idProducto, cantidadProducto, fechaCompra) values (18, 5237, 38, '12/16/2019');
insert into SolicitarPrP (idSucursal, idProducto, cantidadProducto, fechaCompra) values (19, 6695, 58, '12/02/2019');
insert into SolicitarPrP (idSucursal, idProducto, cantidadProducto, fechaCompra) values (20, 5255, 4, '12/24/2019');

insert into SolicitarPrNP (idSucursal, idProducto, cantidadProducto, fechaCompra) values (1, 6980, 36, '12/03/2019');
insert into SolicitarPrNP (idSucursal, idProducto, cantidadProducto, fechaCompra) values (2, 6230, 97, '11/28/2019');
insert into SolicitarPrNP (idSucursal, idProducto, cantidadProducto, fechaCompra) values (3, 6193, 35, '12/22/2019');
insert into SolicitarPrNP (idSucursal, idProducto, cantidadProducto, fechaCompra) values (4, 8394, 31, '11/08/2019');
insert into SolicitarPrNP (idSucursal, idProducto, cantidadProducto, fechaCompra) values (5, 660, 17, '11/18/2019');
insert into SolicitarPrNP (idSucursal, idProducto, cantidadProducto, fechaCompra) values (6, 6193, 6, '12/03/2019');
insert into SolicitarPrNP (idSucursal, idProducto, cantidadProducto, fechaCompra) values (7, 1473, 55, '11/18/2019');
insert into SolicitarPrNP (idSucursal, idProducto, cantidadProducto, fechaCompra) values (8, 397, 88, '12/16/2019');
insert into SolicitarPrNP (idSucursal, idProducto, cantidadProducto, fechaCompra) values (9, 8394, 48, '11/17/2019');
insert into SolicitarPrNP (idSucursal, idProducto, cantidadProducto, fechaCompra) values (10, 2817, 25, '12/18/2019');
insert into SolicitarPrNP (idSucursal, idProducto, cantidadProducto, fechaCompra) values (11, 4788, 44, '12/26/2019');
insert into SolicitarPrNP (idSucursal, idProducto, cantidadProducto, fechaCompra) values (12, 6230, 100, '12/12/2019');
insert into SolicitarPrNP (idSucursal, idProducto, cantidadProducto, fechaCompra) values (13, 660, 44, '12/06/2019');
insert into SolicitarPrNP (idSucursal, idProducto, cantidadProducto, fechaCompra) values (14, 4788, 44, '12/27/2019');
insert into SolicitarPrNP (idSucursal, idProducto, cantidadProducto, fechaCompra) values (15, 7035, 98, '12/07/2019');
insert into SolicitarPrNP (idSucursal, idProducto, cantidadProducto, fechaCompra) values (16, 9145, 21, '11/14/2019');
insert into SolicitarPrNP (idSucursal, idProducto, cantidadProducto, fechaCompra) values (17, 3688, 9, '12/10/2019');
insert into SolicitarPrNP (idSucursal, idProducto, cantidadProducto, fechaCompra) values (18, 2817, 23, '12/07/2019');
insert into SolicitarPrNP (idSucursal, idProducto, cantidadProducto, fechaCompra) values (19, 3688, 27, '11/27/2019');
insert into SolicitarPrNP (idSucursal, idProducto, cantidadProducto, fechaCompra) values (20, 833, 92, '12/21/2019');
insert into SolicitarPrNP (idSucursal, idProducto, cantidadProducto, fechaCompra) values (1, 7035, 21, '12/06/2019');
insert into SolicitarPrNP (idSucursal, idProducto, cantidadProducto, fechaCompra) values (2, 3688, 53, '12/12/2019');
insert into SolicitarPrNP (idSucursal, idProducto, cantidadProducto, fechaCompra) values (3, 6193, 74, '12/28/2019');
insert into SolicitarPrNP (idSucursal, idProducto, cantidadProducto, fechaCompra) values (4, 317, 35, '12/24/2019');
insert into SolicitarPrNP (idSucursal, idProducto, cantidadProducto, fechaCompra) values (5, 8394, 12, '11/29/2019');
insert into SolicitarPrNP (idSucursal, idProducto, cantidadProducto, fechaCompra) values (6, 833, 95, '11/14/2019');
insert into SolicitarPrNP (idSucursal, idProducto, cantidadProducto, fechaCompra) values (7, 8394, 31, '12/24/2019');
insert into SolicitarPrNP (idSucursal, idProducto, cantidadProducto, fechaCompra) values (8, 1038, 82, '11/03/2019');
insert into SolicitarPrNP (idSucursal, idProducto, cantidadProducto, fechaCompra) values (9, 9145, 48, '12/25/2019');
insert into SolicitarPrNP (idSucursal, idProducto, cantidadProducto, fechaCompra) values (10, 8191, 81, '12/28/2019');
insert into SolicitarPrNP (idSucursal, idProducto, cantidadProducto, fechaCompra) values (11, 1473, 16, '12/28/2019');
insert into SolicitarPrNP (idSucursal, idProducto, cantidadProducto, fechaCompra) values (12, 7035, 2, '11/27/2019');
insert into SolicitarPrNP (idSucursal, idProducto, cantidadProducto, fechaCompra) values (13, 4975, 56, '11/04/2019');
insert into SolicitarPrNP (idSucursal, idProducto, cantidadProducto, fechaCompra) values (14, 4788, 30, '11/15/2019');
insert into SolicitarPrNP (idSucursal, idProducto, cantidadProducto, fechaCompra) values (15, 6980, 89, '11/03/2019');
insert into SolicitarPrNP (idSucursal, idProducto, cantidadProducto, fechaCompra) values (16, 3688, 63, '11/14/2019');
insert into SolicitarPrNP (idSucursal, idProducto, cantidadProducto, fechaCompra) values (17, 7670, 90, '11/08/2019');
insert into SolicitarPrNP (idSucursal, idProducto, cantidadProducto, fechaCompra) values (18, 1473, 81, '11/11/2019');
insert into SolicitarPrNP (idSucursal, idProducto, cantidadProducto, fechaCompra) values (19, 9145, 87, '11/03/2019');
insert into SolicitarPrNP (idSucursal, idProducto, cantidadProducto, fechaCompra) values (20, 660, 64, '11/11/2019');
insert into SolicitarPrNP (idSucursal, idProducto, cantidadProducto, fechaCompra) values (1, 2817, 74, '11/21/2019');
insert into SolicitarPrNP (idSucursal, idProducto, cantidadProducto, fechaCompra) values (2, 833, 61, '12/30/2019');
insert into SolicitarPrNP (idSucursal, idProducto, cantidadProducto, fechaCompra) values (3, 1473, 72, '12/22/2019');
insert into SolicitarPrNP (idSucursal, idProducto, cantidadProducto, fechaCompra) values (4, 6980, 85, '11/04/2019');
insert into SolicitarPrNP (idSucursal, idProducto, cantidadProducto, fechaCompra) values (5, 833, 79, '12/23/2019');
insert into SolicitarPrNP (idSucursal, idProducto, cantidadProducto, fechaCompra) values (6, 7475, 55, '11/30/2019');
insert into SolicitarPrNP (idSucursal, idProducto, cantidadProducto, fechaCompra) values (7, 317, 39, '12/13/2019');
insert into SolicitarPrNP (idSucursal, idProducto, cantidadProducto, fechaCompra) values (8, 2817, 19, '12/16/2019');
insert into SolicitarPrNP (idSucursal, idProducto, cantidadProducto, fechaCompra) values (9, 660, 15, '11/08/2019');
insert into SolicitarPrNP (idSucursal, idProducto, cantidadProducto, fechaCompra) values (10, 9145, 86, '11/24/2019');
insert into SolicitarPrNP (idSucursal, idProducto, cantidadProducto, fechaCompra) values (11, 6193, 54, '11/02/2019');
insert into SolicitarPrNP (idSucursal, idProducto, cantidadProducto, fechaCompra) values (12, 317, 67, '11/25/2019');
insert into SolicitarPrNP (idSucursal, idProducto, cantidadProducto, fechaCompra) values (13, 2817, 86, '11/16/2019');
insert into SolicitarPrNP (idSucursal, idProducto, cantidadProducto, fechaCompra) values (14, 5238, 93, '12/18/2019');
insert into SolicitarPrNP (idSucursal, idProducto, cantidadProducto, fechaCompra) values (15, 6230, 73, '11/17/2019');
insert into SolicitarPrNP (idSucursal, idProducto, cantidadProducto, fechaCompra) values (16, 4788, 3, '12/02/2019');
insert into SolicitarPrNP (idSucursal, idProducto, cantidadProducto, fechaCompra) values (17, 660, 91, '12/05/2019');
insert into SolicitarPrNP (idSucursal, idProducto, cantidadProducto, fechaCompra) values (18, 317, 99, '11/01/2019');
insert into SolicitarPrNP (idSucursal, idProducto, cantidadProducto, fechaCompra) values (19, 8394, 48, '11/26/2019');
insert into SolicitarPrNP (idSucursal, idProducto, cantidadProducto, fechaCompra) values (20, 6230, 80, '11/21/2019');
insert into SolicitarPrNP (idSucursal, idProducto, cantidadProducto, fechaCompra) values (1, 7670, 12, '12/14/2019');
insert into SolicitarPrNP (idSucursal, idProducto, cantidadProducto, fechaCompra) values (2, 397, 13, '11/16/2019');
insert into SolicitarPrNP (idSucursal, idProducto, cantidadProducto, fechaCompra) values (3, 4788, 22, '11/05/2019');
insert into SolicitarPrNP (idSucursal, idProducto, cantidadProducto, fechaCompra) values (4, 7035, 38, '12/22/2019');
insert into SolicitarPrNP (idSucursal, idProducto, cantidadProducto, fechaCompra) values (5, 3688, 18, '11/11/2019');
insert into SolicitarPrNP (idSucursal, idProducto, cantidadProducto, fechaCompra) values (6, 2817, 48, '12/24/2019');
insert into SolicitarPrNP (idSucursal, idProducto, cantidadProducto, fechaCompra) values (7, 8394, 37, '11/18/2019');
insert into SolicitarPrNP (idSucursal, idProducto, cantidadProducto, fechaCompra) values (8, 3688, 61, '12/01/2019');
insert into SolicitarPrNP (idSucursal, idProducto, cantidadProducto, fechaCompra) values (9, 9145, 12, '12/11/2019');
insert into SolicitarPrNP (idSucursal, idProducto, cantidadProducto, fechaCompra) values (10, 4788, 92, '11/22/2019');
insert into SolicitarPrNP (idSucursal, idProducto, cantidadProducto, fechaCompra) values (11, 833, 34, '12/20/2019');
insert into SolicitarPrNP (idSucursal, idProducto, cantidadProducto, fechaCompra) values (12, 6193, 97, '11/10/2019');
insert into SolicitarPrNP (idSucursal, idProducto, cantidadProducto, fechaCompra) values (13, 9145, 24, '11/19/2019');
insert into SolicitarPrNP (idSucursal, idProducto, cantidadProducto, fechaCompra) values (14, 6980, 73, '11/06/2019');
insert into SolicitarPrNP (idSucursal, idProducto, cantidadProducto, fechaCompra) values (15, 6230, 97, '12/27/2019');
insert into SolicitarPrNP (idSucursal, idProducto, cantidadProducto, fechaCompra) values (16, 5238, 28, '11/27/2019');
insert into SolicitarPrNP (idSucursal, idProducto, cantidadProducto, fechaCompra) values (17, 1473, 12, '11/27/2019');
insert into SolicitarPrNP (idSucursal, idProducto, cantidadProducto, fechaCompra) values (18, 833, 8, '12/12/2019');
insert into SolicitarPrNP (idSucursal, idProducto, cantidadProducto, fechaCompra) values (19, 5238, 91, '11/02/2019');
insert into SolicitarPrNP (idSucursal, idProducto, cantidadProducto, fechaCompra) values (20, 6980, 9, '11/23/2019');
insert into SolicitarPrNP (idSucursal, idProducto, cantidadProducto, fechaCompra) values (1, 7035, 52, '12/03/2019');
insert into SolicitarPrNP (idSucursal, idProducto, cantidadProducto, fechaCompra) values (2, 4788, 61, '11/05/2019');
insert into SolicitarPrNP (idSucursal, idProducto, cantidadProducto, fechaCompra) values (3, 1473, 57, '12/09/2019');
insert into SolicitarPrNP (idSucursal, idProducto, cantidadProducto, fechaCompra) values (4, 6230, 87, '12/06/2019');
insert into SolicitarPrNP (idSucursal, idProducto, cantidadProducto, fechaCompra) values (5, 4975, 62, '11/01/2019');
insert into SolicitarPrNP (idSucursal, idProducto, cantidadProducto, fechaCompra) values (6, 2817, 19, '11/06/2019');
insert into SolicitarPrNP (idSucursal, idProducto, cantidadProducto, fechaCompra) values (7, 7670, 29, '11/19/2019');
insert into SolicitarPrNP (idSucursal, idProducto, cantidadProducto, fechaCompra) values (8, 7475, 97, '11/21/2019');
insert into SolicitarPrNP (idSucursal, idProducto, cantidadProducto, fechaCompra) values (9, 660, 13, '12/08/2019');
insert into SolicitarPrNP (idSucursal, idProducto, cantidadProducto, fechaCompra) values (10, 7035, 26, '12/17/2019');
insert into SolicitarPrNP (idSucursal, idProducto, cantidadProducto, fechaCompra) values (11, 6980, 14, '12/19/2019');
insert into SolicitarPrNP (idSucursal, idProducto, cantidadProducto, fechaCompra) values (12, 8191, 73, '11/16/2019');
insert into SolicitarPrNP (idSucursal, idProducto, cantidadProducto, fechaCompra) values (13, 8191, 53, '11/29/2019');
insert into SolicitarPrNP (idSucursal, idProducto, cantidadProducto, fechaCompra) values (14, 7035, 36, '12/13/2019');
insert into SolicitarPrNP (idSucursal, idProducto, cantidadProducto, fechaCompra) values (15, 7035, 71, '11/08/2019');
insert into SolicitarPrNP (idSucursal, idProducto, cantidadProducto, fechaCompra) values (16, 8394, 8, '12/24/2019');
insert into SolicitarPrNP (idSucursal, idProducto, cantidadProducto, fechaCompra) values (17, 6980, 38, '12/18/2019');
insert into SolicitarPrNP (idSucursal, idProducto, cantidadProducto, fechaCompra) values (18, 5238, 9, '11/28/2019');
insert into SolicitarPrNP (idSucursal, idProducto, cantidadProducto, fechaCompra) values (19, 397, 8, '11/19/2019');
insert into SolicitarPrNP (idSucursal, idProducto, cantidadProducto, fechaCompra) values (20, 4788, 70, '11/30/2019');

insert into ClienteDefault(idClienteD) values (0001);

insert into Pertenecer (idCliente, idSucursal) values ('0001', 1);
insert into Pertenecer (idCliente, idSucursal) values ('0001', 2);
insert into Pertenecer (idCliente, idSucursal) values ('0001', 3);
insert into Pertenecer (idCliente, idSucursal) values ('0001', 4);
insert into Pertenecer (idCliente, idSucursal) values ('0001', 5);
insert into Pertenecer (idCliente, idSucursal) values ('0001', 6);
insert into Pertenecer (idCliente, idSucursal) values ('0001', 7);
insert into Pertenecer (idCliente, idSucursal) values ('0001', 8);
insert into Pertenecer (idCliente, idSucursal) values ('0001', 9);
insert into Pertenecer (idCliente, idSucursal) values ('0001', 10);
insert into Pertenecer (idCliente, idSucursal) values ('0001', 11);
insert into Pertenecer (idCliente, idSucursal) values ('0001', 12);
insert into Pertenecer (idCliente, idSucursal) values ('0001', 13);
insert into Pertenecer (idCliente, idSucursal) values ('0001', 14);
insert into Pertenecer (idCliente, idSucursal) values ('0001', 15);
insert into Pertenecer (idCliente, idSucursal) values ('0001', 16);
insert into Pertenecer (idCliente, idSucursal) values ('0001', 17);
insert into Pertenecer (idCliente, idSucursal) values ('0001', 18);
insert into Pertenecer (idCliente, idSucursal) values ('0001', 19);
insert into Pertenecer (idCliente, idSucursal) values ('0001', 20);

insert into PedidoDomicilioD (numPedidoDD, idCliente, fechaPedido, formaPago, CURP) values (1, '0001', '02/05/2019', 'Tarjeta', 'MAVC19931124MCBIH8');
insert into PedidoDomicilioD (numPedidoDD, idCliente, fechaPedido, formaPago, CURP) values (2, '0001', '06/18/2018', 'Efectivo', 'ZUTA19861113FAPHR8');
insert into PedidoDomicilioD (numPedidoDD, idCliente, fechaPedido, formaPago, CURP) values (3, '0001', '03/26/2019', 'Efectivo', 'ASMS19951126MSEIH4');
insert into PedidoDomicilioD (numPedidoDD, idCliente, fechaPedido, formaPago, CURP) values (4, '0001', '08/17/2019', 'Efectivo', 'STSC19911120FCOCO4');
insert into PedidoDomicilioD (numPedidoDD, idCliente, fechaPedido, formaPago, CURP) values (5, '0001', '10/06/2018', 'Tarjeta', 'OLMJ19881115MJYEE9');
insert into PedidoDomicilioD (numPedidoDD, idCliente, fechaPedido, formaPago, CURP) values (6, '0001', '12/12/2018', 'Tarjeta', 'TOVK19931019MKFEN2');
insert into PedidoDomicilioD (numPedidoDD, idCliente, fechaPedido, formaPago, CURP) values (7, '0001', '03/07/2018', 'Tarjeta', 'STMG19931213FGUOI3');
insert into PedidoDomicilioD (numPedidoDD, idCliente, fechaPedido, formaPago, CURP) values (8, '0001', '11/25/2019', 'Efectivo', 'SHEA19991023FAADL8');
insert into PedidoDomicilioD (numPedidoDD, idCliente, fechaPedido, formaPago, CURP) values (9, '0001', '07/09/2019', 'Tarjeta', 'DEPJ19961026FJNAA1');
insert into PedidoDomicilioD (numPedidoDD, idCliente, fechaPedido, formaPago, CURP) values (10, '0001', '10/31/2019', 'Efectivo', 'MAVC19931124MCBIH8');
insert into PedidoDomicilioD (numPedidoDD, idCliente, fechaPedido, formaPago, CURP) values (11, '0001', '10/01/2019', 'Tarjeta', 'MCEA19941016FAHMR2');
insert into PedidoDomicilioD (numPedidoDD, idCliente, fechaPedido, formaPago, CURP) values (12, '0001', '03/01/2019', 'Tarjeta', 'GOMT19931117MTUIR4');
insert into PedidoDomicilioD (numPedidoDD, idCliente, fechaPedido, formaPago, CURP) values (13, '0001', '03/02/2019', 'Tarjeta', 'CHDL19911124MLEUI2');
insert into PedidoDomicilioD (numPedidoDD, idCliente, fechaPedido, formaPago, CURP) values (14, '0001', '06/03/2018', 'Tarjeta', 'STSC19911120FCOCO4');
insert into PedidoDomicilioD (numPedidoDD, idCliente, fechaPedido, formaPago, CURP) values (15, '0001', '07/13/2019', 'Tarjeta', 'CHSA19951215FAAML6');
insert into PedidoDomicilioD (numPedidoDD, idCliente, fechaPedido, formaPago, CURP) values (16, '0001', '04/07/2019', 'Tarjeta', 'PIHE19841211FETAV7');
insert into PedidoDomicilioD (numPedidoDD, idCliente, fechaPedido, formaPago, CURP) values (17, '0001', '09/25/2019', 'Efectivo', 'ZUTA19861113FAPHR8');
insert into PedidoDomicilioD (numPedidoDD, idCliente, fechaPedido, formaPago, CURP) values (18, '0001', '04/14/2019', 'Tarjeta', 'CHDL19911124MLEUI2');
insert into PedidoDomicilioD (numPedidoDD, idCliente, fechaPedido, formaPago, CURP) values (19, '0001', '11/27/2018', 'Efectivo', 'MCEA19941016FAHMR2');
insert into PedidoDomicilioD (numPedidoDD, idCliente, fechaPedido, formaPago, CURP) values (20, '0001', '07/21/2019', 'Efectivo', 'STSC19911120FCOCO4');
insert into PedidoDomicilioD (numPedidoDD, idCliente, fechaPedido, formaPago, CURP) values (21, '0001', '05/19/2019', 'Efectivo', 'BUDB20001020FBGUR7');
insert into PedidoDomicilioD (numPedidoDD, idCliente, fechaPedido, formaPago, CURP) values (22, '0001', '10/16/2018', 'Efectivo', 'ONWG19931020FGEOE3');
insert into PedidoDomicilioD (numPedidoDD, idCliente, fechaPedido, formaPago, CURP) values (23, '0001', '03/20/2018', 'Efectivo', 'PIHE19841211FETAV7');
insert into PedidoDomicilioD (numPedidoDD, idCliente, fechaPedido, formaPago, CURP) values (24, '0001', '12/20/2018', 'Efectivo', 'MOTD19821127MDUWE4');
insert into PedidoDomicilioD (numPedidoDD, idCliente, fechaPedido, formaPago, CURP) values (25, '0001', '03/19/2018', 'Efectivo', 'STSC19911120FCOCO4');
insert into PedidoDomicilioD (numPedidoDD, idCliente, fechaPedido, formaPago, CURP) values (26, '0001', '12/03/2019', 'Tarjeta', 'ROLC19981014MCWOA3');
insert into PedidoDomicilioD (numPedidoDD, idCliente, fechaPedido, formaPago, CURP) values (27, '0001', '07/26/2018', 'Efectivo', 'ADSK19991027MKDHA2');
insert into PedidoDomicilioD (numPedidoDD, idCliente, fechaPedido, formaPago, CURP) values (28, '0001', '04/30/2018', 'Efectivo', 'BUDB20001020FBGUR7');
insert into PedidoDomicilioD (numPedidoDD, idCliente, fechaPedido, formaPago, CURP) values (29, '0001', '02/18/2019', 'Efectivo', 'LEPG19811219MGTRI6');
insert into PedidoDomicilioD (numPedidoDD, idCliente, fechaPedido, formaPago, CURP) values (30, '0001', '03/04/2019', 'Tarjeta', 'GOMT19931117MTUIR4');
insert into PedidoDomicilioD (numPedidoDD, idCliente, fechaPedido, formaPago, CURP) values (31, '0001', '08/18/2018', 'Efectivo', 'ONWG19931020FGEOE3');
insert into PedidoDomicilioD (numPedidoDD, idCliente, fechaPedido, formaPago, CURP) values (32, '0001', '12/29/2018', 'Efectivo', 'LOBS19831229FSTAA6');
insert into PedidoDomicilioD (numPedidoDD, idCliente, fechaPedido, formaPago, CURP) values (33, '0001', '05/05/2019', 'Tarjeta', 'MUCI19871124MIIHV7');
insert into PedidoDomicilioD (numPedidoDD, idCliente, fechaPedido, formaPago, CURP) values (34, '0001', '12/20/2019', 'Efectivo', 'TOVK19931019MKFEN2');
insert into PedidoDomicilioD (numPedidoDD, idCliente, fechaPedido, formaPago, CURP) values (35, '0001', '10/30/2019', 'Efectivo', 'BUDB20001020FBGUR7');
insert into PedidoDomicilioD (numPedidoDD, idCliente, fechaPedido, formaPago, CURP) values (36, '0001', '09/07/2019', 'Tarjeta', 'ADSK19991027MKDHA2');
insert into PedidoDomicilioD (numPedidoDD, idCliente, fechaPedido, formaPago, CURP) values (37, '0001', '10/30/2018', 'Efectivo', 'MCEA19941016FAHMR2');
insert into PedidoDomicilioD (numPedidoDD, idCliente, fechaPedido, formaPago, CURP) values (38, '0001', '08/25/2018', 'Efectivo', 'WODC19851018MCOEL5');
insert into PedidoDomicilioD (numPedidoDD, idCliente, fechaPedido, formaPago, CURP) values (39, '0001', '10/10/2019', 'Tarjeta', 'ZUTA19861113FAPHR8');
insert into PedidoDomicilioD (numPedidoDD, idCliente, fechaPedido, formaPago, CURP) values (40, '0001', '10/16/2019', 'Efectivo', 'CAAI19871121FILPD1');
insert into PedidoDomicilioD (numPedidoDD, idCliente, fechaPedido, formaPago, CURP) values (41, '0001', '06/02/2019', 'Tarjeta', 'DEPJ19961026FJNAA1');
insert into PedidoDomicilioD (numPedidoDD, idCliente, fechaPedido, formaPago, CURP) values (42, '0001', '04/18/2019', 'Efectivo', 'BOPT19801122MTSAR8');
insert into PedidoDomicilioD (numPedidoDD, idCliente, fechaPedido, formaPago, CURP) values (43, '0001', '07/18/2018', 'Efectivo', 'DEPJ19961026FJNAA1');
insert into PedidoDomicilioD (numPedidoDD, idCliente, fechaPedido, formaPago, CURP) values (44, '0001', '06/06/2019', 'Tarjeta', 'REHL19911019MLAOU9');
insert into PedidoDomicilioD (numPedidoDD, idCliente, fechaPedido, formaPago, CURP) values (45, '0001', '08/15/2018', 'Efectivo', 'SHEA19991023FAADL8');
insert into PedidoDomicilioD (numPedidoDD, idCliente, fechaPedido, formaPago, CURP) values (46, '0001', '05/31/2019', 'Efectivo', 'ZUTA19861113FAPHR8');
insert into PedidoDomicilioD (numPedidoDD, idCliente, fechaPedido, formaPago, CURP) values (47, '0001', '04/26/2018', 'Efectivo', 'REHL19911019MLAOU9');
insert into PedidoDomicilioD (numPedidoDD, idCliente, fechaPedido, formaPago, CURP) values (48, '0001', '11/01/2018', 'Tarjeta', 'ONWG19931020FGEOE3');
insert into PedidoDomicilioD (numPedidoDD, idCliente, fechaPedido, formaPago, CURP) values (49, '0001', '04/12/2019', 'Tarjeta', 'FUHL19931022MLSAY5');
insert into PedidoDomicilioD (numPedidoDD, idCliente, fechaPedido, formaPago, CURP) values (50, '0001', '11/07/2019', 'Tarjeta', 'SHEA19991023FAADL8');
insert into PedidoDomicilioD (numPedidoDD, idCliente, fechaPedido, formaPago, CURP) values (51, '0001', '04/29/2019', 'Efectivo', 'WODC19851018MCOEL5');
insert into PedidoDomicilioD (numPedidoDD, idCliente, fechaPedido, formaPago, CURP) values (52, '0001', '05/04/2019', 'Tarjeta', 'STSC19911120FCOCO4');
insert into PedidoDomicilioD (numPedidoDD, idCliente, fechaPedido, formaPago, CURP) values (53, '0001', '10/24/2019', 'Efectivo', 'ROHO19941021MOSAL2');
insert into PedidoDomicilioD (numPedidoDD, idCliente, fechaPedido, formaPago, CURP) values (54, '0001', '05/30/2018', 'Efectivo', 'STSC19911120FCOCO4');
insert into PedidoDomicilioD (numPedidoDD, idCliente, fechaPedido, formaPago, CURP) values (55, '0001', '10/30/2019', 'Efectivo', 'LEBC19831123FCMER7');
insert into PedidoDomicilioD (numPedidoDD, idCliente, fechaPedido, formaPago, CURP) values (56, '0001', '10/28/2018', 'Efectivo', 'GOMT19931117MTUIR4');
insert into PedidoDomicilioD (numPedidoDD, idCliente, fechaPedido, formaPago, CURP) values (57, '0001', '09/10/2019', 'Tarjeta', 'CHDL19911124MLEUI2');
insert into PedidoDomicilioD (numPedidoDD, idCliente, fechaPedido, formaPago, CURP) values (58, '0001', '08/17/2018', 'Efectivo', 'DEPJ19961026FJNAA1');
insert into PedidoDomicilioD (numPedidoDD, idCliente, fechaPedido, formaPago, CURP) values (59, '0001', '09/25/2019', 'Efectivo', 'REHL19911019MLAOU9');
insert into PedidoDomicilioD (numPedidoDD, idCliente, fechaPedido, formaPago, CURP) values (60, '0001', '04/09/2019', 'Tarjeta', 'ROHO19941021MOSAL2');
insert into PedidoDomicilioD (numPedidoDD, idCliente, fechaPedido, formaPago, CURP) values (61, '0001', '07/23/2018', 'Efectivo', 'OBTP19931123FPCRI5');
insert into PedidoDomicilioD (numPedidoDD, idCliente, fechaPedido, formaPago, CURP) values (62, '0001', '03/20/2018', 'Efectivo', 'BESG19921029FGACU2');
insert into PedidoDomicilioD (numPedidoDD, idCliente, fechaPedido, formaPago, CURP) values (63, '0001', '09/28/2019', 'Efectivo', 'ZUTA19861113FAPHR8');
insert into PedidoDomicilioD (numPedidoDD, idCliente, fechaPedido, formaPago, CURP) values (64, '0001', '09/27/2018', 'Efectivo', 'MCSL19801010MLAEO4');
insert into PedidoDomicilioD (numPedidoDD, idCliente, fechaPedido, formaPago, CURP) values (65, '0001', '06/28/2018', 'Efectivo', 'LEPG19811219MGTRI6');
insert into PedidoDomicilioD (numPedidoDD, idCliente, fechaPedido, formaPago, CURP) values (66, '0001', '02/17/2019', 'Efectivo', 'CAAI19871121FILPD1');
insert into PedidoDomicilioD (numPedidoDD, idCliente, fechaPedido, formaPago, CURP) values (67, '0001', '12/03/2019', 'Tarjeta', 'WODC19851018MCOEL5');
insert into PedidoDomicilioD (numPedidoDD, idCliente, fechaPedido, formaPago, CURP) values (68, '0001', '04/15/2018', 'Efectivo', 'LOTR19931026MRSOO7');
insert into PedidoDomicilioD (numPedidoDD, idCliente, fechaPedido, formaPago, CURP) values (69, '0001', '11/19/2019', 'Efectivo', 'STSC19911120FCOCO4');
insert into PedidoDomicilioD (numPedidoDD, idCliente, fechaPedido, formaPago, CURP) values (70, '0001', '07/25/2018', 'Efectivo', 'MUCI19871124MIIHV7');
insert into PedidoDomicilioD (numPedidoDD, idCliente, fechaPedido, formaPago, CURP) values (71, '0001', '10/28/2019', 'Efectivo', 'SHEA19991023FAADL8');
insert into PedidoDomicilioD (numPedidoDD, idCliente, fechaPedido, formaPago, CURP) values (72, '0001', '07/26/2019', 'Efectivo', 'SAHC19991025FCBOH1');
insert into PedidoDomicilioD (numPedidoDD, idCliente, fechaPedido, formaPago, CURP) values (73, '0001', '08/30/2019', 'Efectivo', 'MOTD19821127MDUWE4');
insert into PedidoDomicilioD (numPedidoDD, idCliente, fechaPedido, formaPago, CURP) values (74, '0001', '08/16/2018', 'Efectivo', 'GOMT19931117MTUIR4');
insert into PedidoDomicilioD (numPedidoDD, idCliente, fechaPedido, formaPago, CURP) values (75, '0001', '01/11/2019', 'Tarjeta', 'LEHM19901110MMLAA3');
insert into PedidoDomicilioD (numPedidoDD, idCliente, fechaPedido, formaPago, CURP) values (76, '0001', '10/03/2019', 'Tarjeta', 'TOVK19931019MKFEN2');
insert into PedidoDomicilioD (numPedidoDD, idCliente, fechaPedido, formaPago, CURP) values (77, '0001', '07/13/2018', 'Tarjeta', 'OBTP19931123FPCRI5');
insert into PedidoDomicilioD (numPedidoDD, idCliente, fechaPedido, formaPago, CURP) values (78, '0001', '05/12/2018', 'Tarjeta', 'LEHM19901110MMLAA3');
insert into PedidoDomicilioD (numPedidoDD, idCliente, fechaPedido, formaPago, CURP) values (79, '0001', '06/03/2018', 'Tarjeta', 'STSC19911120FCOCO4');
insert into PedidoDomicilioD (numPedidoDD, idCliente, fechaPedido, formaPago, CURP) values (80, '0001', '05/27/2019', 'Efectivo', 'CAAI19871121FILPD1');
insert into PedidoDomicilioD (numPedidoDD, idCliente, fechaPedido, formaPago, CURP) values (81, '0001', '07/26/2019', 'Efectivo', 'SHEA19991023FAADL8');
insert into PedidoDomicilioD (numPedidoDD, idCliente, fechaPedido, formaPago, CURP) values (82, '0001', '11/25/2018', 'Efectivo', 'PIHE19841211FETAV7');
insert into PedidoDomicilioD (numPedidoDD, idCliente, fechaPedido, formaPago, CURP) values (83, '0001', '04/13/2018', 'Tarjeta', 'STSC19911120FCOCO4');
insert into PedidoDomicilioD (numPedidoDD, idCliente, fechaPedido, formaPago, CURP) values (84, '0001', '07/10/2019', 'Tarjeta', 'SPRA19831210MAOON5');
insert into PedidoDomicilioD (numPedidoDD, idCliente, fechaPedido, formaPago, CURP) values (85, '0001', '09/10/2019', 'Tarjeta', 'STMG19931213FGUOI3');
insert into PedidoDomicilioD (numPedidoDD, idCliente, fechaPedido, formaPago, CURP) values (86, '0001', '03/10/2018', 'Tarjeta', 'GRMG19811214MGAIE3');
insert into PedidoDomicilioD (numPedidoDD, idCliente, fechaPedido, formaPago, CURP) values (87, '0001', '06/15/2019', 'Efectivo', 'STSC19911120FCOCO4');
insert into PedidoDomicilioD (numPedidoDD, idCliente, fechaPedido, formaPago, CURP) values (88, '0001', '06/01/2019', 'Tarjeta', 'WAPE19941112FELAS3');
insert into PedidoDomicilioD (numPedidoDD, idCliente, fechaPedido, formaPago, CURP) values (89, '0001', '06/30/2019', 'Efectivo', 'MAVC19931124MCBIH8');
insert into PedidoDomicilioD (numPedidoDD, idCliente, fechaPedido, formaPago, CURP) values (90, '0001', '05/19/2019', 'Efectivo', 'WAPE19941112FELAS3');
insert into PedidoDomicilioD (numPedidoDD, idCliente, fechaPedido, formaPago, CURP) values (91, '0001', '06/09/2018', 'Tarjeta', 'PIHE19841211FETAV7');
insert into PedidoDomicilioD (numPedidoDD, idCliente, fechaPedido, formaPago, CURP) values (92, '0001', '10/17/2019', 'Efectivo', 'SPRA19831210MAOON5');
insert into PedidoDomicilioD (numPedidoDD, idCliente, fechaPedido, formaPago, CURP) values (93, '0001', '03/30/2019', 'Efectivo', 'TOVK19931019MKFEN2');
insert into PedidoDomicilioD (numPedidoDD, idCliente, fechaPedido, formaPago, CURP) values (94, '0001', '03/24/2019', 'Efectivo', 'CHSA19951215FAAML6');
insert into PedidoDomicilioD (numPedidoDD, idCliente, fechaPedido, formaPago, CURP) values (95, '0001', '02/08/2019', 'Tarjeta', 'OLMJ19881115MJYEE9');
insert into PedidoDomicilioD (numPedidoDD, idCliente, fechaPedido, formaPago, CURP) values (96, '0001', '12/29/2018', 'Efectivo', 'SPRA19831210MAOON5');
insert into PedidoDomicilioD (numPedidoDD, idCliente, fechaPedido, formaPago, CURP) values (97, '0001', '01/01/2019', 'Tarjeta', 'BESG19921029FGACU2');
insert into PedidoDomicilioD (numPedidoDD, idCliente, fechaPedido, formaPago, CURP) values (98, '0001', '12/08/2018', 'Tarjeta', 'GOMT19931117MTUIR4');
insert into PedidoDomicilioD (numPedidoDD, idCliente, fechaPedido, formaPago, CURP) values (99, '0001', '11/26/2019', 'Efectivo', 'ROLC19981014MCWOA3');
insert into PedidoDomicilioD (numPedidoDD, idCliente, fechaPedido, formaPago, CURP) values (100, '0001', '11/27/2018', 'Efectivo', 'LOBS19831229FSTAA6');
insert into PedidoDomicilioD (numPedidoDD, idCliente, fechaPedido, formaPago, CURP) values (101, '0001', '06/15/2019', 'Efectivo', 'STMG19931213FGUOI3');
insert into PedidoDomicilioD (numPedidoDD, idCliente, fechaPedido, formaPago, CURP) values (102, '0001', '04/20/2018', 'Efectivo', 'ASMS19951126MSEIH4');
insert into PedidoDomicilioD (numPedidoDD, idCliente, fechaPedido, formaPago, CURP) values (103, '0001', '03/08/2019', 'Tarjeta', 'ONWG19931020FGEOE3');
insert into PedidoDomicilioD (numPedidoDD, idCliente, fechaPedido, formaPago, CURP) values (104, '0001', '12/31/2018', 'Efectivo', 'SAHC19991025FCBOH1');
insert into PedidoDomicilioD (numPedidoDD, idCliente, fechaPedido, formaPago, CURP) values (105, '0001', '12/12/2019', 'Tarjeta', 'GOMT19931117MTUIR4');
insert into PedidoDomicilioD (numPedidoDD, idCliente, fechaPedido, formaPago, CURP) values (106, '0001', '05/29/2018', 'Efectivo', 'MCEA19941016FAHMR2');
insert into PedidoDomicilioD (numPedidoDD, idCliente, fechaPedido, formaPago, CURP) values (107, '0001', '05/26/2018', 'Efectivo', 'BESG19921029FGACU2');
insert into PedidoDomicilioD (numPedidoDD, idCliente, fechaPedido, formaPago, CURP) values (108, '0001', '01/08/2019', 'Tarjeta', 'FUHL19931022MLSAY5');
insert into PedidoDomicilioD (numPedidoDD, idCliente, fechaPedido, formaPago, CURP) values (109, '0001', '12/12/2018', 'Tarjeta', 'SPRA19831210MAOON5');
insert into PedidoDomicilioD (numPedidoDD, idCliente, fechaPedido, formaPago, CURP) values (110, '0001', '04/03/2019', 'Tarjeta', 'OBTP19931123FPCRI5');
insert into PedidoDomicilioD (numPedidoDD, idCliente, fechaPedido, formaPago, CURP) values (111, '0001', '08/24/2018', 'Efectivo', 'ROLC19981014MCWOA3');
insert into PedidoDomicilioD (numPedidoDD, idCliente, fechaPedido, formaPago, CURP) values (112, '0001', '11/05/2018', 'Tarjeta', 'ROLC19981014MCWOA3');
insert into PedidoDomicilioD (numPedidoDD, idCliente, fechaPedido, formaPago, CURP) values (113, '0001', '08/02/2019', 'Tarjeta', 'FUHL19931022MLSAY5');
insert into PedidoDomicilioD (numPedidoDD, idCliente, fechaPedido, formaPago, CURP) values (114, '0001', '08/24/2019', 'Efectivo', 'LOTR19931026MRSOO7');
insert into PedidoDomicilioD (numPedidoDD, idCliente, fechaPedido, formaPago, CURP) values (115, '0001', '05/29/2019', 'Efectivo', 'TOVK19931019MKFEN2');
insert into PedidoDomicilioD (numPedidoDD, idCliente, fechaPedido, formaPago, CURP) values (116, '0001', '08/06/2018', 'Tarjeta', 'WAPE19941112FELAS3');
insert into PedidoDomicilioD (numPedidoDD, idCliente, fechaPedido, formaPago, CURP) values (117, '0001', '04/17/2019', 'Efectivo', 'STSC19911120FCOCO4');
insert into PedidoDomicilioD (numPedidoDD, idCliente, fechaPedido, formaPago, CURP) values (118, '0001', '11/25/2018', 'Efectivo', 'CHDL19911124MLEUI2');
insert into PedidoDomicilioD (numPedidoDD, idCliente, fechaPedido, formaPago, CURP) values (119, '0001', '04/29/2019', 'Efectivo', 'LEBC19831123FCMER7');
insert into PedidoDomicilioD (numPedidoDD, idCliente, fechaPedido, formaPago, CURP) values (120, '0001', '11/15/2018', 'Efectivo', 'LEPG19811219MGTRI6');
insert into PedidoDomicilioD (numPedidoDD, idCliente, fechaPedido, formaPago, CURP) values (121, '0001', '10/19/2019', 'Efectivo', 'WODC19851018MCOEL5');
insert into PedidoDomicilioD (numPedidoDD, idCliente, fechaPedido, formaPago, CURP) values (122, '0001', '10/03/2019', 'Tarjeta', 'ZUTA19861113FAPHR8');
insert into PedidoDomicilioD (numPedidoDD, idCliente, fechaPedido, formaPago, CURP) values (123, '0001', '06/03/2019', 'Tarjeta', 'SHEA19991023FAADL8');
insert into PedidoDomicilioD (numPedidoDD, idCliente, fechaPedido, formaPago, CURP) values (124, '0001', '09/11/2018', 'Tarjeta', 'LEBC19831123FCMER7');
insert into PedidoDomicilioD (numPedidoDD, idCliente, fechaPedido, formaPago, CURP) values (125, '0001', '03/01/2019', 'Tarjeta', 'LOTR19931026MRSOO7');
insert into PedidoDomicilioD (numPedidoDD, idCliente, fechaPedido, formaPago, CURP) values (126, '0001', '06/23/2018', 'Efectivo', 'ADSK19991027MKDHA2');
insert into PedidoDomicilioD (numPedidoDD, idCliente, fechaPedido, formaPago, CURP) values (127, '0001', '08/11/2019', 'Tarjeta', 'MCEA19941016FAHMR2');
insert into PedidoDomicilioD (numPedidoDD, idCliente, fechaPedido, formaPago, CURP) values (128, '0001', '06/23/2018', 'Efectivo', 'SHEA19991023FAADL8');
insert into PedidoDomicilioD (numPedidoDD, idCliente, fechaPedido, formaPago, CURP) values (129, '0001', '04/09/2018', 'Tarjeta', 'LOTR19931026MRSOO7');
insert into PedidoDomicilioD (numPedidoDD, idCliente, fechaPedido, formaPago, CURP) values (130, '0001', '10/18/2019', 'Efectivo', 'SPRA19831210MAOON5');
insert into PedidoDomicilioD (numPedidoDD, idCliente, fechaPedido, formaPago, CURP) values (131, '0001', '12/29/2019', 'Efectivo', 'LOBS19831229FSTAA6');
insert into PedidoDomicilioD (numPedidoDD, idCliente, fechaPedido, formaPago, CURP) values (132, '0001', '04/11/2018', 'Tarjeta', 'BUDB20001020FBGUR7');
insert into PedidoDomicilioD (numPedidoDD, idCliente, fechaPedido, formaPago, CURP) values (133, '0001', '07/09/2018', 'Tarjeta', 'FUHL19931022MLSAY5');
insert into PedidoDomicilioD (numPedidoDD, idCliente, fechaPedido, formaPago, CURP) values (134, '0001', '09/26/2019', 'Efectivo', 'WODC19851018MCOEL5');
insert into PedidoDomicilioD (numPedidoDD, idCliente, fechaPedido, formaPago, CURP) values (135, '0001', '06/09/2019', 'Tarjeta', 'FUHL19931022MLSAY5');
insert into PedidoDomicilioD (numPedidoDD, idCliente, fechaPedido, formaPago, CURP) values (136, '0001', '06/08/2019', 'Tarjeta', 'WAPE19941112FELAS3');
insert into PedidoDomicilioD (numPedidoDD, idCliente, fechaPedido, formaPago, CURP) values (137, '0001', '09/26/2019', 'Efectivo', 'GOMT19931117MTUIR4');
insert into PedidoDomicilioD (numPedidoDD, idCliente, fechaPedido, formaPago, CURP) values (138, '0001', '05/19/2018', 'Efectivo', 'SAHC19991025FCBOH1');
insert into PedidoDomicilioD (numPedidoDD, idCliente, fechaPedido, formaPago, CURP) values (139, '0001', '09/16/2018', 'Efectivo', 'MCSL19801010MLAEO4');
insert into PedidoDomicilioD (numPedidoDD, idCliente, fechaPedido, formaPago, CURP) values (140, '0001', '03/29/2018', 'Efectivo', 'STMG19931213FGUOI3');
insert into PedidoDomicilioD (numPedidoDD, idCliente, fechaPedido, formaPago, CURP) values (141, '0001', '04/09/2019', 'Tarjeta', 'WAPE19941112FELAS3');
insert into PedidoDomicilioD (numPedidoDD, idCliente, fechaPedido, formaPago, CURP) values (142, '0001', '03/23/2019', 'Efectivo', 'SAHC19991025FCBOH1');
insert into PedidoDomicilioD (numPedidoDD, idCliente, fechaPedido, formaPago, CURP) values (143, '0001', '06/14/2019', 'Tarjeta', 'MAVC19931124MCBIH8');
insert into PedidoDomicilioD (numPedidoDD, idCliente, fechaPedido, formaPago, CURP) values (144, '0001', '08/16/2018', 'Efectivo', 'GRMG19811214MGAIE3');
insert into PedidoDomicilioD (numPedidoDD, idCliente, fechaPedido, formaPago, CURP) values (145, '0001', '11/11/2019', 'Tarjeta', 'MCSL19801010MLAEO4');
insert into PedidoDomicilioD (numPedidoDD, idCliente, fechaPedido, formaPago, CURP) values (146, '0001', '11/07/2019', 'Tarjeta', 'OBTP19931123FPCRI5');
insert into PedidoDomicilioD (numPedidoDD, idCliente, fechaPedido, formaPago, CURP) values (147, '0001', '12/14/2018', 'Tarjeta', 'CHDL19911124MLEUI2');
insert into PedidoDomicilioD (numPedidoDD, idCliente, fechaPedido, formaPago, CURP) values (148, '0001', '05/05/2018', 'Tarjeta', 'OLMJ19881115MJYEE9');
insert into PedidoDomicilioD (numPedidoDD, idCliente, fechaPedido, formaPago, CURP) values (149, '0001', '06/25/2019', 'Efectivo', 'ONWG19931020FGEOE3');
insert into PedidoDomicilioD (numPedidoDD, idCliente, fechaPedido, formaPago, CURP) values (150, '0001', '05/08/2018', 'Tarjeta', 'ONWG19931020FGEOE3');

insert into PedidoPersonalD (numPedidoPD, idCliente, fechaPedido, formaPago) values (1, '0001', '03/06/2019', 'Tarjeta');
insert into PedidoPersonalD (numPedidoPD, idCliente, fechaPedido, formaPago) values (2, '0001', '03/24/2019', 'Efectivo');
insert into PedidoPersonalD (numPedidoPD, idCliente, fechaPedido, formaPago) values (3, '0001', '04/12/2019', 'Tarjeta');
insert into PedidoPersonalD (numPedidoPD, idCliente, fechaPedido, formaPago) values (4, '0001', '12/11/2019', 'Tarjeta');
insert into PedidoPersonalD (numPedidoPD, idCliente, fechaPedido, formaPago) values (5, '0001', '09/11/2018', 'Tarjeta');
insert into PedidoPersonalD (numPedidoPD, idCliente, fechaPedido, formaPago) values (6, '0001', '05/03/2019', 'Tarjeta');
insert into PedidoPersonalD (numPedidoPD, idCliente, fechaPedido, formaPago) values (7, '0001', '07/13/2019', 'Tarjeta');
insert into PedidoPersonalD (numPedidoPD, idCliente, fechaPedido, formaPago) values (8, '0001', '05/18/2019', 'Efectivo');
insert into PedidoPersonalD (numPedidoPD, idCliente, fechaPedido, formaPago) values (9, '0001', '11/10/2019', 'Tarjeta');
insert into PedidoPersonalD (numPedidoPD, idCliente, fechaPedido, formaPago) values (10, '0001', '12/27/2019', 'Efectivo');
insert into PedidoPersonalD (numPedidoPD, idCliente, fechaPedido, formaPago) values (11, '0001', '03/12/2018', 'Tarjeta');
insert into PedidoPersonalD (numPedidoPD, idCliente, fechaPedido, formaPago) values (12, '0001', '11/03/2018', 'Tarjeta');
insert into PedidoPersonalD (numPedidoPD, idCliente, fechaPedido, formaPago) values (13, '0001', '10/31/2018', 'Efectivo');
insert into PedidoPersonalD (numPedidoPD, idCliente, fechaPedido, formaPago) values (14, '0001', '03/02/2019', 'Tarjeta');
insert into PedidoPersonalD (numPedidoPD, idCliente, fechaPedido, formaPago) values (15, '0001', '12/29/2018', 'Efectivo');
insert into PedidoPersonalD (numPedidoPD, idCliente, fechaPedido, formaPago) values (16, '0001', '07/04/2018', 'Tarjeta');
insert into PedidoPersonalD (numPedidoPD, idCliente, fechaPedido, formaPago) values (17, '0001', '10/16/2019', 'Efectivo');
insert into PedidoPersonalD (numPedidoPD, idCliente, fechaPedido, formaPago) values (18, '0001', '09/05/2019', 'Tarjeta');
insert into PedidoPersonalD (numPedidoPD, idCliente, fechaPedido, formaPago) values (19, '0001', '09/21/2019', 'Efectivo');
insert into PedidoPersonalD (numPedidoPD, idCliente, fechaPedido, formaPago) values (20, '0001', '07/08/2019', 'Tarjeta');
insert into PedidoPersonalD (numPedidoPD, idCliente, fechaPedido, formaPago) values (21, '0001', '06/09/2019', 'Tarjeta');
insert into PedidoPersonalD (numPedidoPD, idCliente, fechaPedido, formaPago) values (22, '0001', '04/13/2019', 'Tarjeta');
insert into PedidoPersonalD (numPedidoPD, idCliente, fechaPedido, formaPago) values (23, '0001', '12/02/2019', 'Tarjeta');
insert into PedidoPersonalD (numPedidoPD, idCliente, fechaPedido, formaPago) values (24, '0001', '03/03/2019', 'Tarjeta');
insert into PedidoPersonalD (numPedidoPD, idCliente, fechaPedido, formaPago) values (25, '0001', '08/04/2019', 'Tarjeta');
insert into PedidoPersonalD (numPedidoPD, idCliente, fechaPedido, formaPago) values (26, '0001', '11/02/2018', 'Tarjeta');
insert into PedidoPersonalD (numPedidoPD, idCliente, fechaPedido, formaPago) values (27, '0001', '08/18/2019', 'Efectivo');
insert into PedidoPersonalD (numPedidoPD, idCliente, fechaPedido, formaPago) values (28, '0001', '11/24/2019', 'Efectivo');
insert into PedidoPersonalD (numPedidoPD, idCliente, fechaPedido, formaPago) values (29, '0001', '04/10/2018', 'Tarjeta');
insert into PedidoPersonalD (numPedidoPD, idCliente, fechaPedido, formaPago) values (30, '0001', '06/12/2019', 'Tarjeta');
insert into PedidoPersonalD (numPedidoPD, idCliente, fechaPedido, formaPago) values (31, '0001', '04/15/2019', 'Efectivo');
insert into PedidoPersonalD (numPedidoPD, idCliente, fechaPedido, formaPago) values (32, '0001', '08/21/2019', 'Efectivo');
insert into PedidoPersonalD (numPedidoPD, idCliente, fechaPedido, formaPago) values (33, '0001', '05/01/2018', 'Tarjeta');
insert into PedidoPersonalD (numPedidoPD, idCliente, fechaPedido, formaPago) values (34, '0001', '08/10/2018', 'Tarjeta');
insert into PedidoPersonalD (numPedidoPD, idCliente, fechaPedido, formaPago) values (35, '0001', '06/18/2019', 'Efectivo');
insert into PedidoPersonalD (numPedidoPD, idCliente, fechaPedido, formaPago) values (36, '0001', '01/15/2019', 'Efectivo');
insert into PedidoPersonalD (numPedidoPD, idCliente, fechaPedido, formaPago) values (37, '0001', '09/17/2018', 'Efectivo');
insert into PedidoPersonalD (numPedidoPD, idCliente, fechaPedido, formaPago) values (38, '0001', '11/16/2019', 'Efectivo');
insert into PedidoPersonalD (numPedidoPD, idCliente, fechaPedido, formaPago) values (39, '0001', '01/11/2019', 'Tarjeta');
insert into PedidoPersonalD (numPedidoPD, idCliente, fechaPedido, formaPago) values (40, '0001', '08/23/2019', 'Efectivo');
insert into PedidoPersonalD (numPedidoPD, idCliente, fechaPedido, formaPago) values (41, '0001', '03/12/2018', 'Tarjeta');
insert into PedidoPersonalD (numPedidoPD, idCliente, fechaPedido, formaPago) values (42, '0001', '06/15/2019', 'Efectivo');
insert into PedidoPersonalD (numPedidoPD, idCliente, fechaPedido, formaPago) values (43, '0001', '03/18/2018', 'Efectivo');
insert into PedidoPersonalD (numPedidoPD, idCliente, fechaPedido, formaPago) values (44, '0001', '09/15/2018', 'Efectivo');
insert into PedidoPersonalD (numPedidoPD, idCliente, fechaPedido, formaPago) values (45, '0001', '07/28/2019', 'Efectivo');
insert into PedidoPersonalD (numPedidoPD, idCliente, fechaPedido, formaPago) values (46, '0001', '08/14/2018', 'Tarjeta');
insert into PedidoPersonalD (numPedidoPD, idCliente, fechaPedido, formaPago) values (47, '0001', '09/24/2018', 'Efectivo');
insert into PedidoPersonalD (numPedidoPD, idCliente, fechaPedido, formaPago) values (48, '0001', '11/30/2018', 'Efectivo');
insert into PedidoPersonalD (numPedidoPD, idCliente, fechaPedido, formaPago) values (49, '0001', '04/27/2018', 'Efectivo');
insert into PedidoPersonalD (numPedidoPD, idCliente, fechaPedido, formaPago) values (50, '0001', '11/25/2019', 'Efectivo');
insert into PedidoPersonalD (numPedidoPD, idCliente, fechaPedido, formaPago) values (51, '0001', '09/01/2019', 'Tarjeta');
insert into PedidoPersonalD (numPedidoPD, idCliente, fechaPedido, formaPago) values (52, '0001', '12/22/2018', 'Efectivo');
insert into PedidoPersonalD (numPedidoPD, idCliente, fechaPedido, formaPago) values (53, '0001', '11/02/2018', 'Tarjeta');
insert into PedidoPersonalD (numPedidoPD, idCliente, fechaPedido, formaPago) values (54, '0001', '07/18/2018', 'Efectivo');
insert into PedidoPersonalD (numPedidoPD, idCliente, fechaPedido, formaPago) values (55, '0001', '01/08/2019', 'Tarjeta');
insert into PedidoPersonalD (numPedidoPD, idCliente, fechaPedido, formaPago) values (56, '0001', '12/30/2019', 'Efectivo');
insert into PedidoPersonalD (numPedidoPD, idCliente, fechaPedido, formaPago) values (57, '0001', '11/30/2018', 'Efectivo');
insert into PedidoPersonalD (numPedidoPD, idCliente, fechaPedido, formaPago) values (58, '0001', '09/02/2019', 'Tarjeta');
insert into PedidoPersonalD (numPedidoPD, idCliente, fechaPedido, formaPago) values (59, '0001', '06/09/2019', 'Tarjeta');
insert into PedidoPersonalD (numPedidoPD, idCliente, fechaPedido, formaPago) values (60, '0001', '04/15/2018', 'Efectivo');
insert into PedidoPersonalD (numPedidoPD, idCliente, fechaPedido, formaPago) values (61, '0001', '04/20/2019', 'Efectivo');
insert into PedidoPersonalD (numPedidoPD, idCliente, fechaPedido, formaPago) values (62, '0001', '11/18/2018', 'Efectivo');
insert into PedidoPersonalD (numPedidoPD, idCliente, fechaPedido, formaPago) values (63, '0001', '01/21/2019', 'Efectivo');
insert into PedidoPersonalD (numPedidoPD, idCliente, fechaPedido, formaPago) values (64, '0001', '09/30/2019', 'Efectivo');
insert into PedidoPersonalD (numPedidoPD, idCliente, fechaPedido, formaPago) values (65, '0001', '03/07/2018', 'Tarjeta');
insert into PedidoPersonalD (numPedidoPD, idCliente, fechaPedido, formaPago) values (66, '0001', '09/19/2018', 'Efectivo');
insert into PedidoPersonalD (numPedidoPD, idCliente, fechaPedido, formaPago) values (67, '0001', '11/09/2018', 'Tarjeta');
insert into PedidoPersonalD (numPedidoPD, idCliente, fechaPedido, formaPago) values (68, '0001', '09/24/2019', 'Efectivo');
insert into PedidoPersonalD (numPedidoPD, idCliente, fechaPedido, formaPago) values (69, '0001', '07/12/2018', 'Tarjeta');
insert into PedidoPersonalD (numPedidoPD, idCliente, fechaPedido, formaPago) values (70, '0001', '10/09/2018', 'Tarjeta');
insert into PedidoPersonalD (numPedidoPD, idCliente, fechaPedido, formaPago) values (71, '0001', '03/27/2019', 'Efectivo');
insert into PedidoPersonalD (numPedidoPD, idCliente, fechaPedido, formaPago) values (72, '0001', '10/17/2019', 'Efectivo');
insert into PedidoPersonalD (numPedidoPD, idCliente, fechaPedido, formaPago) values (73, '0001', '04/26/2018', 'Efectivo');
insert into PedidoPersonalD (numPedidoPD, idCliente, fechaPedido, formaPago) values (74, '0001', '04/21/2019', 'Efectivo');
insert into PedidoPersonalD (numPedidoPD, idCliente, fechaPedido, formaPago) values (75, '0001', '07/01/2018', 'Tarjeta');
insert into PedidoPersonalD (numPedidoPD, idCliente, fechaPedido, formaPago) values (76, '0001', '05/02/2019', 'Tarjeta');
insert into PedidoPersonalD (numPedidoPD, idCliente, fechaPedido, formaPago) values (77, '0001', '06/12/2019', 'Tarjeta');
insert into PedidoPersonalD (numPedidoPD, idCliente, fechaPedido, formaPago) values (78, '0001', '09/29/2019', 'Efectivo');
insert into PedidoPersonalD (numPedidoPD, idCliente, fechaPedido, formaPago) values (79, '0001', '01/20/2019', 'Efectivo');
insert into PedidoPersonalD (numPedidoPD, idCliente, fechaPedido, formaPago) values (80, '0001', '05/04/2018', 'Tarjeta');
insert into PedidoPersonalD (numPedidoPD, idCliente, fechaPedido, formaPago) values (81, '0001', '01/09/2019', 'Tarjeta');
insert into PedidoPersonalD (numPedidoPD, idCliente, fechaPedido, formaPago) values (82, '0001', '12/28/2019', 'Efectivo');
insert into PedidoPersonalD (numPedidoPD, idCliente, fechaPedido, formaPago) values (83, '0001', '08/31/2019', 'Efectivo');
insert into PedidoPersonalD (numPedidoPD, idCliente, fechaPedido, formaPago) values (84, '0001', '10/16/2019', 'Efectivo');
insert into PedidoPersonalD (numPedidoPD, idCliente, fechaPedido, formaPago) values (85, '0001', '05/26/2019', 'Efectivo');
insert into PedidoPersonalD (numPedidoPD, idCliente, fechaPedido, formaPago) values (86, '0001', '07/12/2019', 'Tarjeta');
insert into PedidoPersonalD (numPedidoPD, idCliente, fechaPedido, formaPago) values (87, '0001', '03/18/2018', 'Efectivo');
insert into PedidoPersonalD (numPedidoPD, idCliente, fechaPedido, formaPago) values (88, '0001', '05/13/2019', 'Tarjeta');
insert into PedidoPersonalD (numPedidoPD, idCliente, fechaPedido, formaPago) values (89, '0001', '03/21/2019', 'Efectivo');
insert into PedidoPersonalD (numPedidoPD, idCliente, fechaPedido, formaPago) values (90, '0001', '09/21/2018', 'Efectivo');
insert into PedidoPersonalD (numPedidoPD, idCliente, fechaPedido, formaPago) values (91, '0001', '01/09/2019', 'Tarjeta');
insert into PedidoPersonalD (numPedidoPD, idCliente, fechaPedido, formaPago) values (92, '0001', '10/06/2018', 'Tarjeta');
insert into PedidoPersonalD (numPedidoPD, idCliente, fechaPedido, formaPago) values (93, '0001', '12/08/2019', 'Tarjeta');
insert into PedidoPersonalD (numPedidoPD, idCliente, fechaPedido, formaPago) values (94, '0001', '06/16/2019', 'Efectivo');
insert into PedidoPersonalD (numPedidoPD, idCliente, fechaPedido, formaPago) values (95, '0001', '11/07/2018', 'Tarjeta');
insert into PedidoPersonalD (numPedidoPD, idCliente, fechaPedido, formaPago) values (96, '0001', '06/25/2018', 'Efectivo');
insert into PedidoPersonalD (numPedidoPD, idCliente, fechaPedido, formaPago) values (97, '0001', '02/22/2019', 'Efectivo');
insert into PedidoPersonalD (numPedidoPD, idCliente, fechaPedido, formaPago) values (98, '0001', '10/10/2018', 'Tarjeta');
insert into PedidoPersonalD (numPedidoPD, idCliente, fechaPedido, formaPago) values (99, '0001', '10/09/2018', 'Tarjeta');
insert into PedidoPersonalD (numPedidoPD, idCliente, fechaPedido, formaPago) values (100, '0001', '05/31/2018', 'Efectivo');
insert into PedidoPersonalD (numPedidoPD, idCliente, fechaPedido, formaPago) values (101, '0001', '05/07/2018', 'Tarjeta');
insert into PedidoPersonalD (numPedidoPD, idCliente, fechaPedido, formaPago) values (102, '0001', '08/25/2018', 'Efectivo');
insert into PedidoPersonalD (numPedidoPD, idCliente, fechaPedido, formaPago) values (103, '0001', '03/17/2018', 'Efectivo');
insert into PedidoPersonalD (numPedidoPD, idCliente, fechaPedido, formaPago) values (104, '0001', '06/23/2019', 'Efectivo');
insert into PedidoPersonalD (numPedidoPD, idCliente, fechaPedido, formaPago) values (105, '0001', '06/06/2018', 'Tarjeta');
insert into PedidoPersonalD (numPedidoPD, idCliente, fechaPedido, formaPago) values (106, '0001', '06/25/2019', 'Efectivo');
insert into PedidoPersonalD (numPedidoPD, idCliente, fechaPedido, formaPago) values (107, '0001', '06/11/2018', 'Tarjeta');
insert into PedidoPersonalD (numPedidoPD, idCliente, fechaPedido, formaPago) values (108, '0001', '09/07/2019', 'Tarjeta');
insert into PedidoPersonalD (numPedidoPD, idCliente, fechaPedido, formaPago) values (109, '0001', '06/05/2018', 'Tarjeta');
insert into PedidoPersonalD (numPedidoPD, idCliente, fechaPedido, formaPago) values (110, '0001', '10/22/2018', 'Efectivo');
insert into PedidoPersonalD (numPedidoPD, idCliente, fechaPedido, formaPago) values (111, '0001', '11/21/2018', 'Efectivo');
insert into PedidoPersonalD (numPedidoPD, idCliente, fechaPedido, formaPago) values (112, '0001', '08/18/2019', 'Efectivo');
insert into PedidoPersonalD (numPedidoPD, idCliente, fechaPedido, formaPago) values (113, '0001', '06/05/2018', 'Tarjeta');
insert into PedidoPersonalD (numPedidoPD, idCliente, fechaPedido, formaPago) values (114, '0001', '08/08/2019', 'Tarjeta');
insert into PedidoPersonalD (numPedidoPD, idCliente, fechaPedido, formaPago) values (115, '0001', '03/14/2018', 'Tarjeta');
insert into PedidoPersonalD (numPedidoPD, idCliente, fechaPedido, formaPago) values (116, '0001', '12/01/2018', 'Tarjeta');
insert into PedidoPersonalD (numPedidoPD, idCliente, fechaPedido, formaPago) values (117, '0001', '06/10/2018', 'Tarjeta');
insert into PedidoPersonalD (numPedidoPD, idCliente, fechaPedido, formaPago) values (118, '0001', '09/30/2018', 'Efectivo');
insert into PedidoPersonalD (numPedidoPD, idCliente, fechaPedido, formaPago) values (119, '0001', '04/03/2018', 'Tarjeta');
insert into PedidoPersonalD (numPedidoPD, idCliente, fechaPedido, formaPago) values (120, '0001', '04/28/2018', 'Efectivo');
insert into PedidoPersonalD (numPedidoPD, idCliente, fechaPedido, formaPago) values (121, '0001', '08/10/2018', 'Tarjeta');
insert into PedidoPersonalD (numPedidoPD, idCliente, fechaPedido, formaPago) values (122, '0001', '07/04/2018', 'Tarjeta');
insert into PedidoPersonalD (numPedidoPD, idCliente, fechaPedido, formaPago) values (123, '0001', '05/03/2019', 'Tarjeta');
insert into PedidoPersonalD (numPedidoPD, idCliente, fechaPedido, formaPago) values (124, '0001', '04/06/2019', 'Tarjeta');
insert into PedidoPersonalD (numPedidoPD, idCliente, fechaPedido, formaPago) values (125, '0001', '08/08/2018', 'Tarjeta');
insert into PedidoPersonalD (numPedidoPD, idCliente, fechaPedido, formaPago) values (126, '0001', '06/02/2019', 'Tarjeta');
insert into PedidoPersonalD (numPedidoPD, idCliente, fechaPedido, formaPago) values (127, '0001', '08/19/2019', 'Efectivo');
insert into PedidoPersonalD (numPedidoPD, idCliente, fechaPedido, formaPago) values (128, '0001', '08/30/2018', 'Efectivo');
insert into PedidoPersonalD (numPedidoPD, idCliente, fechaPedido, formaPago) values (129, '0001', '04/10/2018', 'Tarjeta');
insert into PedidoPersonalD (numPedidoPD, idCliente, fechaPedido, formaPago) values (130, '0001', '07/24/2018', 'Efectivo');
insert into PedidoPersonalD (numPedidoPD, idCliente, fechaPedido, formaPago) values (131, '0001', '12/03/2018', 'Tarjeta');
insert into PedidoPersonalD (numPedidoPD, idCliente, fechaPedido, formaPago) values (132, '0001', '05/31/2019', 'Efectivo');
insert into PedidoPersonalD (numPedidoPD, idCliente, fechaPedido, formaPago) values (133, '0001', '01/27/2019', 'Efectivo');
insert into PedidoPersonalD (numPedidoPD, idCliente, fechaPedido, formaPago) values (134, '0001', '09/30/2019', 'Efectivo');
insert into PedidoPersonalD (numPedidoPD, idCliente, fechaPedido, formaPago) values (135, '0001', '03/31/2018', 'Efectivo');
insert into PedidoPersonalD (numPedidoPD, idCliente, fechaPedido, formaPago) values (136, '0001', '10/01/2018', 'Tarjeta');
insert into PedidoPersonalD (numPedidoPD, idCliente, fechaPedido, formaPago) values (137, '0001', '03/02/2019', 'Tarjeta');
insert into PedidoPersonalD (numPedidoPD, idCliente, fechaPedido, formaPago) values (138, '0001', '01/24/2019', 'Efectivo');
insert into PedidoPersonalD (numPedidoPD, idCliente, fechaPedido, formaPago) values (139, '0001', '04/19/2019', 'Efectivo');
insert into PedidoPersonalD (numPedidoPD, idCliente, fechaPedido, formaPago) values (140, '0001', '07/12/2018', 'Tarjeta');
insert into PedidoPersonalD (numPedidoPD, idCliente, fechaPedido, formaPago) values (141, '0001', '05/11/2018', 'Tarjeta');
insert into PedidoPersonalD (numPedidoPD, idCliente, fechaPedido, formaPago) values (142, '0001', '05/07/2018', 'Tarjeta');
insert into PedidoPersonalD (numPedidoPD, idCliente, fechaPedido, formaPago) values (143, '0001', '08/24/2019', 'Efectivo');
insert into PedidoPersonalD (numPedidoPD, idCliente, fechaPedido, formaPago) values (144, '0001', '07/31/2019', 'Efectivo');
insert into PedidoPersonalD (numPedidoPD, idCliente, fechaPedido, formaPago) values (145, '0001', '07/12/2018', 'Tarjeta');
insert into PedidoPersonalD (numPedidoPD, idCliente, fechaPedido, formaPago) values (146, '0001', '07/20/2018', 'Efectivo');
insert into PedidoPersonalD (numPedidoPD, idCliente, fechaPedido, formaPago) values (147, '0001', '04/20/2019', 'Efectivo');
insert into PedidoPersonalD (numPedidoPD, idCliente, fechaPedido, formaPago) values (148, '0001', '07/11/2018', 'Tarjeta');
insert into PedidoPersonalD (numPedidoPD, idCliente, fechaPedido, formaPago) values (149, '0001', '10/04/2018', 'Tarjeta');
insert into PedidoPersonalD (numPedidoPD, idCliente, fechaPedido, formaPago) values (150, '0001', '08/21/2018', 'Efectivo');


insert into Platillo (idPlatillo, nombrePlatillo, precioPlatillo) values (1, 'T.Pastor', '$71.36');
insert into Platillo (idPlatillo, nombrePlatillo, precioPlatillo) values (2, 'T.Suadero', '$107.51');
insert into Platillo (idPlatillo, nombrePlatillo, precioPlatillo) values (3, 'T.Chorizo', '$72.04');
insert into Platillo (idPlatillo, nombrePlatillo, precioPlatillo) values (4, 'T.Lengua', '$86.50');
insert into Platillo (idPlatillo, nombrePlatillo, precioPlatillo) values (5, 'T.Pancita', '$112.12');
insert into Platillo (idPlatillo, nombrePlatillo, precioPlatillo) values (6, 'Gringa', '$96.89');
insert into Platillo (idPlatillo, nombrePlatillo, precioPlatillo) values (7, 'Alambre', '$125.12');
insert into Platillo (idPlatillo, nombrePlatillo, precioPlatillo) values (8, 'Torta de Pastor', '$33.14');
insert into Platillo (idPlatillo, nombrePlatillo, precioPlatillo) values (9, 'T.Cabeza', '$23.41');
insert into Platillo (idPlatillo, nombrePlatillo, precioPlatillo) values (10, 'T.Canasta', '$141.06');
insert into Platillo (idPlatillo, nombrePlatillo, precioPlatillo) values (11, 'T.Chicharron', '$72.31');
insert into Platillo (idPlatillo, nombrePlatillo, precioPlatillo) values (12, 'T.Tripa', '$122.03');
insert into Platillo (idPlatillo, nombrePlatillo, precioPlatillo) values (13, 'T.Cochinita', '$69.49');
insert into Platillo (idPlatillo, nombrePlatillo, precioPlatillo) values (14, 'Arrachera', '$54.45');
insert into Platillo (idPlatillo, nombrePlatillo, precioPlatillo) values (15, 'T.Barbacoa', '$61.91');

insert into OrdenarDomicilioD (idPlatillo, numPedido, cantidad) values (12, 1, 6);
insert into OrdenarDomicilioD (idPlatillo, numPedido, cantidad) values (9, 2, 15);
insert into OrdenarDomicilioD (idPlatillo, numPedido, cantidad) values (7, 3, 9);
insert into OrdenarDomicilioD (idPlatillo, numPedido, cantidad) values (11, 4, 8);
insert into OrdenarDomicilioD (idPlatillo, numPedido, cantidad) values (7, 5, 4);
insert into OrdenarDomicilioD (idPlatillo, numPedido, cantidad) values (13, 6, 6);
insert into OrdenarDomicilioD (idPlatillo, numPedido, cantidad) values (13, 7, 1);
insert into OrdenarDomicilioD (idPlatillo, numPedido, cantidad) values (11, 8, 4);
insert into OrdenarDomicilioD (idPlatillo, numPedido, cantidad) values (1, 9, 3);
insert into OrdenarDomicilioD (idPlatillo, numPedido, cantidad) values (3, 10, 7);
insert into OrdenarDomicilioD (idPlatillo, numPedido, cantidad) values (3, 11, 11);
insert into OrdenarDomicilioD (idPlatillo, numPedido, cantidad) values (2, 12, 4);
insert into OrdenarDomicilioD (idPlatillo, numPedido, cantidad) values (4, 13, 6);
insert into OrdenarDomicilioD (idPlatillo, numPedido, cantidad) values (8, 14, 10);
insert into OrdenarDomicilioD (idPlatillo, numPedido, cantidad) values (10, 15, 13);
insert into OrdenarDomicilioD (idPlatillo, numPedido, cantidad) values (4, 16, 3);
insert into OrdenarDomicilioD (idPlatillo, numPedido, cantidad) values (6, 17, 9);
insert into OrdenarDomicilioD (idPlatillo, numPedido, cantidad) values (1, 18, 7);
insert into OrdenarDomicilioD (idPlatillo, numPedido, cantidad) values (8, 19, 4);
insert into OrdenarDomicilioD (idPlatillo, numPedido, cantidad) values (12, 20, 9);
insert into OrdenarDomicilioD (idPlatillo, numPedido, cantidad) values (8, 21, 4);
insert into OrdenarDomicilioD (idPlatillo, numPedido, cantidad) values (4, 22, 2);
insert into OrdenarDomicilioD (idPlatillo, numPedido, cantidad) values (15, 23, 10);
insert into OrdenarDomicilioD (idPlatillo, numPedido, cantidad) values (1, 24, 9);
insert into OrdenarDomicilioD (idPlatillo, numPedido, cantidad) values (3, 25, 6);
insert into OrdenarDomicilioD (idPlatillo, numPedido, cantidad) values (2, 26, 10);
insert into OrdenarDomicilioD (idPlatillo, numPedido, cantidad) values (1, 27, 10);
insert into OrdenarDomicilioD (idPlatillo, numPedido, cantidad) values (2, 28, 9);
insert into OrdenarDomicilioD (idPlatillo, numPedido, cantidad) values (13, 29, 1);
insert into OrdenarDomicilioD (idPlatillo, numPedido, cantidad) values (7, 30, 6);
insert into OrdenarDomicilioD (idPlatillo, numPedido, cantidad) values (8, 31, 4);
insert into OrdenarDomicilioD (idPlatillo, numPedido, cantidad) values (13, 32, 13);
insert into OrdenarDomicilioD (idPlatillo, numPedido, cantidad) values (14, 33, 9);
insert into OrdenarDomicilioD (idPlatillo, numPedido, cantidad) values (5, 34, 15);
insert into OrdenarDomicilioD (idPlatillo, numPedido, cantidad) values (1, 35, 5);
insert into OrdenarDomicilioD (idPlatillo, numPedido, cantidad) values (8, 36, 11);
insert into OrdenarDomicilioD (idPlatillo, numPedido, cantidad) values (3, 37, 11);
insert into OrdenarDomicilioD (idPlatillo, numPedido, cantidad) values (3, 38, 3);
insert into OrdenarDomicilioD (idPlatillo, numPedido, cantidad) values (11, 39, 1);
insert into OrdenarDomicilioD (idPlatillo, numPedido, cantidad) values (6, 40, 4);
insert into OrdenarDomicilioD (idPlatillo, numPedido, cantidad) values (15, 41, 6);
insert into OrdenarDomicilioD (idPlatillo, numPedido, cantidad) values (10, 42, 2);
insert into OrdenarDomicilioD (idPlatillo, numPedido, cantidad) values (6, 43, 12);
insert into OrdenarDomicilioD (idPlatillo, numPedido, cantidad) values (4, 44, 11);
insert into OrdenarDomicilioD (idPlatillo, numPedido, cantidad) values (5, 45, 15);
insert into OrdenarDomicilioD (idPlatillo, numPedido, cantidad) values (9, 46, 13);
insert into OrdenarDomicilioD (idPlatillo, numPedido, cantidad) values (2, 47, 15);
insert into OrdenarDomicilioD (idPlatillo, numPedido, cantidad) values (8, 48, 8);
insert into OrdenarDomicilioD (idPlatillo, numPedido, cantidad) values (7, 49, 4);
insert into OrdenarDomicilioD (idPlatillo, numPedido, cantidad) values (12, 50, 12);
insert into OrdenarDomicilioD (idPlatillo, numPedido, cantidad) values (3, 51, 10);
insert into OrdenarDomicilioD (idPlatillo, numPedido, cantidad) values (5, 52, 8);
insert into OrdenarDomicilioD (idPlatillo, numPedido, cantidad) values (7, 53, 12);
insert into OrdenarDomicilioD (idPlatillo, numPedido, cantidad) values (3, 54, 7);
insert into OrdenarDomicilioD (idPlatillo, numPedido, cantidad) values (12, 55, 2);
insert into OrdenarDomicilioD (idPlatillo, numPedido, cantidad) values (2, 56, 2);
insert into OrdenarDomicilioD (idPlatillo, numPedido, cantidad) values (6, 57, 12);
insert into OrdenarDomicilioD (idPlatillo, numPedido, cantidad) values (10, 58, 13);
insert into OrdenarDomicilioD (idPlatillo, numPedido, cantidad) values (1, 59, 15);
insert into OrdenarDomicilioD (idPlatillo, numPedido, cantidad) values (8, 60, 8);
insert into OrdenarDomicilioD (idPlatillo, numPedido, cantidad) values (10, 61, 9);
insert into OrdenarDomicilioD (idPlatillo, numPedido, cantidad) values (10, 62, 4);
insert into OrdenarDomicilioD (idPlatillo, numPedido, cantidad) values (6, 63, 9);
insert into OrdenarDomicilioD (idPlatillo, numPedido, cantidad) values (11, 64, 12);
insert into OrdenarDomicilioD (idPlatillo, numPedido, cantidad) values (2, 65, 10);
insert into OrdenarDomicilioD (idPlatillo, numPedido, cantidad) values (10, 66, 3);
insert into OrdenarDomicilioD (idPlatillo, numPedido, cantidad) values (12, 67, 3);
insert into OrdenarDomicilioD (idPlatillo, numPedido, cantidad) values (1, 68, 14);
insert into OrdenarDomicilioD (idPlatillo, numPedido, cantidad) values (9, 69, 15);
insert into OrdenarDomicilioD (idPlatillo, numPedido, cantidad) values (15, 70, 15);
insert into OrdenarDomicilioD (idPlatillo, numPedido, cantidad) values (12, 71, 15);
insert into OrdenarDomicilioD (idPlatillo, numPedido, cantidad) values (11, 72, 1);
insert into OrdenarDomicilioD (idPlatillo, numPedido, cantidad) values (12, 73, 9);
insert into OrdenarDomicilioD (idPlatillo, numPedido, cantidad) values (6, 74, 3);
insert into OrdenarDomicilioD (idPlatillo, numPedido, cantidad) values (14, 75, 9);
insert into OrdenarDomicilioD (idPlatillo, numPedido, cantidad) values (11, 76, 10);
insert into OrdenarDomicilioD (idPlatillo, numPedido, cantidad) values (8, 77, 7);
insert into OrdenarDomicilioD (idPlatillo, numPedido, cantidad) values (8, 78, 11);
insert into OrdenarDomicilioD (idPlatillo, numPedido, cantidad) values (7, 79, 12);
insert into OrdenarDomicilioD (idPlatillo, numPedido, cantidad) values (9, 80, 6);
insert into OrdenarDomicilioD (idPlatillo, numPedido, cantidad) values (5, 81, 7);
insert into OrdenarDomicilioD (idPlatillo, numPedido, cantidad) values (9, 82, 6);
insert into OrdenarDomicilioD (idPlatillo, numPedido, cantidad) values (2, 83, 3);
insert into OrdenarDomicilioD (idPlatillo, numPedido, cantidad) values (6, 84, 5);
insert into OrdenarDomicilioD (idPlatillo, numPedido, cantidad) values (1, 85, 12);
insert into OrdenarDomicilioD (idPlatillo, numPedido, cantidad) values (12, 86, 5);
insert into OrdenarDomicilioD (idPlatillo, numPedido, cantidad) values (12, 87, 15);
insert into OrdenarDomicilioD (idPlatillo, numPedido, cantidad) values (3, 88, 9);
insert into OrdenarDomicilioD (idPlatillo, numPedido, cantidad) values (3, 89, 4);
insert into OrdenarDomicilioD (idPlatillo, numPedido, cantidad) values (8, 90, 13);
insert into OrdenarDomicilioD (idPlatillo, numPedido, cantidad) values (6, 91, 5);
insert into OrdenarDomicilioD (idPlatillo, numPedido, cantidad) values (7, 92, 2);
insert into OrdenarDomicilioD (idPlatillo, numPedido, cantidad) values (15, 93, 13);
insert into OrdenarDomicilioD (idPlatillo, numPedido, cantidad) values (5, 94, 3);
insert into OrdenarDomicilioD (idPlatillo, numPedido, cantidad) values (11, 95, 9);
insert into OrdenarDomicilioD (idPlatillo, numPedido, cantidad) values (2, 96, 4);
insert into OrdenarDomicilioD (idPlatillo, numPedido, cantidad) values (7, 97, 9);
insert into OrdenarDomicilioD (idPlatillo, numPedido, cantidad) values (13, 98, 9);
insert into OrdenarDomicilioD (idPlatillo, numPedido, cantidad) values (1, 99, 11);
insert into OrdenarDomicilioD (idPlatillo, numPedido, cantidad) values (15, 100, 8);
insert into OrdenarDomicilioD (idPlatillo, numPedido, cantidad) values (6, 101, 3);
insert into OrdenarDomicilioD (idPlatillo, numPedido, cantidad) values (3, 102, 3);
insert into OrdenarDomicilioD (idPlatillo, numPedido, cantidad) values (15, 103, 11);
insert into OrdenarDomicilioD (idPlatillo, numPedido, cantidad) values (13, 104, 6);
insert into OrdenarDomicilioD (idPlatillo, numPedido, cantidad) values (3, 105, 13);
insert into OrdenarDomicilioD (idPlatillo, numPedido, cantidad) values (4, 106, 15);
insert into OrdenarDomicilioD (idPlatillo, numPedido, cantidad) values (11, 107, 5);
insert into OrdenarDomicilioD (idPlatillo, numPedido, cantidad) values (10, 108, 14);
insert into OrdenarDomicilioD (idPlatillo, numPedido, cantidad) values (2, 109, 15);
insert into OrdenarDomicilioD (idPlatillo, numPedido, cantidad) values (4, 110, 14);
insert into OrdenarDomicilioD (idPlatillo, numPedido, cantidad) values (15, 111, 9);
insert into OrdenarDomicilioD (idPlatillo, numPedido, cantidad) values (8, 112, 12);
insert into OrdenarDomicilioD (idPlatillo, numPedido, cantidad) values (11, 113, 3);
insert into OrdenarDomicilioD (idPlatillo, numPedido, cantidad) values (14, 114, 15);
insert into OrdenarDomicilioD (idPlatillo, numPedido, cantidad) values (10, 115, 15);
insert into OrdenarDomicilioD (idPlatillo, numPedido, cantidad) values (10, 116, 10);
insert into OrdenarDomicilioD (idPlatillo, numPedido, cantidad) values (3, 117, 6);
insert into OrdenarDomicilioD (idPlatillo, numPedido, cantidad) values (8, 118, 6);
insert into OrdenarDomicilioD (idPlatillo, numPedido, cantidad) values (12, 119, 3);
insert into OrdenarDomicilioD (idPlatillo, numPedido, cantidad) values (15, 120, 1);
insert into OrdenarDomicilioD (idPlatillo, numPedido, cantidad) values (8, 121, 14);
insert into OrdenarDomicilioD (idPlatillo, numPedido, cantidad) values (6, 122, 14);
insert into OrdenarDomicilioD (idPlatillo, numPedido, cantidad) values (1, 123, 6);
insert into OrdenarDomicilioD (idPlatillo, numPedido, cantidad) values (13, 124, 9);
insert into OrdenarDomicilioD (idPlatillo, numPedido, cantidad) values (11, 125, 3);
insert into OrdenarDomicilioD (idPlatillo, numPedido, cantidad) values (14, 126, 6);
insert into OrdenarDomicilioD (idPlatillo, numPedido, cantidad) values (6, 127, 9);
insert into OrdenarDomicilioD (idPlatillo, numPedido, cantidad) values (6, 128, 3);
insert into OrdenarDomicilioD (idPlatillo, numPedido, cantidad) values (2, 129, 3);
insert into OrdenarDomicilioD (idPlatillo, numPedido, cantidad) values (5, 130, 4);
insert into OrdenarDomicilioD (idPlatillo, numPedido, cantidad) values (8, 131, 12);
insert into OrdenarDomicilioD (idPlatillo, numPedido, cantidad) values (8, 132, 13);
insert into OrdenarDomicilioD (idPlatillo, numPedido, cantidad) values (12, 133, 15);
insert into OrdenarDomicilioD (idPlatillo, numPedido, cantidad) values (5, 134, 10);
insert into OrdenarDomicilioD (idPlatillo, numPedido, cantidad) values (4, 135, 10);
insert into OrdenarDomicilioD (idPlatillo, numPedido, cantidad) values (12, 136, 11);
insert into OrdenarDomicilioD (idPlatillo, numPedido, cantidad) values (5, 137, 14);
insert into OrdenarDomicilioD (idPlatillo, numPedido, cantidad) values (15, 138, 15);
insert into OrdenarDomicilioD (idPlatillo, numPedido, cantidad) values (14, 139, 8);
insert into OrdenarDomicilioD (idPlatillo, numPedido, cantidad) values (7, 140, 7);
insert into OrdenarDomicilioD (idPlatillo, numPedido, cantidad) values (2, 141, 12);
insert into OrdenarDomicilioD (idPlatillo, numPedido, cantidad) values (10, 142, 5);
insert into OrdenarDomicilioD (idPlatillo, numPedido, cantidad) values (9, 143, 5);
insert into OrdenarDomicilioD (idPlatillo, numPedido, cantidad) values (2, 144, 4);
insert into OrdenarDomicilioD (idPlatillo, numPedido, cantidad) values (2, 145, 2);
insert into OrdenarDomicilioD (idPlatillo, numPedido, cantidad) values (6, 146, 3);
insert into OrdenarDomicilioD (idPlatillo, numPedido, cantidad) values (4, 147, 15);
insert into OrdenarDomicilioD (idPlatillo, numPedido, cantidad) values (14, 148, 10);
insert into OrdenarDomicilioD (idPlatillo, numPedido, cantidad) values (6, 149, 2);
insert into OrdenarDomicilioD (idPlatillo, numPedido, cantidad) values (11, 150, 13);

insert into OrdenarPersonalD (idPlatillo, numPedido, cantidad) values (13, 1, 6);
insert into OrdenarPersonalD (idPlatillo, numPedido, cantidad) values (2, 2, 2);
insert into OrdenarPersonalD (idPlatillo, numPedido, cantidad) values (15, 3, 6);
insert into OrdenarPersonalD (idPlatillo, numPedido, cantidad) values (7, 4, 2);
insert into OrdenarPersonalD (idPlatillo, numPedido, cantidad) values (14, 5, 6);
insert into OrdenarPersonalD (idPlatillo, numPedido, cantidad) values (5, 6, 13);
insert into OrdenarPersonalD (idPlatillo, numPedido, cantidad) values (12, 7, 13);
insert into OrdenarPersonalD (idPlatillo, numPedido, cantidad) values (13, 8, 15);
insert into OrdenarPersonalD (idPlatillo, numPedido, cantidad) values (12, 9, 7);
insert into OrdenarPersonalD (idPlatillo, numPedido, cantidad) values (8, 10, 4);
insert into OrdenarPersonalD (idPlatillo, numPedido, cantidad) values (5, 11, 10);
insert into OrdenarPersonalD (idPlatillo, numPedido, cantidad) values (3, 12, 3);
insert into OrdenarPersonalD (idPlatillo, numPedido, cantidad) values (13, 13, 13);
insert into OrdenarPersonalD (idPlatillo, numPedido, cantidad) values (15, 14, 13);
insert into OrdenarPersonalD (idPlatillo, numPedido, cantidad) values (14, 15, 4);
insert into OrdenarPersonalD (idPlatillo, numPedido, cantidad) values (6, 16, 7);
insert into OrdenarPersonalD (idPlatillo, numPedido, cantidad) values (4, 17, 2);
insert into OrdenarPersonalD (idPlatillo, numPedido, cantidad) values (15, 18, 1);
insert into OrdenarPersonalD (idPlatillo, numPedido, cantidad) values (2, 19, 15);
insert into OrdenarPersonalD (idPlatillo, numPedido, cantidad) values (5, 20, 4);
insert into OrdenarPersonalD (idPlatillo, numPedido, cantidad) values (14, 21, 13);
insert into OrdenarPersonalD (idPlatillo, numPedido, cantidad) values (5, 22, 4);
insert into OrdenarPersonalD (idPlatillo, numPedido, cantidad) values (15, 23, 13);
insert into OrdenarPersonalD (idPlatillo, numPedido, cantidad) values (8, 24, 8);
insert into OrdenarPersonalD (idPlatillo, numPedido, cantidad) values (1, 25, 9);
insert into OrdenarPersonalD (idPlatillo, numPedido, cantidad) values (1, 26, 7);
insert into OrdenarPersonalD (idPlatillo, numPedido, cantidad) values (7, 27, 5);
insert into OrdenarPersonalD (idPlatillo, numPedido, cantidad) values (9, 28, 6);
insert into OrdenarPersonalD (idPlatillo, numPedido, cantidad) values (6, 29, 8);
insert into OrdenarPersonalD (idPlatillo, numPedido, cantidad) values (14, 30, 10);
insert into OrdenarPersonalD (idPlatillo, numPedido, cantidad) values (7, 31, 12);
insert into OrdenarPersonalD (idPlatillo, numPedido, cantidad) values (1, 32, 7);
insert into OrdenarPersonalD (idPlatillo, numPedido, cantidad) values (6, 33, 6);
insert into OrdenarPersonalD (idPlatillo, numPedido, cantidad) values (11, 34, 5);
insert into OrdenarPersonalD (idPlatillo, numPedido, cantidad) values (15, 35, 8);
insert into OrdenarPersonalD (idPlatillo, numPedido, cantidad) values (7, 36, 15);
insert into OrdenarPersonalD (idPlatillo, numPedido, cantidad) values (8, 37, 1);
insert into OrdenarPersonalD (idPlatillo, numPedido, cantidad) values (2, 38, 6);
insert into OrdenarPersonalD (idPlatillo, numPedido, cantidad) values (12, 39, 1);
insert into OrdenarPersonalD (idPlatillo, numPedido, cantidad) values (4, 40, 7);
insert into OrdenarPersonalD (idPlatillo, numPedido, cantidad) values (12, 41, 5);
insert into OrdenarPersonalD (idPlatillo, numPedido, cantidad) values (5, 42, 9);
insert into OrdenarPersonalD (idPlatillo, numPedido, cantidad) values (12, 43, 4);
insert into OrdenarPersonalD (idPlatillo, numPedido, cantidad) values (3, 44, 3);
insert into OrdenarPersonalD (idPlatillo, numPedido, cantidad) values (5, 45, 4);
insert into OrdenarPersonalD (idPlatillo, numPedido, cantidad) values (11, 46, 13);
insert into OrdenarPersonalD (idPlatillo, numPedido, cantidad) values (9, 47, 9);
insert into OrdenarPersonalD (idPlatillo, numPedido, cantidad) values (13, 48, 13);
insert into OrdenarPersonalD (idPlatillo, numPedido, cantidad) values (3, 49, 4);
insert into OrdenarPersonalD (idPlatillo, numPedido, cantidad) values (5, 50, 4);
insert into OrdenarPersonalD (idPlatillo, numPedido, cantidad) values (4, 51, 9);
insert into OrdenarPersonalD (idPlatillo, numPedido, cantidad) values (7, 52, 6);
insert into OrdenarPersonalD (idPlatillo, numPedido, cantidad) values (1, 53, 12);
insert into OrdenarPersonalD (idPlatillo, numPedido, cantidad) values (2, 54, 15);
insert into OrdenarPersonalD (idPlatillo, numPedido, cantidad) values (5, 55, 13);
insert into OrdenarPersonalD (idPlatillo, numPedido, cantidad) values (5, 56, 9);
insert into OrdenarPersonalD (idPlatillo, numPedido, cantidad) values (6, 57, 11);
insert into OrdenarPersonalD (idPlatillo, numPedido, cantidad) values (12, 58, 1);
insert into OrdenarPersonalD (idPlatillo, numPedido, cantidad) values (8, 59, 5);
insert into OrdenarPersonalD (idPlatillo, numPedido, cantidad) values (2, 60, 13);
insert into OrdenarPersonalD (idPlatillo, numPedido, cantidad) values (5, 61, 3);
insert into OrdenarPersonalD (idPlatillo, numPedido, cantidad) values (8, 62, 3);
insert into OrdenarPersonalD (idPlatillo, numPedido, cantidad) values (2, 63, 7);
insert into OrdenarPersonalD (idPlatillo, numPedido, cantidad) values (15, 64, 1);
insert into OrdenarPersonalD (idPlatillo, numPedido, cantidad) values (2, 65, 7);
insert into OrdenarPersonalD (idPlatillo, numPedido, cantidad) values (9, 66, 3);
insert into OrdenarPersonalD (idPlatillo, numPedido, cantidad) values (9, 67, 4);
insert into OrdenarPersonalD (idPlatillo, numPedido, cantidad) values (13, 68, 7);
insert into OrdenarPersonalD (idPlatillo, numPedido, cantidad) values (2, 69, 10);
insert into OrdenarPersonalD (idPlatillo, numPedido, cantidad) values (6, 70, 12);
insert into OrdenarPersonalD (idPlatillo, numPedido, cantidad) values (1, 71, 1);
insert into OrdenarPersonalD (idPlatillo, numPedido, cantidad) values (12, 72, 2);
insert into OrdenarPersonalD (idPlatillo, numPedido, cantidad) values (14, 73, 6);
insert into OrdenarPersonalD (idPlatillo, numPedido, cantidad) values (1, 74, 1);
insert into OrdenarPersonalD (idPlatillo, numPedido, cantidad) values (2, 75, 5);
insert into OrdenarPersonalD (idPlatillo, numPedido, cantidad) values (13, 76, 8);
insert into OrdenarPersonalD (idPlatillo, numPedido, cantidad) values (7, 77, 8);
insert into OrdenarPersonalD (idPlatillo, numPedido, cantidad) values (13, 78, 6);
insert into OrdenarPersonalD (idPlatillo, numPedido, cantidad) values (15, 79, 6);
insert into OrdenarPersonalD (idPlatillo, numPedido, cantidad) values (9, 80, 4);
insert into OrdenarPersonalD (idPlatillo, numPedido, cantidad) values (1, 81, 13);
insert into OrdenarPersonalD (idPlatillo, numPedido, cantidad) values (3, 82, 3);
insert into OrdenarPersonalD (idPlatillo, numPedido, cantidad) values (4, 83, 1);
insert into OrdenarPersonalD (idPlatillo, numPedido, cantidad) values (12, 84, 14);
insert into OrdenarPersonalD (idPlatillo, numPedido, cantidad) values (7, 85, 10);
insert into OrdenarPersonalD (idPlatillo, numPedido, cantidad) values (5, 86, 8);
insert into OrdenarPersonalD (idPlatillo, numPedido, cantidad) values (13, 87, 10);
insert into OrdenarPersonalD (idPlatillo, numPedido, cantidad) values (2, 88, 10);
insert into OrdenarPersonalD (idPlatillo, numPedido, cantidad) values (2, 89, 4);
insert into OrdenarPersonalD (idPlatillo, numPedido, cantidad) values (2, 90, 4);
insert into OrdenarPersonalD (idPlatillo, numPedido, cantidad) values (11, 91, 7);
insert into OrdenarPersonalD (idPlatillo, numPedido, cantidad) values (1, 92, 2);
insert into OrdenarPersonalD (idPlatillo, numPedido, cantidad) values (12, 93, 3);
insert into OrdenarPersonalD (idPlatillo, numPedido, cantidad) values (3, 94, 14);
insert into OrdenarPersonalD (idPlatillo, numPedido, cantidad) values (7, 95, 1);
insert into OrdenarPersonalD (idPlatillo, numPedido, cantidad) values (2, 96, 10);
insert into OrdenarPersonalD (idPlatillo, numPedido, cantidad) values (11, 97, 4);
insert into OrdenarPersonalD (idPlatillo, numPedido, cantidad) values (12, 98, 10);
insert into OrdenarPersonalD (idPlatillo, numPedido, cantidad) values (1, 99, 10);
insert into OrdenarPersonalD (idPlatillo, numPedido, cantidad) values (10, 100, 12);
insert into OrdenarPersonalD (idPlatillo, numPedido, cantidad) values (2, 101, 9);
insert into OrdenarPersonalD (idPlatillo, numPedido, cantidad) values (6, 102, 12);
insert into OrdenarPersonalD (idPlatillo, numPedido, cantidad) values (7, 103, 5);
insert into OrdenarPersonalD (idPlatillo, numPedido, cantidad) values (10, 104, 6);
insert into OrdenarPersonalD (idPlatillo, numPedido, cantidad) values (13, 105, 3);
insert into OrdenarPersonalD (idPlatillo, numPedido, cantidad) values (4, 106, 15);
insert into OrdenarPersonalD (idPlatillo, numPedido, cantidad) values (4, 107, 8);
insert into OrdenarPersonalD (idPlatillo, numPedido, cantidad) values (9, 108, 6);
insert into OrdenarPersonalD (idPlatillo, numPedido, cantidad) values (10, 109, 4);
insert into OrdenarPersonalD (idPlatillo, numPedido, cantidad) values (4, 110, 3);
insert into OrdenarPersonalD (idPlatillo, numPedido, cantidad) values (8, 111, 15);
insert into OrdenarPersonalD (idPlatillo, numPedido, cantidad) values (7, 112, 12);
insert into OrdenarPersonalD (idPlatillo, numPedido, cantidad) values (1, 113, 15);
insert into OrdenarPersonalD (idPlatillo, numPedido, cantidad) values (12, 114, 7);
insert into OrdenarPersonalD (idPlatillo, numPedido, cantidad) values (7, 115, 3);
insert into OrdenarPersonalD (idPlatillo, numPedido, cantidad) values (14, 116, 4);
insert into OrdenarPersonalD (idPlatillo, numPedido, cantidad) values (14, 117, 14);
insert into OrdenarPersonalD (idPlatillo, numPedido, cantidad) values (4, 118, 9);
insert into OrdenarPersonalD (idPlatillo, numPedido, cantidad) values (15, 119, 4);
insert into OrdenarPersonalD (idPlatillo, numPedido, cantidad) values (10, 120, 10);
insert into OrdenarPersonalD (idPlatillo, numPedido, cantidad) values (2, 121, 7);
insert into OrdenarPersonalD (idPlatillo, numPedido, cantidad) values (2, 122, 15);
insert into OrdenarPersonalD (idPlatillo, numPedido, cantidad) values (15, 123, 6);
insert into OrdenarPersonalD (idPlatillo, numPedido, cantidad) values (10, 124, 4);
insert into OrdenarPersonalD (idPlatillo, numPedido, cantidad) values (10, 125, 3);
insert into OrdenarPersonalD (idPlatillo, numPedido, cantidad) values (15, 126, 6);
insert into OrdenarPersonalD (idPlatillo, numPedido, cantidad) values (7, 127, 12);
insert into OrdenarPersonalD (idPlatillo, numPedido, cantidad) values (9, 128, 9);
insert into OrdenarPersonalD (idPlatillo, numPedido, cantidad) values (9, 129, 15);
insert into OrdenarPersonalD (idPlatillo, numPedido, cantidad) values (4, 130, 2);
insert into OrdenarPersonalD (idPlatillo, numPedido, cantidad) values (7, 131, 4);
insert into OrdenarPersonalD (idPlatillo, numPedido, cantidad) values (12, 132, 2);
insert into OrdenarPersonalD (idPlatillo, numPedido, cantidad) values (4, 133, 5);
insert into OrdenarPersonalD (idPlatillo, numPedido, cantidad) values (12, 134, 15);
insert into OrdenarPersonalD (idPlatillo, numPedido, cantidad) values (9, 135, 2);
insert into OrdenarPersonalD (idPlatillo, numPedido, cantidad) values (8, 136, 4);
insert into OrdenarPersonalD (idPlatillo, numPedido, cantidad) values (11, 137, 8);
insert into OrdenarPersonalD (idPlatillo, numPedido, cantidad) values (7, 138, 2);
insert into OrdenarPersonalD (idPlatillo, numPedido, cantidad) values (10, 139, 7);
insert into OrdenarPersonalD (idPlatillo, numPedido, cantidad) values (4, 140, 12);
insert into OrdenarPersonalD (idPlatillo, numPedido, cantidad) values (15, 141, 3);
insert into OrdenarPersonalD (idPlatillo, numPedido, cantidad) values (3, 142, 12);
insert into OrdenarPersonalD (idPlatillo, numPedido, cantidad) values (15, 143, 14);
insert into OrdenarPersonalD (idPlatillo, numPedido, cantidad) values (11, 144, 15);
insert into OrdenarPersonalD (idPlatillo, numPedido, cantidad) values (13, 145, 11);
insert into OrdenarPersonalD (idPlatillo, numPedido, cantidad) values (6, 146, 3);
insert into OrdenarPersonalD (idPlatillo, numPedido, cantidad) values (13, 147, 11);
insert into OrdenarPersonalD (idPlatillo, numPedido, cantidad) values (2, 148, 9);
insert into OrdenarPersonalD (idPlatillo, numPedido, cantidad) values (13, 149, 8);
insert into OrdenarPersonalD (idPlatillo, numPedido, cantidad) values (15, 150, 4);

insert into Ingredientes (idPlatillo, ingrediente) values (1, 'Sea Bass - Fillets');
insert into Ingredientes (idPlatillo, ingrediente) values (2, 'Oats Large Flake');
insert into Ingredientes (idPlatillo, ingrediente) values (3, 'Cheese - Pied De Vents');
insert into Ingredientes (idPlatillo, ingrediente) values (4, 'Tuna - Yellowfin');
insert into Ingredientes (idPlatillo, ingrediente) values (5, 'Cheese - Swiss Sliced');
insert into Ingredientes (idPlatillo, ingrediente) values (6, 'Cup - 8oz Coffee Perforated');
insert into Ingredientes (idPlatillo, ingrediente) values (7, 'Wine - White, Riesling, Semi - Dry');
insert into Ingredientes (idPlatillo, ingrediente) values (8, 'Sauce Bbq Smokey');
insert into Ingredientes (idPlatillo, ingrediente) values (9, 'Bread - Pita');
insert into Ingredientes (idPlatillo, ingrediente) values (10, 'Paper Towel Touchless');
insert into Ingredientes (idPlatillo, ingrediente) values (11, 'Shrimp - Prawn');
insert into Ingredientes (idPlatillo, ingrediente) values (12, 'Bagels Poppyseed');
insert into Ingredientes (idPlatillo, ingrediente) values (13, 'Beets - Golden');
insert into Ingredientes (idPlatillo, ingrediente) values (14, 'Laundry - Bag Cloth');
insert into Ingredientes (idPlatillo, ingrediente) values (15, 'Turkey - Breast, Boneless Sk On');
insert into Ingredientes (idPlatillo, ingrediente) values (1, 'Tomatoes Tear Drop');
insert into Ingredientes (idPlatillo, ingrediente) values (2, 'Cognac - Courvaisier');
insert into Ingredientes (idPlatillo, ingrediente) values (3, 'Table Cloth 62x114 Colour');
insert into Ingredientes (idPlatillo, ingrediente) values (4, 'Tea - Lemon Scented');
insert into Ingredientes (idPlatillo, ingrediente) values (5, 'Garlic Powder');
insert into Ingredientes (idPlatillo, ingrediente) values (6, 'Salmon - Fillets');
insert into Ingredientes (idPlatillo, ingrediente) values (7, 'Yogurt - Strawberry, 175 Gr');
insert into Ingredientes (idPlatillo, ingrediente) values (8, 'Cake - French Pear Tart');
insert into Ingredientes (idPlatillo, ingrediente) values (9, 'Nut - Pecan, Halves');
insert into Ingredientes (idPlatillo, ingrediente) values (10, 'Cotton Wet Mop 16 Oz');
insert into Ingredientes (idPlatillo, ingrediente) values (11, 'Lemonade - Mandarin, 591 Ml');
insert into Ingredientes (idPlatillo, ingrediente) values (12, 'Salmon Steak - Cohoe 6 Oz');
insert into Ingredientes (idPlatillo, ingrediente) values (13, 'Pepper - Yellow Bell');
insert into Ingredientes (idPlatillo, ingrediente) values (14, 'Spinach - Packaged');
insert into Ingredientes (idPlatillo, ingrediente) values (15, 'Sauce - Caesar Dressing');
insert into Ingredientes (idPlatillo, ingrediente) values (1, 'Sausage - Chorizo');
insert into Ingredientes (idPlatillo, ingrediente) values (2, 'Lamb Leg - Bone - In Nz');
insert into Ingredientes (idPlatillo, ingrediente) values (3, 'Waffle Stix');
insert into Ingredientes (idPlatillo, ingrediente) values (4, 'Asparagus - Mexican');
insert into Ingredientes (idPlatillo, ingrediente) values (5, 'Mousse - Mango');
insert into Ingredientes (idPlatillo, ingrediente) values (6, 'Shiro Miso');
insert into Ingredientes (idPlatillo, ingrediente) values (7, 'Garlic Powder');
insert into Ingredientes (idPlatillo, ingrediente) values (8, 'Banana Turning');
insert into Ingredientes (idPlatillo, ingrediente) values (9, 'Oil - Macadamia');
insert into Ingredientes (idPlatillo, ingrediente) values (10, 'Cabbage - Savoy');
insert into Ingredientes (idPlatillo, ingrediente) values (11, 'Pasta - Ravioli');
insert into Ingredientes (idPlatillo, ingrediente) values (12, 'Halibut - Fletches');
insert into Ingredientes (idPlatillo, ingrediente) values (13, 'Juice - V8, Tomato');
insert into Ingredientes (idPlatillo, ingrediente) values (14, 'Bouillion - Fish');
insert into Ingredientes (idPlatillo, ingrediente) values (15, 'Foam Espresso Cup Plain White');
insert into Ingredientes (idPlatillo, ingrediente) values (1, 'Cup - 4oz Translucent');
insert into Ingredientes (idPlatillo, ingrediente) values (2, 'Veal - Eye Of Round');
insert into Ingredientes (idPlatillo, ingrediente) values (3, 'Wine - Chenin Blanc K.w.v.');
insert into Ingredientes (idPlatillo, ingrediente) values (4, 'Dragon Fruit');
insert into Ingredientes (idPlatillo, ingrediente) values (5, 'Filling - Mince Meat');

insert into Promocion (numPromo, descuento, condiciones, dia) values (1, 81, 'visualize efficient schemas', '04/02/2019');
insert into Promocion (numPromo, descuento, condiciones, dia) values (2, 76, 'matrix bricks-and-clicks initiatives', '09/12/2019');
insert into Promocion (numPromo, descuento, condiciones, dia) values (3, 47, 'incubate end-to-end partnerships', '06/27/2019');
insert into Promocion (numPromo, descuento, condiciones, dia) values (4, 99, 'aggregate frictionless technologies', '03/09/2019');
insert into Promocion (numPromo, descuento, condiciones, dia) values (5, 40, 'drive virtual deliverables', '04/11/2019');
insert into Promocion (numPromo, descuento, condiciones, dia) values (6, 40, 'brand cross-platform models', '06/17/2019');
insert into Promocion (numPromo, descuento, condiciones, dia) values (7, 18, 'disintermediate real-time functionalities', '05/27/2019');
insert into Promocion (numPromo, descuento, condiciones, dia) values (8, 14, 'utilize leading-edge e-commerce', '05/21/2019');
insert into Promocion (numPromo, descuento, condiciones, dia) values (9, 100, 'strategize cross-media schemas', '07/29/2019');
insert into Promocion (numPromo, descuento, condiciones, dia) values (10, 6, 'embrace cross-media metrics', '03/05/2019');
insert into Promocion (numPromo, descuento, condiciones, dia) values (11, 42, 'target world-class models', '08/01/2018');
insert into Promocion (numPromo, descuento, condiciones, dia) values (12, 78, 'strategize granular technologies', '09/18/2019');
insert into Promocion (numPromo, descuento, condiciones, dia) values (13, 6, 'exploit 24/365 convergence', '01/22/2019');
insert into Promocion (numPromo, descuento, condiciones, dia) values (14, 42, 'incentivize cross-platform e-business', '09/14/2018');
insert into Promocion (numPromo, descuento, condiciones, dia) values (15, 23, 'unleash 24/365 mindshare', '06/21/2018');
insert into Promocion (numPromo, descuento, condiciones, dia) values (16, 99, 'transition integrated experiences', '10/27/2019');
insert into Promocion (numPromo, descuento, condiciones, dia) values (17, 81, 'exploit cross-media communities', '09/20/2018');
insert into Promocion (numPromo, descuento, condiciones, dia) values (18, 87, 'harness compelling networks', '03/17/2019');
insert into Promocion (numPromo, descuento, condiciones, dia) values (19, 36, 'cultivate holistic systems', '04/25/2018');
insert into Promocion (numPromo, descuento, condiciones, dia) values (20, 18, 'seize scalable markets', '12/26/2019');
insert into Promocion (numPromo, descuento, condiciones, dia) values (21, 56, 'brand ubiquitous e-business', '07/28/2018');
insert into Promocion (numPromo, descuento, condiciones, dia) values (22, 74, 'enable world-class functionalities', '04/13/2018');
insert into Promocion (numPromo, descuento, condiciones, dia) values (23, 80, 'utilize sexy vortals', '01/25/2019');
insert into Promocion (numPromo, descuento, condiciones, dia) values (24, 98, 'synergize distributed architectures', '02/03/2019');
insert into Promocion (numPromo, descuento, condiciones, dia) values (25, 12, 'orchestrate real-time experiences', '04/29/2018');
insert into Promocion (numPromo, descuento, condiciones, dia) values (26, 39, 'repurpose B2B technologies', '08/25/2019');
insert into Promocion (numPromo, descuento, condiciones, dia) values (27, 28, 'exploit strategic channels', '09/24/2019');
insert into Promocion (numPromo, descuento, condiciones, dia) values (28, 1, 'unleash out-of-the-box synergies', '04/12/2019');
insert into Promocion (numPromo, descuento, condiciones, dia) values (29, 92, 'deploy synergistic e-business', '05/29/2018');
insert into Promocion (numPromo, descuento, condiciones, dia) values (30, 4, 'syndicate strategic web services', '06/11/2018');
insert into Promocion (numPromo, descuento, condiciones, dia) values (31, 7, 'optimize impactful architectures', '07/11/2019');
insert into Promocion (numPromo, descuento, condiciones, dia) values (32, 83, 'unleash B2C relationships', '07/26/2018');
insert into Promocion (numPromo, descuento, condiciones, dia) values (33, 90, 'synthesize transparent users', '07/01/2019');
insert into Promocion (numPromo, descuento, condiciones, dia) values (34, 44, 'maximize e-business communities', '04/29/2018');
insert into Promocion (numPromo, descuento, condiciones, dia) values (35, 68, 'mesh one-to-one niches', '09/04/2019');
insert into Promocion (numPromo, descuento, condiciones, dia) values (36, 80, 'cultivate vertical systems', '11/22/2018');
insert into Promocion (numPromo, descuento, condiciones, dia) values (37, 7, 'benchmark open-source content', '09/08/2018');
insert into Promocion (numPromo, descuento, condiciones, dia) values (38, 60, 'drive dot-com users', '09/20/2019');
insert into Promocion (numPromo, descuento, condiciones, dia) values (39, 100, 'brand seamless applications', '01/07/2019');
insert into Promocion (numPromo, descuento, condiciones, dia) values (40, 83, 'incubate customized models', '09/03/2018');
insert into Promocion (numPromo, descuento, condiciones, dia) values (41, 28, 'cultivate web-enabled architectures', '12/03/2018');
insert into Promocion (numPromo, descuento, condiciones, dia) values (42, 93, 'cultivate integrated supply-chains', '09/10/2019');
insert into Promocion (numPromo, descuento, condiciones, dia) values (43, 91, 'target one-to-one relationships', '05/20/2018');
insert into Promocion (numPromo, descuento, condiciones, dia) values (44, 72, 'expedite transparent infrastructures', '11/13/2018');
insert into Promocion (numPromo, descuento, condiciones, dia) values (45, 78, 'matrix interactive bandwidth', '07/06/2019');
insert into Promocion (numPromo, descuento, condiciones, dia) values (46, 12, 'cultivate next-generation eyeballs', '01/12/2019');
insert into Promocion (numPromo, descuento, condiciones, dia) values (47, 26, 'synergize web-enabled platforms', '04/25/2018');
insert into Promocion (numPromo, descuento, condiciones, dia) values (48, 84, 'harness value-added experiences', '03/14/2019');
insert into Promocion (numPromo, descuento, condiciones, dia) values (49, 90, 'incentivize extensible metrics', '03/26/2019');
insert into Promocion (numPromo, descuento, condiciones, dia) values (50, 80, 'embrace seamless e-commerce', '10/26/2019');
insert into Promocion (numPromo, descuento, condiciones, dia) values (51, 51, 'incentivize holistic bandwidth', '10/18/2018');
insert into Promocion (numPromo, descuento, condiciones, dia) values (52, 82, 'leverage sticky platforms', '03/18/2019');
insert into Promocion (numPromo, descuento, condiciones, dia) values (53, 14, 'expedite plug-and-play supply-chains', '07/28/2019');
insert into Promocion (numPromo, descuento, condiciones, dia) values (54, 72, 'whiteboard ubiquitous platforms', '03/25/2018');
insert into Promocion (numPromo, descuento, condiciones, dia) values (55, 33, 'enable seamless synergies', '09/05/2019');
insert into Promocion (numPromo, descuento, condiciones, dia) values (56, 82, 'scale mission-critical e-commerce', '09/13/2019');
insert into Promocion (numPromo, descuento, condiciones, dia) values (57, 89, 'syndicate web-enabled schemas', '12/13/2018');
insert into Promocion (numPromo, descuento, condiciones, dia) values (58, 87, 'whiteboard open-source markets', '03/03/2019');
insert into Promocion (numPromo, descuento, condiciones, dia) values (59, 39, 'engage real-time action-items', '09/17/2019');
insert into Promocion (numPromo, descuento, condiciones, dia) values (60, 45, 'strategize customized bandwidth', '09/06/2018');
insert into Promocion (numPromo, descuento, condiciones, dia) values (61, 84, 'strategize plug-and-play mindshare', '06/14/2019');
insert into Promocion (numPromo, descuento, condiciones, dia) values (62, 36, 'envisioneer efficient convergence', '05/15/2018');
insert into Promocion (numPromo, descuento, condiciones, dia) values (63, 86, 'iterate granular networks', '02/12/2019');
insert into Promocion (numPromo, descuento, condiciones, dia) values (64, 72, 'integrate robust niches', '12/16/2019');
insert into Promocion (numPromo, descuento, condiciones, dia) values (65, 47, 'cultivate global technologies', '10/21/2018');
insert into Promocion (numPromo, descuento, condiciones, dia) values (66, 88, 'transform dynamic eyeballs', '12/07/2019');
insert into Promocion (numPromo, descuento, condiciones, dia) values (67, 73, 'monetize collaborative niches', '10/15/2019');
insert into Promocion (numPromo, descuento, condiciones, dia) values (68, 34, 'morph end-to-end e-markets', '02/21/2019');
insert into Promocion (numPromo, descuento, condiciones, dia) values (69, 9, 'e-enable collaborative e-tailers', '07/18/2019');
insert into Promocion (numPromo, descuento, condiciones, dia) values (70, 50, 'transform collaborative paradigms', '06/08/2019');
insert into Promocion (numPromo, descuento, condiciones, dia) values (71, 22, 'engage vertical e-services', '07/24/2018');
insert into Promocion (numPromo, descuento, condiciones, dia) values (72, 4, 'target bricks-and-clicks schemas', '03/03/2019');
insert into Promocion (numPromo, descuento, condiciones, dia) values (73, 25, 'empower transparent mindshare', '06/03/2018');
insert into Promocion (numPromo, descuento, condiciones, dia) values (74, 31, 'transition integrated functionalities', '05/14/2019');
insert into Promocion (numPromo, descuento, condiciones, dia) values (75, 95, 'grow mission-critical web-readiness', '03/06/2019');
insert into Promocion (numPromo, descuento, condiciones, dia) values (76, 35, 'implement magnetic paradigms', '08/30/2019');
insert into Promocion (numPromo, descuento, condiciones, dia) values (77, 81, 'cultivate cutting-edge metrics', '08/05/2019');
insert into Promocion (numPromo, descuento, condiciones, dia) values (78, 100, 'cultivate real-time eyeballs', '06/17/2019');
insert into Promocion (numPromo, descuento, condiciones, dia) values (79, 93, 'leverage scalable markets', '05/26/2018');
insert into Promocion (numPromo, descuento, condiciones, dia) values (80, 35, 'revolutionize front-end deliverables', '09/12/2018');
insert into Promocion (numPromo, descuento, condiciones, dia) values (81, 24, 'integrate compelling schemas', '06/30/2019');
insert into Promocion (numPromo, descuento, condiciones, dia) values (82, 14, 'drive mission-critical infomediaries', '04/23/2018');
insert into Promocion (numPromo, descuento, condiciones, dia) values (83, 75, 'optimize distributed e-services', '03/06/2019');
insert into Promocion (numPromo, descuento, condiciones, dia) values (84, 33, 'harness compelling ROI', '07/08/2019');
insert into Promocion (numPromo, descuento, condiciones, dia) values (85, 35, 'architect dot-com applications', '10/13/2018');
insert into Promocion (numPromo, descuento, condiciones, dia) values (86, 88, 'revolutionize end-to-end communities', '11/03/2018');
insert into Promocion (numPromo, descuento, condiciones, dia) values (87, 48, 'incentivize compelling schemas', '05/29/2019');
insert into Promocion (numPromo, descuento, condiciones, dia) values (88, 73, 'incentivize dynamic users', '05/20/2018');
insert into Promocion (numPromo, descuento, condiciones, dia) values (89, 34, 'architect collaborative niches', '10/27/2019');
insert into Promocion (numPromo, descuento, condiciones, dia) values (90, 9, 'reinvent interactive infomediaries', '06/14/2019');
insert into Promocion (numPromo, descuento, condiciones, dia) values (91, 58, 'generate dot-com technologies', '07/15/2018');
insert into Promocion (numPromo, descuento, condiciones, dia) values (92, 45, 'enhance collaborative functionalities', '12/06/2018');
insert into Promocion (numPromo, descuento, condiciones, dia) values (93, 36, 'orchestrate enterprise web services', '05/23/2019');
insert into Promocion (numPromo, descuento, condiciones, dia) values (94, 48, 'grow wireless content', '01/14/2019');
insert into Promocion (numPromo, descuento, condiciones, dia) values (95, 34, 'redefine frictionless e-business', '07/01/2018');
insert into Promocion (numPromo, descuento, condiciones, dia) values (96, 70, 'embrace robust e-markets', '12/01/2018');
insert into Promocion (numPromo, descuento, condiciones, dia) values (97, 76, 'optimize next-generation e-markets', '07/26/2018');
insert into Promocion (numPromo, descuento, condiciones, dia) values (98, 21, 'e-enable transparent ROI', '06/21/2018');
insert into Promocion (numPromo, descuento, condiciones, dia) values (99, 53, 'engineer e-business solutions', '12/27/2019');
insert into Promocion (numPromo, descuento, condiciones, dia) values (100, 32, 'reintermediate turn-key communities', '09/23/2018');

insert into AplicarPromo (numPromo, idPlatillo) values (1, 10);
insert into AplicarPromo (numPromo, idPlatillo) values (2, 11);
insert into AplicarPromo (numPromo, idPlatillo) values (3, 15);
insert into AplicarPromo (numPromo, idPlatillo) values (4, 12);
insert into AplicarPromo (numPromo, idPlatillo) values (5, 4);
insert into AplicarPromo (numPromo, idPlatillo) values (6, 13);
insert into AplicarPromo (numPromo, idPlatillo) values (7, 9);
insert into AplicarPromo (numPromo, idPlatillo) values (8, 2);
insert into AplicarPromo (numPromo, idPlatillo) values (9, 1);
insert into AplicarPromo (numPromo, idPlatillo) values (10, 13);
insert into AplicarPromo (numPromo, idPlatillo) values (11, 7);
insert into AplicarPromo (numPromo, idPlatillo) values (12, 2);
insert into AplicarPromo (numPromo, idPlatillo) values (13, 11);
insert into AplicarPromo (numPromo, idPlatillo) values (14, 13);
insert into AplicarPromo (numPromo, idPlatillo) values (15, 11);
insert into AplicarPromo (numPromo, idPlatillo) values (16, 9);
insert into AplicarPromo (numPromo, idPlatillo) values (17, 5);
insert into AplicarPromo (numPromo, idPlatillo) values (18, 8);
insert into AplicarPromo (numPromo, idPlatillo) values (19, 3);
insert into AplicarPromo (numPromo, idPlatillo) values (20, 10);
insert into AplicarPromo (numPromo, idPlatillo) values (21, 13);
insert into AplicarPromo (numPromo, idPlatillo) values (22, 12);
insert into AplicarPromo (numPromo, idPlatillo) values (23, 7);
insert into AplicarPromo (numPromo, idPlatillo) values (24, 1);
insert into AplicarPromo (numPromo, idPlatillo) values (25, 10);
insert into AplicarPromo (numPromo, idPlatillo) values (26, 3);
insert into AplicarPromo (numPromo, idPlatillo) values (27, 13);
insert into AplicarPromo (numPromo, idPlatillo) values (28, 15);
insert into AplicarPromo (numPromo, idPlatillo) values (29, 9);
insert into AplicarPromo (numPromo, idPlatillo) values (30, 12);
insert into AplicarPromo (numPromo, idPlatillo) values (31, 1);
insert into AplicarPromo (numPromo, idPlatillo) values (32, 8);
insert into AplicarPromo (numPromo, idPlatillo) values (33, 15);
insert into AplicarPromo (numPromo, idPlatillo) values (34, 1);
insert into AplicarPromo (numPromo, idPlatillo) values (35, 8);
insert into AplicarPromo (numPromo, idPlatillo) values (36, 6);
insert into AplicarPromo (numPromo, idPlatillo) values (37, 5);
insert into AplicarPromo (numPromo, idPlatillo) values (38, 11);
insert into AplicarPromo (numPromo, idPlatillo) values (39, 15);
insert into AplicarPromo (numPromo, idPlatillo) values (40, 2);
insert into AplicarPromo (numPromo, idPlatillo) values (41, 11);
insert into AplicarPromo (numPromo, idPlatillo) values (42, 11);
insert into AplicarPromo (numPromo, idPlatillo) values (43, 12);
insert into AplicarPromo (numPromo, idPlatillo) values (44, 4);
insert into AplicarPromo (numPromo, idPlatillo) values (45, 12);
insert into AplicarPromo (numPromo, idPlatillo) values (46, 10);
insert into AplicarPromo (numPromo, idPlatillo) values (47, 4);
insert into AplicarPromo (numPromo, idPlatillo) values (48, 8);
insert into AplicarPromo (numPromo, idPlatillo) values (49, 5);
insert into AplicarPromo (numPromo, idPlatillo) values (50, 2);
insert into AplicarPromo (numPromo, idPlatillo) values (51, 15);
insert into AplicarPromo (numPromo, idPlatillo) values (52, 13);
insert into AplicarPromo (numPromo, idPlatillo) values (53, 6);
insert into AplicarPromo (numPromo, idPlatillo) values (54, 6);
insert into AplicarPromo (numPromo, idPlatillo) values (55, 3);
insert into AplicarPromo (numPromo, idPlatillo) values (56, 11);
insert into AplicarPromo (numPromo, idPlatillo) values (57, 12);
insert into AplicarPromo (numPromo, idPlatillo) values (58, 13);
insert into AplicarPromo (numPromo, idPlatillo) values (59, 6);
insert into AplicarPromo (numPromo, idPlatillo) values (60, 12);
insert into AplicarPromo (numPromo, idPlatillo) values (61, 7);
insert into AplicarPromo (numPromo, idPlatillo) values (62, 10);
insert into AplicarPromo (numPromo, idPlatillo) values (63, 9);
insert into AplicarPromo (numPromo, idPlatillo) values (64, 4);
insert into AplicarPromo (numPromo, idPlatillo) values (65, 14);
insert into AplicarPromo (numPromo, idPlatillo) values (66, 15);
insert into AplicarPromo (numPromo, idPlatillo) values (67, 12);
insert into AplicarPromo (numPromo, idPlatillo) values (68, 11);
insert into AplicarPromo (numPromo, idPlatillo) values (69, 5);
insert into AplicarPromo (numPromo, idPlatillo) values (70, 5);
insert into AplicarPromo (numPromo, idPlatillo) values (71, 4);
insert into AplicarPromo (numPromo, idPlatillo) values (72, 15);
insert into AplicarPromo (numPromo, idPlatillo) values (73, 7);
insert into AplicarPromo (numPromo, idPlatillo) values (74, 5);
insert into AplicarPromo (numPromo, idPlatillo) values (75, 11);
insert into AplicarPromo (numPromo, idPlatillo) values (76, 13);
insert into AplicarPromo (numPromo, idPlatillo) values (77, 12);
insert into AplicarPromo (numPromo, idPlatillo) values (78, 10);
insert into AplicarPromo (numPromo, idPlatillo) values (79, 7);
insert into AplicarPromo (numPromo, idPlatillo) values (80, 14);
insert into AplicarPromo (numPromo, idPlatillo) values (81, 3);
insert into AplicarPromo (numPromo, idPlatillo) values (82, 15);
insert into AplicarPromo (numPromo, idPlatillo) values (83, 14);
insert into AplicarPromo (numPromo, idPlatillo) values (84, 10);
insert into AplicarPromo (numPromo, idPlatillo) values (85, 12);
insert into AplicarPromo (numPromo, idPlatillo) values (86, 12);
insert into AplicarPromo (numPromo, idPlatillo) values (87, 1);
insert into AplicarPromo (numPromo, idPlatillo) values (88, 9);
insert into AplicarPromo (numPromo, idPlatillo) values (89, 8);
insert into AplicarPromo (numPromo, idPlatillo) values (90, 4);
insert into AplicarPromo (numPromo, idPlatillo) values (91, 8);
insert into AplicarPromo (numPromo, idPlatillo) values (92, 3);
insert into AplicarPromo (numPromo, idPlatillo) values (93, 9);
insert into AplicarPromo (numPromo, idPlatillo) values (94, 2);
insert into AplicarPromo (numPromo, idPlatillo) values (95, 14);
insert into AplicarPromo (numPromo, idPlatillo) values (96, 1);
insert into AplicarPromo (numPromo, idPlatillo) values (97, 9);
insert into AplicarPromo (numPromo, idPlatillo) values (98, 3);
insert into AplicarPromo (numPromo, idPlatillo) values (99, 2);
insert into AplicarPromo (numPromo, idPlatillo) values (100, 9);

insert into ClienteE (idClienteE, nombre, calle, avenida, numExt, CPC) values (3732, 'Analiese', 'Warrior', 'Erie', '06443', 41144);
insert into ClienteE (idClienteE, nombre, calle, avenida, numExt, CPC) values (7173, 'Rollo', 'Briar Crest', 'Maple Wood', '96087', 38064);
insert into ClienteE (idClienteE, nombre, calle, avenida, numExt, CPC) values (4728, 'Glennie', 'Sunnyside', 'Eastlawn', '5', 69871);
insert into ClienteE (idClienteE, nombre, calle, avenida, numExt, CPC) values (1436, 'Kippy', 'Washington', 'Boyd', '94', 86893);
insert into ClienteE (idClienteE, nombre, calle, avenida, numExt, CPC) values (2995, 'Carling', 'Kinsman', 'Homewood', '0', 17043);
insert into ClienteE (idClienteE, nombre, calle, avenida, numExt, CPC) values (6692, 'Charin', 'Weeping Birch', 'Bartelt', '9', 16277);
insert into ClienteE (idClienteE, nombre, calle, avenida, numExt, CPC) values (9556, 'Hiram', 'Hazelcrest', 'Carpenter', '105', 89933);
insert into ClienteE (idClienteE, nombre, calle, avenida, numExt, CPC) values (3781, 'Odelia', 'Crownhardt', 'Kenwood', '42', 64155);
insert into ClienteE (idClienteE, nombre, calle, avenida, numExt, CPC) values (4493, 'Orel', 'Rieder', 'Melby', '49101', 40355);
insert into ClienteE (idClienteE, nombre, calle, avenida, numExt, CPC) values (3330, 'Phillip', 'Ludington', 'Moulton', '1', 63305);
insert into ClienteE (idClienteE, nombre, calle, avenida, numExt, CPC) values (8241, 'Gawain', 'Rowland', 'Rowland', '1158', 73623);
insert into ClienteE (idClienteE, nombre, calle, avenida, numExt, CPC) values (3852, 'Maggy', 'Havey', 'Quincy', '8546', 37754);
insert into ClienteE (idClienteE, nombre, calle, avenida, numExt, CPC) values (1271, 'Isidor', 'Basil', 'Anhalt', '39241', 87847);
insert into ClienteE (idClienteE, nombre, calle, avenida, numExt, CPC) values (5498, 'Colin', 'Dryden', 'School', '0', 17177);
insert into ClienteE (idClienteE, nombre, calle, avenida, numExt, CPC) values (7637, 'Chiarra', 'Gale', 'Swallow', '5665', 28627);
insert into ClienteE (idClienteE, nombre, calle, avenida, numExt, CPC) values (9400, 'Wally', '6th', 'Shopko', '59771', 90549);
insert into ClienteE (idClienteE, nombre, calle, avenida, numExt, CPC) values (5995, 'Alejandrina', 'Grim', 'Oxford', '8628', 22419);
insert into ClienteE (idClienteE, nombre, calle, avenida, numExt, CPC) values (6148, 'Gerrard', 'Manley', 'Schurz', '987', 29258);
insert into ClienteE (idClienteE, nombre, calle, avenida, numExt, CPC) values (6179, 'Carmen', 'Springview', 'Blackbird', '972', 45838);
insert into ClienteE (idClienteE, nombre, calle, avenida, numExt, CPC) values (6254, 'Carey', 'Paget', 'Eggendart', '52348', 47127);
insert into ClienteE (idClienteE, nombre, calle, avenida, numExt, CPC) values (9902, 'Daphna', 'Northwestern', 'Corscot', '609', 81753);
insert into ClienteE (idClienteE, nombre, calle, avenida, numExt, CPC) values (9521, 'Katey', 'Sherman', 'Oriole', '2', 86723);
insert into ClienteE (idClienteE, nombre, calle, avenida, numExt, CPC) values (4314, 'Charmian', 'Little Fleur', 'Elgar', '084', 57594);
insert into ClienteE (idClienteE, nombre, calle, avenida, numExt, CPC) values (2124, 'Harlin', 'Melvin', 'Nobel', '3', 65570);
insert into ClienteE (idClienteE, nombre, calle, avenida, numExt, CPC) values (4838, 'Iormina', 'Lotheville', 'John Wall', '38143', 91183);
insert into ClienteE (idClienteE, nombre, calle, avenida, numExt, CPC) values (2123, 'Grantley', 'Anthes', 'Esker', '712', 97930);
insert into ClienteE (idClienteE, nombre, calle, avenida, numExt, CPC) values (8219, 'Lek', 'Hanover', 'Magdeline', '53647', 42239);
insert into ClienteE (idClienteE, nombre, calle, avenida, numExt, CPC) values (7093, 'Myrna', 'Mosinee', 'Lawn', '5', 96277);
insert into ClienteE (idClienteE, nombre, calle, avenida, numExt, CPC) values (1524, 'Fulvia', 'Mandrake', 'Atwood', '930', 54936);
insert into ClienteE (idClienteE, nombre, calle, avenida, numExt, CPC) values (2949, 'Lida', 'Dryden', 'Everett', '5811', 96920);
insert into ClienteE (idClienteE, nombre, calle, avenida, numExt, CPC) values (6080, 'Yancey', 'Raven', 'Southridge', '5180', 15140);
insert into ClienteE (idClienteE, nombre, calle, avenida, numExt, CPC) values (8061, 'Aaron', 'Holmberg', 'Kim', '40', 77627);
insert into ClienteE (idClienteE, nombre, calle, avenida, numExt, CPC) values (8254, 'Ruby', 'Golden Leaf', 'Anniversary', '60910', 73815);
insert into ClienteE (idClienteE, nombre, calle, avenida, numExt, CPC) values (9962, 'Tedra', 'Delaware', 'Blaine', '62', 16236);
insert into ClienteE (idClienteE, nombre, calle, avenida, numExt, CPC) values (4490, 'Pascal', 'Anniversary', 'Homewood', '75', 65129);
insert into ClienteE (idClienteE, nombre, calle, avenida, numExt, CPC) values (6520, 'Kat', 'Namekagon', 'Maryland', '7809', 78723);
insert into ClienteE (idClienteE, nombre, calle, avenida, numExt, CPC) values (1175, 'Garvy', 'Del Sol', 'Grayhawk', '5', 20773);
insert into ClienteE (idClienteE, nombre, calle, avenida, numExt, CPC) values (1919, 'Miranda', 'Kim', 'Prentice', '391', 50004);
insert into ClienteE (idClienteE, nombre, calle, avenida, numExt, CPC) values (4042, 'Anderson', 'Lakeland', 'Cascade', '981', 91321);
insert into ClienteE (idClienteE, nombre, calle, avenida, numExt, CPC) values (2499, 'Deb', 'Cascade', 'Annamark', '291', 13857);
insert into ClienteE (idClienteE, nombre, calle, avenida, numExt, CPC) values (8201, 'Jordon', 'Utah', 'Hermina', '28', 17929);
insert into ClienteE (idClienteE, nombre, calle, avenida, numExt, CPC) values (1743, 'Malynda', 'Raven', 'Stone Corner', '136', 21389);
insert into ClienteE (idClienteE, nombre, calle, avenida, numExt, CPC) values (5075, 'Freeland', 'Bluejay', 'Kingsford', '016', 56545);
insert into ClienteE (idClienteE, nombre, calle, avenida, numExt, CPC) values (4861, 'Daune', 'Artisan', 'Everett', '20', 88518);
insert into ClienteE (idClienteE, nombre, calle, avenida, numExt, CPC) values (6407, 'Pasquale', 'Northwestern', 'Harbort', '81470', 37332);
insert into ClienteE (idClienteE, nombre, calle, avenida, numExt, CPC) values (9523, 'Dun', 'Chive', 'Gulseth', '7615', 21210);
insert into ClienteE (idClienteE, nombre, calle, avenida, numExt, CPC) values (3333, 'Keen', 'Lukken', 'Mandrake', '8', 62054);
insert into ClienteE (idClienteE, nombre, calle, avenida, numExt, CPC) values (2251, 'Allie', 'Arizona', 'Scott', '1', 37316);
insert into ClienteE (idClienteE, nombre, calle, avenida, numExt, CPC) values (7294, 'Gertrudis', 'Elka', 'Fallview', '91196', 42310);
insert into ClienteE (idClienteE, nombre, calle, avenida, numExt, CPC) values (6549, 'Karlen', 'Ohio', 'Milwaukee', '3', 13141);
insert into ClienteE (idClienteE, nombre, calle, avenida, numExt, CPC) values (9858, 'Sinclare', 'Novick', 'Kennedy', '5', 80041);
insert into ClienteE (idClienteE, nombre, calle, avenida, numExt, CPC) values (7297, 'Darbie', 'Lake View', 'Stone Corner', '05', 14522);
insert into ClienteE (idClienteE, nombre, calle, avenida, numExt, CPC) values (7929, 'Tyler', 'Roxbury', 'Claremont', '56753', 26297);
insert into ClienteE (idClienteE, nombre, calle, avenida, numExt, CPC) values (5626, 'Kin', 'Northwestern', 'Eagan', '85602', 27706);
insert into ClienteE (idClienteE, nombre, calle, avenida, numExt, CPC) values (1198, 'Blythe', 'Thierer', 'Porter', '250', 19258);
insert into ClienteE (idClienteE, nombre, calle, avenida, numExt, CPC) values (8896, 'Scot', '7th', 'Marcy', '15113', 80561);
insert into ClienteE (idClienteE, nombre, calle, avenida, numExt, CPC) values (6552, 'Jere', 'Shasta', 'Grim', '006', 19897);
insert into ClienteE (idClienteE, nombre, calle, avenida, numExt, CPC) values (4932, 'Lennard', 'Cherokee', 'Londonderry', '41', 20558);
insert into ClienteE (idClienteE, nombre, calle, avenida, numExt, CPC) values (6015, 'Sonja', 'Golf Course', 'Buell', '7417', 78616);
insert into ClienteE (idClienteE, nombre, calle, avenida, numExt, CPC) values (3824, 'Teri', 'Shoshone', 'Oneill', '14', 34820);
insert into ClienteE (idClienteE, nombre, calle, avenida, numExt, CPC) values (5382, 'Currey', 'Kennedy', 'Kings', '4967', 23539);
insert into ClienteE (idClienteE, nombre, calle, avenida, numExt, CPC) values (8671, 'Cacilia', 'Valley Edge', 'Upham', '963', 64503);
insert into ClienteE (idClienteE, nombre, calle, avenida, numExt, CPC) values (4933, 'Lewiss', 'Crest Line', 'Straubel', '177', 17019);
insert into ClienteE (idClienteE, nombre, calle, avenida, numExt, CPC) values (5282, 'Gaven', 'Evergreen', 'South', '98628', 95385);
insert into ClienteE (idClienteE, nombre, calle, avenida, numExt, CPC) values (8311, 'Dyana', 'Canary', 'Utah', '91', 33899);
insert into ClienteE (idClienteE, nombre, calle, avenida, numExt, CPC) values (5313, 'Tish', 'Elgar', 'Pearson', '93269', 79991);
insert into ClienteE (idClienteE, nombre, calle, avenida, numExt, CPC) values (7157, 'Estevan', 'La Follette', 'Mitchell', '13641', 67033);
insert into ClienteE (idClienteE, nombre, calle, avenida, numExt, CPC) values (6128, 'Krissie', 'Pearson', 'Ridgeway', '2', 82647);
insert into ClienteE (idClienteE, nombre, calle, avenida, numExt, CPC) values (2617, 'Troy', 'Rockefeller', 'Talisman', '442', 20521);
insert into ClienteE (idClienteE, nombre, calle, avenida, numExt, CPC) values (2165, 'Frederic', 'Londonderry', 'Hanson', '8597', 91576);
insert into ClienteE (idClienteE, nombre, calle, avenida, numExt, CPC) values (2802, 'Sayre', 'Anniversary', 'Browning', '86', 54731);
insert into ClienteE (idClienteE, nombre, calle, avenida, numExt, CPC) values (2014, 'Cesya', 'Mosinee', 'Fulton', '9', 98948);
insert into ClienteE (idClienteE, nombre, calle, avenida, numExt, CPC) values (9387, 'Shani', 'Commercial', 'Lighthouse Bay', '17', 53971);
insert into ClienteE (idClienteE, nombre, calle, avenida, numExt, CPC) values (5986, 'Lulu', 'Cascade', 'Warner', '6164', 93064);
insert into ClienteE (idClienteE, nombre, calle, avenida, numExt, CPC) values (8004, 'Torry', 'Texas', 'Kim', '3546', 63346);
insert into ClienteE (idClienteE, nombre, calle, avenida, numExt, CPC) values (1325, 'Tamqrah', 'Sachs', 'Tony', '4', 34616);
insert into ClienteE (idClienteE, nombre, calle, avenida, numExt, CPC) values (4000, 'Tobe', 'Rigney', 'Mitchell', '0744', 34711);
insert into ClienteE (idClienteE, nombre, calle, avenida, numExt, CPC) values (3879, 'Abraham', 'Alpine', 'Hintze', '96', 63647);
insert into ClienteE (idClienteE, nombre, calle, avenida, numExt, CPC) values (4302, 'Clarisse', 'Bay', 'Toban', '68', 16056);
insert into ClienteE (idClienteE, nombre, calle, avenida, numExt, CPC) values (6378, 'Rae', 'Crest Line', 'Macpherson', '34', 17783);
insert into ClienteE (idClienteE, nombre, calle, avenida, numExt, CPC) values (4027, 'Andonis', 'Banding', 'Elmside', '344', 41238);
insert into ClienteE (idClienteE, nombre, calle, avenida, numExt, CPC) values (9025, 'Korella', 'Maywood', 'Hoffman', '6', 77772);
insert into ClienteE (idClienteE, nombre, calle, avenida, numExt, CPC) values (5052, 'Rena', 'Bluestem', 'Blue Bill Park', '19560', 89897);
insert into ClienteE (idClienteE, nombre, calle, avenida, numExt, CPC) values (8054, 'Tate', 'Pearson', 'High Crossing', '2041', 19859);
insert into ClienteE (idClienteE, nombre, calle, avenida, numExt, CPC) values (2073, 'Drusie', 'Scoville', 'Spaight', '97', 77819);
insert into ClienteE (idClienteE, nombre, calle, avenida, numExt, CPC) values (5249, 'Conny', 'Continental', 'Drewry', '91', 93549);
insert into ClienteE (idClienteE, nombre, calle, avenida, numExt, CPC) values (7381, 'Dino', 'Quincy', 'Autumn Leaf', '67615', 75297);
insert into ClienteE (idClienteE, nombre, calle, avenida, numExt, CPC) values (5829, 'Charmine', 'Claremont', 'Merry', '958', 29873);
insert into ClienteE (idClienteE, nombre, calle, avenida, numExt, CPC) values (5112, 'Herta', 'Oak', '7th', '65', 92760);
insert into ClienteE (idClienteE, nombre, calle, avenida, numExt, CPC) values (8047, 'Yvette', 'Anhalt', 'Haas', '538', 47110);
insert into ClienteE (idClienteE, nombre, calle, avenida, numExt, CPC) values (6054, 'Craggy', 'Ohio', 'Prairie Rose', '8089', 77129);
insert into ClienteE (idClienteE, nombre, calle, avenida, numExt, CPC) values (5481, 'Pietro', 'Calypso', 'Vermont', '0', 45685);
insert into ClienteE (idClienteE, nombre, calle, avenida, numExt, CPC) values (7250, 'Tremaine', 'Dwight', 'Hoffman', '3', 27623);
insert into ClienteE (idClienteE, nombre, calle, avenida, numExt, CPC) values (3379, 'Berri', 'Corry', 'Ronald Regan', '1688', 13180);
insert into ClienteE (idClienteE, nombre, calle, avenida, numExt, CPC) values (6507, 'Hedvig', 'Riverside', 'Sutherland', '8', 21745);
insert into ClienteE (idClienteE, nombre, calle, avenida, numExt, CPC) values (6600, 'Quentin', '1st', 'Stephen', '798', 78619);
insert into ClienteE (idClienteE, nombre, calle, avenida, numExt, CPC) values (7001, 'Pier', 'Carioca', 'Manufacturers', '719', 61076);
insert into ClienteE (idClienteE, nombre, calle, avenida, numExt, CPC) values (7178, 'Darryl', 'Northwestern', 'Jenna', '71151', 69172);
insert into ClienteE (idClienteE, nombre, calle, avenida, numExt, CPC) values (5220, 'Vlad', 'Swallow', 'Redwing', '26', 76592);
insert into ClienteE (idClienteE, nombre, calle, avenida, numExt, CPC) values (1165, 'Merrie', 'Darwin', 'West', '987', 70420);

insert into TaqueroCorazon (idP, idCliente) values (1, 1165);
insert into TaqueroCorazon (idP, idCliente) values (2, 1175);
insert into TaqueroCorazon (idP, idCliente) values (3, 1198);
insert into TaqueroCorazon (idP, idCliente) values (4, 1271);
insert into TaqueroCorazon (idP, idCliente) values (5, 1325);
insert into TaqueroCorazon (idP, idCliente) values (6, 1436);
insert into TaqueroCorazon (idP, idCliente) values (7, 1524);
insert into TaqueroCorazon (idP, idCliente) values (8, 1743);
insert into TaqueroCorazon (idP, idCliente) values (9, 1919);
insert into TaqueroCorazon (idP, idCliente) values (10, 2014);
insert into TaqueroCorazon (idP, idCliente) values (11, 2073);
insert into TaqueroCorazon (idP, idCliente) values (12, 2123);
insert into TaqueroCorazon (idP, idCliente) values (13, 2124);
insert into TaqueroCorazon (idP, idCliente) values (14, 2165);
insert into TaqueroCorazon (idP, idCliente) values (15, 2251);
insert into TaqueroCorazon (idP, idCliente) values (16, 2499);
insert into TaqueroCorazon (idP, idCliente) values (17, 2617);
insert into TaqueroCorazon (idP, idCliente) values (18, 2802);
insert into TaqueroCorazon (idP, idCliente) values (19, 2949);
insert into TaqueroCorazon (idP, idCliente) values (20, 2995);
insert into TaqueroCorazon (idP, idCliente) values (21, 3330);
insert into TaqueroCorazon (idP, idCliente) values (22, 3333);
insert into TaqueroCorazon (idP, idCliente) values (23, 3379);
insert into TaqueroCorazon (idP, idCliente) values (24, 3732);
insert into TaqueroCorazon (idP, idCliente) values (25, 3781);
insert into TaqueroCorazon (idP, idCliente) values (26, 3824);
insert into TaqueroCorazon (idP, idCliente) values (27, 3852);
insert into TaqueroCorazon (idP, idCliente) values (28, 3879);
insert into TaqueroCorazon (idP, idCliente) values (29, 4000);
insert into TaqueroCorazon (idP, idCliente) values (30, 4027);
insert into TaqueroCorazon (idP, idCliente) values (31, 4042);
insert into TaqueroCorazon (idP, idCliente) values (32, 4302);
insert into TaqueroCorazon (idP, idCliente) values (33, 4314);
insert into TaqueroCorazon (idP, idCliente) values (34, 4490);
insert into TaqueroCorazon (idP, idCliente) values (35, 4493);
insert into TaqueroCorazon (idP, idCliente) values (36, 4728);
insert into TaqueroCorazon (idP, idCliente) values (37, 4838);
insert into TaqueroCorazon (idP, idCliente) values (38, 4861);
insert into TaqueroCorazon (idP, idCliente) values (39, 4932);
insert into TaqueroCorazon (idP, idCliente) values (40, 4933);
insert into TaqueroCorazon (idP, idCliente) values (41, 5052);
insert into TaqueroCorazon (idP, idCliente) values (42, 5075);
insert into TaqueroCorazon (idP, idCliente) values (43, 5112);
insert into TaqueroCorazon (idP, idCliente) values (44, 5220);
insert into TaqueroCorazon (idP, idCliente) values (45, 5249);
insert into TaqueroCorazon (idP, idCliente) values (46, 5282);
insert into TaqueroCorazon (idP, idCliente) values (47, 5313);
insert into TaqueroCorazon (idP, idCliente) values (48, 5382);
insert into TaqueroCorazon (idP, idCliente) values (49, 5481);
insert into TaqueroCorazon (idP, idCliente) values (50, 5498);
insert into TaqueroCorazon (idP, idCliente) values (51, 5626);
insert into TaqueroCorazon (idP, idCliente) values (52, 5829);
insert into TaqueroCorazon (idP, idCliente) values (53, 5986);
insert into TaqueroCorazon (idP, idCliente) values (54, 5995);
insert into TaqueroCorazon (idP, idCliente) values (55, 6015);
insert into TaqueroCorazon (idP, idCliente) values (56, 6054);
insert into TaqueroCorazon (idP, idCliente) values (57, 6080);
insert into TaqueroCorazon (idP, idCliente) values (58, 6128);
insert into TaqueroCorazon (idP, idCliente) values (59, 6148);
insert into TaqueroCorazon (idP, idCliente) values (60, 6179);
insert into TaqueroCorazon (idP, idCliente) values (61, 6254);
insert into TaqueroCorazon (idP, idCliente) values (62, 6378);
insert into TaqueroCorazon (idP, idCliente) values (63, 6407);
insert into TaqueroCorazon (idP, idCliente) values (64, 6507);
insert into TaqueroCorazon (idP, idCliente) values (65, 6520);
insert into TaqueroCorazon (idP, idCliente) values (66, 6549);
insert into TaqueroCorazon (idP, idCliente) values (67, 6552);
insert into TaqueroCorazon (idP, idCliente) values (68, 6600);
insert into TaqueroCorazon (idP, idCliente) values (69, 6692);
insert into TaqueroCorazon (idP, idCliente) values (70, 7001);
insert into TaqueroCorazon (idP, idCliente) values (71, 7093);
insert into TaqueroCorazon (idP, idCliente) values (72, 7157);
insert into TaqueroCorazon (idP, idCliente) values (73, 7173);
insert into TaqueroCorazon (idP, idCliente) values (74, 7178);
insert into TaqueroCorazon (idP, idCliente) values (75, 7250);
insert into TaqueroCorazon (idP, idCliente) values (76, 7294);
insert into TaqueroCorazon (idP, idCliente) values (77, 7297);
insert into TaqueroCorazon (idP, idCliente) values (78, 7381);
insert into TaqueroCorazon (idP, idCliente) values (79, 7637);
insert into TaqueroCorazon (idP, idCliente) values (80, 7929);
insert into TaqueroCorazon (idP, idCliente) values (81, 8004);
insert into TaqueroCorazon (idP, idCliente) values (82, 8047);
insert into TaqueroCorazon (idP, idCliente) values (83, 8054);
insert into TaqueroCorazon (idP, idCliente) values (84, 8061);
insert into TaqueroCorazon (idP, idCliente) values (85, 8201);
insert into TaqueroCorazon (idP, idCliente) values (86, 8219);
insert into TaqueroCorazon (idP, idCliente) values (87, 8241);
insert into TaqueroCorazon (idP, idCliente) values (88, 8254);
insert into TaqueroCorazon (idP, idCliente) values (89, 8311);
insert into TaqueroCorazon (idP, idCliente) values (90, 8671);
insert into TaqueroCorazon (idP, idCliente) values (91, 8896);
insert into TaqueroCorazon (idP, idCliente) values (92, 9025);
insert into TaqueroCorazon (idP, idCliente) values (93, 9387);
insert into TaqueroCorazon (idP, idCliente) values (94, 9400);
insert into TaqueroCorazon (idP, idCliente) values (95, 9521);
insert into TaqueroCorazon (idP, idCliente) values (96, 9523);
insert into TaqueroCorazon (idP, idCliente) values (97, 9556);
insert into TaqueroCorazon (idP, idCliente) values (98, 9858);
insert into TaqueroCorazon (idP, idCliente) values (99, 9902);
insert into TaqueroCorazon (idP, idCliente) values (100, 9962);

insert into PedidoDomicilioE (numPedidoDE, idP, idCliente, fechaPedido, formaPago, CURP) values (1, 1, 1165, '12/09/2018', 'Tarjeta', 'MAVC19931124MCBIH8');
insert into PedidoDomicilioE (numPedidoDE, idP, idCliente, fechaPedido, formaPago, CURP) values (2, 2, 1175, '09/22/2019', 'Efectivo', 'FUHL19931022MLSAY5');
insert into PedidoDomicilioE (numPedidoDE, idP, idCliente, fechaPedido, formaPago, CURP) values (3, 3, 1198, '05/28/2019', 'Efectivo', 'ZUTA19861113FAPHR8');
insert into PedidoDomicilioE (numPedidoDE, idP, idCliente, fechaPedido, formaPago, CURP) values (4, 4, 1271, '05/08/2018', 'Tarjeta', 'BESG19921029FGACU2');
insert into PedidoDomicilioE (numPedidoDE, idP, idCliente, fechaPedido, formaPago, CURP) values (5, 5, 1325, '06/11/2019', 'Tarjeta', 'REHL19911019MLAOU9');
insert into PedidoDomicilioE (numPedidoDE, idP, idCliente, fechaPedido, formaPago, CURP) values (6, 6, 1436, '10/30/2018', 'Efectivo', 'SAHC19991025FCBOH1');
insert into PedidoDomicilioE (numPedidoDE, idP, idCliente, fechaPedido, formaPago, CURP) values (7, 7, 1524, '09/18/2019', 'Efectivo', 'CHDL19911124MLEUI2');
insert into PedidoDomicilioE (numPedidoDE, idP, idCliente, fechaPedido, formaPago, CURP) values (8, 8, 1743, '09/10/2018', 'Tarjeta', 'DEPJ19961026FJNAA1');
insert into PedidoDomicilioE (numPedidoDE, idP, idCliente, fechaPedido, formaPago, CURP) values (9, 9, 1919, '07/05/2019', 'Tarjeta', 'LEHM19901110MMLAA3');
insert into PedidoDomicilioE (numPedidoDE, idP, idCliente, fechaPedido, formaPago, CURP) values (10, 10, 2014, '06/12/2019', 'Tarjeta', 'CHDL19911124MLEUI2');
insert into PedidoDomicilioE (numPedidoDE, idP, idCliente, fechaPedido, formaPago, CURP) values (11, 11, 2073, '05/19/2019', 'Efectivo', 'VISQ19841115MQTHU9');
insert into PedidoDomicilioE (numPedidoDE, idP, idCliente, fechaPedido, formaPago, CURP) values (12, 12, 2123, '08/03/2019', 'Tarjeta', 'SAHC19991025FCBOH1');
insert into PedidoDomicilioE (numPedidoDE, idP, idCliente, fechaPedido, formaPago, CURP) values (13, 13, 2124, '04/09/2018', 'Tarjeta', 'TOVK19931019MKFEN2');
insert into PedidoDomicilioE (numPedidoDE, idP, idCliente, fechaPedido, formaPago, CURP) values (14, 14, 2165, '10/12/2018', 'Tarjeta', 'BRAK19861115MKARA1');
insert into PedidoDomicilioE (numPedidoDE, idP, idCliente, fechaPedido, formaPago, CURP) values (15, 15, 2251, '11/08/2019', 'Tarjeta', 'LOBS19831229FSTAA6');
insert into PedidoDomicilioE (numPedidoDE, idP, idCliente, fechaPedido, formaPago, CURP) values (16, 16, 2499, '12/28/2018', 'Efectivo', 'MCEA19941016FAHMR2');
insert into PedidoDomicilioE (numPedidoDE, idP, idCliente, fechaPedido, formaPago, CURP) values (17, 17, 2617, '07/01/2018', 'Tarjeta', 'STMG19931213FGUOI3');
insert into PedidoDomicilioE (numPedidoDE, idP, idCliente, fechaPedido, formaPago, CURP) values (18, 18, 2802, '02/03/2019', 'Tarjeta', 'GRMG19811214MGAIE3');
insert into PedidoDomicilioE (numPedidoDE, idP, idCliente, fechaPedido, formaPago, CURP) values (19, 19, 2949, '10/12/2019', 'Tarjeta', 'LEBC19831123FCMER7');
insert into PedidoDomicilioE (numPedidoDE, idP, idCliente, fechaPedido, formaPago, CURP) values (20, 20, 2995, '09/18/2018', 'Efectivo', 'REHL19911019MLAOU9');
insert into PedidoDomicilioE (numPedidoDE, idP, idCliente, fechaPedido, formaPago, CURP) values (21, 21, 3330, '07/16/2018', 'Efectivo', 'GOMT19931117MTUIR4');
insert into PedidoDomicilioE (numPedidoDE, idP, idCliente, fechaPedido, formaPago, CURP) values (22, 22, 3333, '09/25/2018', 'Efectivo', 'LOTR19931026MRSOO7');
insert into PedidoDomicilioE (numPedidoDE, idP, idCliente, fechaPedido, formaPago, CURP) values (23, 23, 3379, '04/21/2019', 'Efectivo', 'MOTD19821127MDUWE4');
insert into PedidoDomicilioE (numPedidoDE, idP, idCliente, fechaPedido, formaPago, CURP) values (24, 24, 3732, '07/08/2018', 'Tarjeta', 'MOTD19821127MDUWE4');
insert into PedidoDomicilioE (numPedidoDE, idP, idCliente, fechaPedido, formaPago, CURP) values (25, 25, 3781, '01/16/2019', 'Efectivo', 'MAVC19931124MCBIH8');
insert into PedidoDomicilioE (numPedidoDE, idP, idCliente, fechaPedido, formaPago, CURP) values (26, 26, 3824, '06/15/2019', 'Efectivo', 'MCSL19801010MLAEO4');
insert into PedidoDomicilioE (numPedidoDE, idP, idCliente, fechaPedido, formaPago, CURP) values (27, 27, 3852, '03/02/2019', 'Tarjeta', 'ROLC19981014MCWOA3');
insert into PedidoDomicilioE (numPedidoDE, idP, idCliente, fechaPedido, formaPago, CURP) values (28, 28, 3879, '05/13/2019', 'Tarjeta', 'OLMJ19881115MJYEE9');
insert into PedidoDomicilioE (numPedidoDE, idP, idCliente, fechaPedido, formaPago, CURP) values (29, 29, 4000, '06/04/2018', 'Tarjeta', 'WAPE19941112FELAS3');
insert into PedidoDomicilioE (numPedidoDE, idP, idCliente, fechaPedido, formaPago, CURP) values (30, 30, 4027, '08/05/2019', 'Tarjeta', 'BESG19921029FGACU2');
insert into PedidoDomicilioE (numPedidoDE, idP, idCliente, fechaPedido, formaPago, CURP) values (31, 31, 4042, '11/20/2018', 'Efectivo', 'STSC19911120FCOCO4');
insert into PedidoDomicilioE (numPedidoDE, idP, idCliente, fechaPedido, formaPago, CURP) values (32, 32, 4302, '10/14/2019', 'Tarjeta', 'CHDL19911124MLEUI2');
insert into PedidoDomicilioE (numPedidoDE, idP, idCliente, fechaPedido, formaPago, CURP) values (33, 33, 4314, '12/18/2019', 'Efectivo', 'TOVK19931019MKFEN2');
insert into PedidoDomicilioE (numPedidoDE, idP, idCliente, fechaPedido, formaPago, CURP) values (34, 34, 4490, '09/05/2018', 'Tarjeta', 'WAPE19941112FELAS3');
insert into PedidoDomicilioE (numPedidoDE, idP, idCliente, fechaPedido, formaPago, CURP) values (35, 35, 4493, '04/06/2019', 'Tarjeta', 'BUDB20001020FBGUR7');
insert into PedidoDomicilioE (numPedidoDE, idP, idCliente, fechaPedido, formaPago, CURP) values (36, 36, 4728, '09/21/2018', 'Efectivo', 'WODC19851018MCOEL5');
insert into PedidoDomicilioE (numPedidoDE, idP, idCliente, fechaPedido, formaPago, CURP) values (37, 37, 4838, '09/07/2018', 'Tarjeta', 'GOMT19931117MTUIR4');
insert into PedidoDomicilioE (numPedidoDE, idP, idCliente, fechaPedido, formaPago, CURP) values (38, 38, 4861, '03/09/2019', 'Tarjeta', 'MUCI19871124MIIHV7');
insert into PedidoDomicilioE (numPedidoDE, idP, idCliente, fechaPedido, formaPago, CURP) values (39, 39, 4932, '06/01/2019', 'Tarjeta', 'REHL19911019MLAOU9');
insert into PedidoDomicilioE (numPedidoDE, idP, idCliente, fechaPedido, formaPago, CURP) values (40, 40, 4933, '08/23/2018', 'Efectivo', 'LEPG19811219MGTRI6');
insert into PedidoDomicilioE (numPedidoDE, idP, idCliente, fechaPedido, formaPago, CURP) values (41, 41, 5052, '07/04/2019', 'Tarjeta', 'VISQ19841115MQTHU9');
insert into PedidoDomicilioE (numPedidoDE, idP, idCliente, fechaPedido, formaPago, CURP) values (42, 42, 5075, '11/08/2019', 'Tarjeta', 'ROLC19981014MCWOA3');
insert into PedidoDomicilioE (numPedidoDE, idP, idCliente, fechaPedido, formaPago, CURP) values (43, 43, 5112, '09/18/2019', 'Efectivo', 'ROHO19941021MOSAL2');
insert into PedidoDomicilioE (numPedidoDE, idP, idCliente, fechaPedido, formaPago, CURP) values (44, 44, 5220, '08/30/2019', 'Efectivo', 'MCSL19801010MLAEO4');
insert into PedidoDomicilioE (numPedidoDE, idP, idCliente, fechaPedido, formaPago, CURP) values (45, 45, 5249, '09/17/2018', 'Efectivo', 'LEPG19811219MGTRI6');
insert into PedidoDomicilioE (numPedidoDE, idP, idCliente, fechaPedido, formaPago, CURP) values (46, 46, 5282, '08/12/2019', 'Tarjeta', 'ROHO19941021MOSAL2');
insert into PedidoDomicilioE (numPedidoDE, idP, idCliente, fechaPedido, formaPago, CURP) values (47, 47, 5313, '12/08/2018', 'Tarjeta', 'ROLC19981014MCWOA3');
insert into PedidoDomicilioE (numPedidoDE, idP, idCliente, fechaPedido, formaPago, CURP) values (48, 48, 5382, '10/30/2019', 'Efectivo', 'BRAK19861115MKARA1');
insert into PedidoDomicilioE (numPedidoDE, idP, idCliente, fechaPedido, formaPago, CURP) values (49, 49, 5481, '10/26/2018', 'Efectivo', 'CHSA19951215FAAML6');
insert into PedidoDomicilioE (numPedidoDE, idP, idCliente, fechaPedido, formaPago, CURP) values (50, 50, 5498, '04/24/2018', 'Efectivo', 'PIHE19841211FETAV7');
insert into PedidoDomicilioE (numPedidoDE, idP, idCliente, fechaPedido, formaPago, CURP) values (51, 51, 5626, '03/23/2018', 'Efectivo', 'TOVK19931019MKFEN2');
insert into PedidoDomicilioE (numPedidoDE, idP, idCliente, fechaPedido, formaPago, CURP) values (52, 52, 5829, '03/11/2019', 'Tarjeta', 'CAAI19871121FILPD1');
insert into PedidoDomicilioE (numPedidoDE, idP, idCliente, fechaPedido, formaPago, CURP) values (53, 53, 5986, '11/11/2018', 'Tarjeta', 'ADSK19991027MKDHA2');
insert into PedidoDomicilioE (numPedidoDE, idP, idCliente, fechaPedido, formaPago, CURP) values (54, 54, 5995, '11/10/2019', 'Tarjeta', 'MCSL19801010MLAEO4');
insert into PedidoDomicilioE (numPedidoDE, idP, idCliente, fechaPedido, formaPago, CURP) values (55, 55, 6015, '11/19/2019', 'Efectivo', 'SPRA19831210MAOON5');
insert into PedidoDomicilioE (numPedidoDE, idP, idCliente, fechaPedido, formaPago, CURP) values (56, 56, 6054, '07/07/2018', 'Tarjeta', 'OLMJ19881115MJYEE9');
insert into PedidoDomicilioE (numPedidoDE, idP, idCliente, fechaPedido, formaPago, CURP) values (57, 57, 6080, '03/15/2019', 'Efectivo', 'ZUTA19861113FAPHR8');
insert into PedidoDomicilioE (numPedidoDE, idP, idCliente, fechaPedido, formaPago, CURP) values (58, 58, 6128, '08/16/2019', 'Efectivo', 'REHL19911019MLAOU9');
insert into PedidoDomicilioE (numPedidoDE, idP, idCliente, fechaPedido, formaPago, CURP) values (59, 59, 6148, '09/26/2018', 'Efectivo', 'LOTR19931026MRSOO7');
insert into PedidoDomicilioE (numPedidoDE, idP, idCliente, fechaPedido, formaPago, CURP) values (60, 60, 6179, '09/11/2018', 'Tarjeta', 'LOTR19931026MRSOO7');
insert into PedidoDomicilioE (numPedidoDE, idP, idCliente, fechaPedido, formaPago, CURP) values (61, 61, 6254, '12/24/2019', 'Efectivo', 'REHL19911019MLAOU9');
insert into PedidoDomicilioE (numPedidoDE, idP, idCliente, fechaPedido, formaPago, CURP) values (62, 62, 6378, '10/15/2018', 'Efectivo', 'LOBS19831229FSTAA6');
insert into PedidoDomicilioE (numPedidoDE, idP, idCliente, fechaPedido, formaPago, CURP) values (63, 63, 6407, '02/26/2019', 'Efectivo', 'SHEA19991023FAADL8');
insert into PedidoDomicilioE (numPedidoDE, idP, idCliente, fechaPedido, formaPago, CURP) values (64, 64, 6507, '09/21/2019', 'Efectivo', 'BOPT19801122MTSAR8');
insert into PedidoDomicilioE (numPedidoDE, idP, idCliente, fechaPedido, formaPago, CURP) values (65, 65, 6520, '01/12/2019', 'Tarjeta', 'WAPE19941112FELAS3');
insert into PedidoDomicilioE (numPedidoDE, idP, idCliente, fechaPedido, formaPago, CURP) values (66, 66, 6549, '04/18/2018', 'Efectivo', 'MOTD19821127MDUWE4');
insert into PedidoDomicilioE (numPedidoDE, idP, idCliente, fechaPedido, formaPago, CURP) values (67, 67, 6552, '08/17/2019', 'Efectivo', 'MUCI19871124MIIHV7');
insert into PedidoDomicilioE (numPedidoDE, idP, idCliente, fechaPedido, formaPago, CURP) values (68, 68, 6600, '03/16/2018', 'Efectivo', 'SAHC19991025FCBOH1');
insert into PedidoDomicilioE (numPedidoDE, idP, idCliente, fechaPedido, formaPago, CURP) values (69, 69, 6692, '12/15/2019', 'Efectivo', 'SPRA19831210MAOON5');
insert into PedidoDomicilioE (numPedidoDE, idP, idCliente, fechaPedido, formaPago, CURP) values (70, 70, 7001, '09/08/2019', 'Tarjeta', 'LOBS19831229FSTAA6');
insert into PedidoDomicilioE (numPedidoDE, idP, idCliente, fechaPedido, formaPago, CURP) values (71, 71, 7093, '06/09/2019', 'Tarjeta', 'STMG19931213FGUOI3');
insert into PedidoDomicilioE (numPedidoDE, idP, idCliente, fechaPedido, formaPago, CURP) values (72, 72, 7157, '01/26/2019', 'Efectivo', 'ONWG19931020FGEOE3');
insert into PedidoDomicilioE (numPedidoDE, idP, idCliente, fechaPedido, formaPago, CURP) values (73, 73, 7173, '12/06/2019', 'Tarjeta', 'ONWG19931020FGEOE3');
insert into PedidoDomicilioE (numPedidoDE, idP, idCliente, fechaPedido, formaPago, CURP) values (74, 74, 7178, '05/12/2019', 'Tarjeta', 'OLMJ19881115MJYEE9');
insert into PedidoDomicilioE (numPedidoDE, idP, idCliente, fechaPedido, formaPago, CURP) values (75, 75, 7250, '02/05/2019', 'Tarjeta', 'STSC19911120FCOCO4');
insert into PedidoDomicilioE (numPedidoDE, idP, idCliente, fechaPedido, formaPago, CURP) values (76, 76, 7294, '08/22/2019', 'Efectivo', 'SAHC19991025FCBOH1');
insert into PedidoDomicilioE (numPedidoDE, idP, idCliente, fechaPedido, formaPago, CURP) values (77, 77, 7297, '04/04/2018', 'Tarjeta', 'ZUTA19861113FAPHR8');
insert into PedidoDomicilioE (numPedidoDE, idP, idCliente, fechaPedido, formaPago, CURP) values (78, 78, 7381, '03/24/2019', 'Efectivo', 'CHSA19951215FAAML6');
insert into PedidoDomicilioE (numPedidoDE, idP, idCliente, fechaPedido, formaPago, CURP) values (79, 79, 7637, '05/12/2019', 'Tarjeta', 'LEPG19811219MGTRI6');
insert into PedidoDomicilioE (numPedidoDE, idP, idCliente, fechaPedido, formaPago, CURP) values (80, 80, 7929, '08/04/2019', 'Tarjeta', 'WODC19851018MCOEL5');
insert into PedidoDomicilioE (numPedidoDE, idP, idCliente, fechaPedido, formaPago, CURP) values (81, 81, 8004, '11/13/2019', 'Tarjeta', 'MAVC19931124MCBIH8');
insert into PedidoDomicilioE (numPedidoDE, idP, idCliente, fechaPedido, formaPago, CURP) values (82, 82, 8047, '04/29/2018', 'Efectivo', 'MCEA19941016FAHMR2');
insert into PedidoDomicilioE (numPedidoDE, idP, idCliente, fechaPedido, formaPago, CURP) values (83, 83, 8054, '05/16/2019', 'Efectivo', 'TOVK19931019MKFEN2');
insert into PedidoDomicilioE (numPedidoDE, idP, idCliente, fechaPedido, formaPago, CURP) values (84, 84, 8061, '09/30/2019', 'Efectivo', 'LOTR19931026MRSOO7');
insert into PedidoDomicilioE (numPedidoDE, idP, idCliente, fechaPedido, formaPago, CURP) values (85, 85, 8201, '08/25/2019', 'Efectivo', 'DEPJ19961026FJNAA1');
insert into PedidoDomicilioE (numPedidoDE, idP, idCliente, fechaPedido, formaPago, CURP) values (86, 86, 8219, '11/02/2019', 'Tarjeta', 'ONWG19931020FGEOE3');
insert into PedidoDomicilioE (numPedidoDE, idP, idCliente, fechaPedido, formaPago, CURP) values (87, 87, 8241, '05/19/2019', 'Efectivo', 'BRAK19861115MKARA1');
insert into PedidoDomicilioE (numPedidoDE, idP, idCliente, fechaPedido, formaPago, CURP) values (88, 88, 8254, '03/26/2018', 'Efectivo', 'ONWG19931020FGEOE3');
insert into PedidoDomicilioE (numPedidoDE, idP, idCliente, fechaPedido, formaPago, CURP) values (89, 89, 8311, '11/04/2018', 'Tarjeta', 'STMG19931213FGUOI3');
insert into PedidoDomicilioE (numPedidoDE, idP, idCliente, fechaPedido, formaPago, CURP) values (90, 90, 8671, '08/11/2019', 'Tarjeta', 'LEBC19831123FCMER7');
insert into PedidoDomicilioE (numPedidoDE, idP, idCliente, fechaPedido, formaPago, CURP) values (91, 91, 8896, '08/21/2019', 'Efectivo', 'TOVK19931019MKFEN2');
insert into PedidoDomicilioE (numPedidoDE, idP, idCliente, fechaPedido, formaPago, CURP) values (92, 92, 9025, '05/09/2018', 'Tarjeta', 'SHEA19991023FAADL8');
insert into PedidoDomicilioE (numPedidoDE, idP, idCliente, fechaPedido, formaPago, CURP) values (93, 93, 9387, '06/22/2018', 'Efectivo', 'LEPG19811219MGTRI6');
insert into PedidoDomicilioE (numPedidoDE, idP, idCliente, fechaPedido, formaPago, CURP) values (94, 94, 9400, '08/25/2018', 'Efectivo', 'CHDL19911124MLEUI2');
insert into PedidoDomicilioE (numPedidoDE, idP, idCliente, fechaPedido, formaPago, CURP) values (95, 95, 9521, '06/09/2019', 'Tarjeta', 'MCSL19801010MLAEO4');
insert into PedidoDomicilioE (numPedidoDE, idP, idCliente, fechaPedido, formaPago, CURP) values (96, 96, 9523, '01/03/2019', 'Tarjeta', 'MCSL19801010MLAEO4');
insert into PedidoDomicilioE (numPedidoDE, idP, idCliente, fechaPedido, formaPago, CURP) values (97, 97, 9556, '09/13/2018', 'Tarjeta', 'FUHL19931022MLSAY5');
insert into PedidoDomicilioE (numPedidoDE, idP, idCliente, fechaPedido, formaPago, CURP) values (98, 98, 9858, '02/18/2019', 'Efectivo', 'MAVC19931124MCBIH8');
insert into PedidoDomicilioE (numPedidoDE, idP, idCliente, fechaPedido, formaPago, CURP) values (99, 99, 9902, '02/24/2019', 'Efectivo', 'ROHO19941021MOSAL2');
insert into PedidoDomicilioE (numPedidoDE, idP, idCliente, fechaPedido, formaPago, CURP) values (100, 100, 9962, '10/29/2018', 'Efectivo', 'WODC19851018MCOEL5');

insert into PedidoPersonalE (numPedidoPE, idP, idCliente, fechaPedido, formaPago) values (1, 1, 1165, '02/01/2019', 'Tarjeta');
insert into PedidoPersonalE (numPedidoPE, idP, idCliente, fechaPedido, formaPago) values (2, 2, 1175, '06/27/2019', 'Efectivo');
insert into PedidoPersonalE (numPedidoPE, idP, idCliente, fechaPedido, formaPago) values (3, 3, 1198, '11/23/2018', 'Efectivo');
insert into PedidoPersonalE (numPedidoPE, idP, idCliente, fechaPedido, formaPago) values (4, 4, 1271, '02/24/2019', 'Efectivo');
insert into PedidoPersonalE (numPedidoPE, idP, idCliente, fechaPedido, formaPago) values (5, 5, 1325, '06/05/2019', 'Tarjeta');
insert into PedidoPersonalE (numPedidoPE, idP, idCliente, fechaPedido, formaPago) values (6, 6, 1436, '05/28/2018', 'Efectivo');
insert into PedidoPersonalE (numPedidoPE, idP, idCliente, fechaPedido, formaPago) values (7, 7, 1524, '12/20/2018', 'Efectivo');
insert into PedidoPersonalE (numPedidoPE, idP, idCliente, fechaPedido, formaPago) values (8, 8, 1743, '09/03/2019', 'Tarjeta');
insert into PedidoPersonalE (numPedidoPE, idP, idCliente, fechaPedido, formaPago) values (9, 9, 1919, '09/15/2018', 'Efectivo');
insert into PedidoPersonalE (numPedidoPE, idP, idCliente, fechaPedido, formaPago) values (10, 10, 2014, '09/27/2018', 'Efectivo');
insert into PedidoPersonalE (numPedidoPE, idP, idCliente, fechaPedido, formaPago) values (11, 11, 2073, '12/26/2019', 'Efectivo');
insert into PedidoPersonalE (numPedidoPE, idP, idCliente, fechaPedido, formaPago) values (12, 12, 2123, '09/22/2019', 'Efectivo');
insert into PedidoPersonalE (numPedidoPE, idP, idCliente, fechaPedido, formaPago) values (13, 13, 2124, '05/27/2019', 'Efectivo');
insert into PedidoPersonalE (numPedidoPE, idP, idCliente, fechaPedido, formaPago) values (14, 14, 2165, '07/21/2019', 'Efectivo');
insert into PedidoPersonalE (numPedidoPE, idP, idCliente, fechaPedido, formaPago) values (15, 15, 2251, '06/25/2018', 'Efectivo');
insert into PedidoPersonalE (numPedidoPE, idP, idCliente, fechaPedido, formaPago) values (16, 16, 2499, '09/23/2018', 'Efectivo');
insert into PedidoPersonalE (numPedidoPE, idP, idCliente, fechaPedido, formaPago) values (17, 17, 2617, '12/20/2018', 'Efectivo');
insert into PedidoPersonalE (numPedidoPE, idP, idCliente, fechaPedido, formaPago) values (18, 18, 2802, '12/07/2018', 'Tarjeta');
insert into PedidoPersonalE (numPedidoPE, idP, idCliente, fechaPedido, formaPago) values (19, 19, 2949, '10/12/2019', 'Tarjeta');
insert into PedidoPersonalE (numPedidoPE, idP, idCliente, fechaPedido, formaPago) values (20, 20, 2995, '06/03/2018', 'Tarjeta');
insert into PedidoPersonalE (numPedidoPE, idP, idCliente, fechaPedido, formaPago) values (21, 21, 3330, '09/15/2018', 'Efectivo');
insert into PedidoPersonalE (numPedidoPE, idP, idCliente, fechaPedido, formaPago) values (22, 22, 3333, '06/21/2018', 'Efectivo');
insert into PedidoPersonalE (numPedidoPE, idP, idCliente, fechaPedido, formaPago) values (23, 23, 3379, '10/04/2018', 'Tarjeta');
insert into PedidoPersonalE (numPedidoPE, idP, idCliente, fechaPedido, formaPago) values (24, 24, 3732, '07/08/2018', 'Tarjeta');
insert into PedidoPersonalE (numPedidoPE, idP, idCliente, fechaPedido, formaPago) values (25, 25, 3781, '11/26/2018', 'Efectivo');
insert into PedidoPersonalE (numPedidoPE, idP, idCliente, fechaPedido, formaPago) values (26, 26, 3824, '05/03/2019', 'Tarjeta');
insert into PedidoPersonalE (numPedidoPE, idP, idCliente, fechaPedido, formaPago) values (27, 27, 3852, '03/23/2019', 'Efectivo');
insert into PedidoPersonalE (numPedidoPE, idP, idCliente, fechaPedido, formaPago) values (28, 28, 3879, '07/28/2018', 'Efectivo');
insert into PedidoPersonalE (numPedidoPE, idP, idCliente, fechaPedido, formaPago) values (29, 29, 4000, '03/16/2018', 'Efectivo');
insert into PedidoPersonalE (numPedidoPE, idP, idCliente, fechaPedido, formaPago) values (30, 30, 4027, '12/27/2019', 'Efectivo');
insert into PedidoPersonalE (numPedidoPE, idP, idCliente, fechaPedido, formaPago) values (31, 31, 4042, '01/13/2019', 'Tarjeta');
insert into PedidoPersonalE (numPedidoPE, idP, idCliente, fechaPedido, formaPago) values (32, 32, 4302, '10/22/2018', 'Efectivo');
insert into PedidoPersonalE (numPedidoPE, idP, idCliente, fechaPedido, formaPago) values (33, 33, 4314, '02/25/2019', 'Efectivo');
insert into PedidoPersonalE (numPedidoPE, idP, idCliente, fechaPedido, formaPago) values (34, 34, 4490, '04/06/2018', 'Tarjeta');
insert into PedidoPersonalE (numPedidoPE, idP, idCliente, fechaPedido, formaPago) values (35, 35, 4493, '10/08/2019', 'Tarjeta');
insert into PedidoPersonalE (numPedidoPE, idP, idCliente, fechaPedido, formaPago) values (36, 36, 4728, '12/12/2018', 'Tarjeta');
insert into PedidoPersonalE (numPedidoPE, idP, idCliente, fechaPedido, formaPago) values (37, 37, 4838, '04/01/2019', 'Tarjeta');
insert into PedidoPersonalE (numPedidoPE, idP, idCliente, fechaPedido, formaPago) values (38, 38, 4861, '07/24/2018', 'Efectivo');
insert into PedidoPersonalE (numPedidoPE, idP, idCliente, fechaPedido, formaPago) values (39, 39, 4932, '10/30/2019', 'Efectivo');
insert into PedidoPersonalE (numPedidoPE, idP, idCliente, fechaPedido, formaPago) values (40, 40, 4933, '06/07/2019', 'Tarjeta');
insert into PedidoPersonalE (numPedidoPE, idP, idCliente, fechaPedido, formaPago) values (41, 41, 5052, '10/15/2019', 'Efectivo');
insert into PedidoPersonalE (numPedidoPE, idP, idCliente, fechaPedido, formaPago) values (42, 42, 5075, '10/04/2018', 'Tarjeta');
insert into PedidoPersonalE (numPedidoPE, idP, idCliente, fechaPedido, formaPago) values (43, 43, 5112, '09/27/2018', 'Efectivo');
insert into PedidoPersonalE (numPedidoPE, idP, idCliente, fechaPedido, formaPago) values (44, 44, 5220, '08/09/2019', 'Tarjeta');
insert into PedidoPersonalE (numPedidoPE, idP, idCliente, fechaPedido, formaPago) values (45, 45, 5249, '06/20/2018', 'Efectivo');
insert into PedidoPersonalE (numPedidoPE, idP, idCliente, fechaPedido, formaPago) values (46, 46, 5282, '06/21/2019', 'Efectivo');
insert into PedidoPersonalE (numPedidoPE, idP, idCliente, fechaPedido, formaPago) values (47, 47, 5313, '12/05/2018', 'Tarjeta');
insert into PedidoPersonalE (numPedidoPE, idP, idCliente, fechaPedido, formaPago) values (48, 48, 5382, '11/18/2018', 'Efectivo');
insert into PedidoPersonalE (numPedidoPE, idP, idCliente, fechaPedido, formaPago) values (49, 49, 5481, '10/07/2019', 'Tarjeta');
insert into PedidoPersonalE (numPedidoPE, idP, idCliente, fechaPedido, formaPago) values (50, 50, 5498, '12/29/2018', 'Efectivo');
insert into PedidoPersonalE (numPedidoPE, idP, idCliente, fechaPedido, formaPago) values (51, 51, 5626, '08/16/2018', 'Efectivo');
insert into PedidoPersonalE (numPedidoPE, idP, idCliente, fechaPedido, formaPago) values (52, 52, 5829, '04/30/2019', 'Efectivo');
insert into PedidoPersonalE (numPedidoPE, idP, idCliente, fechaPedido, formaPago) values (53, 53, 5986, '04/28/2018', 'Efectivo');
insert into PedidoPersonalE (numPedidoPE, idP, idCliente, fechaPedido, formaPago) values (54, 54, 5995, '06/08/2018', 'Tarjeta');
insert into PedidoPersonalE (numPedidoPE, idP, idCliente, fechaPedido, formaPago) values (55, 55, 6015, '10/23/2018', 'Efectivo');
insert into PedidoPersonalE (numPedidoPE, idP, idCliente, fechaPedido, formaPago) values (56, 56, 6054, '03/12/2018', 'Tarjeta');
insert into PedidoPersonalE (numPedidoPE, idP, idCliente, fechaPedido, formaPago) values (57, 57, 6080, '04/20/2019', 'Efectivo');
insert into PedidoPersonalE (numPedidoPE, idP, idCliente, fechaPedido, formaPago) values (58, 58, 6128, '06/27/2019', 'Efectivo');
insert into PedidoPersonalE (numPedidoPE, idP, idCliente, fechaPedido, formaPago) values (59, 59, 6148, '09/06/2018', 'Tarjeta');
insert into PedidoPersonalE (numPedidoPE, idP, idCliente, fechaPedido, formaPago) values (60, 60, 6179, '07/13/2018', 'Tarjeta');
insert into PedidoPersonalE (numPedidoPE, idP, idCliente, fechaPedido, formaPago) values (61, 61, 6254, '10/11/2019', 'Tarjeta');
insert into PedidoPersonalE (numPedidoPE, idP, idCliente, fechaPedido, formaPago) values (62, 62, 6378, '08/21/2019', 'Efectivo');
insert into PedidoPersonalE (numPedidoPE, idP, idCliente, fechaPedido, formaPago) values (63, 63, 6407, '10/13/2019', 'Tarjeta');
insert into PedidoPersonalE (numPedidoPE, idP, idCliente, fechaPedido, formaPago) values (64, 64, 6507, '04/11/2018', 'Tarjeta');
insert into PedidoPersonalE (numPedidoPE, idP, idCliente, fechaPedido, formaPago) values (65, 65, 6520, '09/13/2018', 'Tarjeta');
insert into PedidoPersonalE (numPedidoPE, idP, idCliente, fechaPedido, formaPago) values (66, 66, 6549, '10/25/2018', 'Efectivo');
insert into PedidoPersonalE (numPedidoPE, idP, idCliente, fechaPedido, formaPago) values (67, 67, 6552, '09/01/2018', 'Tarjeta');
insert into PedidoPersonalE (numPedidoPE, idP, idCliente, fechaPedido, formaPago) values (68, 68, 6600, '07/23/2018', 'Efectivo');
insert into PedidoPersonalE (numPedidoPE, idP, idCliente, fechaPedido, formaPago) values (69, 69, 6692, '10/09/2019', 'Tarjeta');
insert into PedidoPersonalE (numPedidoPE, idP, idCliente, fechaPedido, formaPago) values (70, 70, 7001, '02/06/2019', 'Tarjeta');
insert into PedidoPersonalE (numPedidoPE, idP, idCliente, fechaPedido, formaPago) values (71, 71, 7093, '08/17/2019', 'Efectivo');
insert into PedidoPersonalE (numPedidoPE, idP, idCliente, fechaPedido, formaPago) values (72, 72, 7157, '09/06/2018', 'Tarjeta');
insert into PedidoPersonalE (numPedidoPE, idP, idCliente, fechaPedido, formaPago) values (73, 73, 7173, '10/21/2019', 'Efectivo');
insert into PedidoPersonalE (numPedidoPE, idP, idCliente, fechaPedido, formaPago) values (74, 74, 7178, '12/07/2019', 'Tarjeta');
insert into PedidoPersonalE (numPedidoPE, idP, idCliente, fechaPedido, formaPago) values (75, 75, 7250, '02/09/2019', 'Tarjeta');
insert into PedidoPersonalE (numPedidoPE, idP, idCliente, fechaPedido, formaPago) values (76, 76, 7294, '09/07/2018', 'Tarjeta');
insert into PedidoPersonalE (numPedidoPE, idP, idCliente, fechaPedido, formaPago) values (77, 77, 7297, '12/02/2019', 'Tarjeta');
insert into PedidoPersonalE (numPedidoPE, idP, idCliente, fechaPedido, formaPago) values (78, 78, 7381, '05/18/2018', 'Efectivo');
insert into PedidoPersonalE (numPedidoPE, idP, idCliente, fechaPedido, formaPago) values (79, 79, 7637, '02/21/2019', 'Efectivo');
insert into PedidoPersonalE (numPedidoPE, idP, idCliente, fechaPedido, formaPago) values (80, 80, 7929, '11/22/2018', 'Efectivo');
insert into PedidoPersonalE (numPedidoPE, idP, idCliente, fechaPedido, formaPago) values (81, 81, 8004, '08/16/2019', 'Efectivo');
insert into PedidoPersonalE (numPedidoPE, idP, idCliente, fechaPedido, formaPago) values (82, 82, 8047, '06/24/2018', 'Efectivo');
insert into PedidoPersonalE (numPedidoPE, idP, idCliente, fechaPedido, formaPago) values (83, 83, 8054, '04/16/2019', 'Efectivo');
insert into PedidoPersonalE (numPedidoPE, idP, idCliente, fechaPedido, formaPago) values (84, 84, 8061, '10/03/2019', 'Tarjeta');
insert into PedidoPersonalE (numPedidoPE, idP, idCliente, fechaPedido, formaPago) values (85, 85, 8201, '11/05/2018', 'Tarjeta');
insert into PedidoPersonalE (numPedidoPE, idP, idCliente, fechaPedido, formaPago) values (86, 86, 8219, '08/25/2019', 'Efectivo');
insert into PedidoPersonalE (numPedidoPE, idP, idCliente, fechaPedido, formaPago) values (87, 87, 8241, '06/27/2018', 'Efectivo');
insert into PedidoPersonalE (numPedidoPE, idP, idCliente, fechaPedido, formaPago) values (88, 88, 8254, '11/28/2018', 'Efectivo');
insert into PedidoPersonalE (numPedidoPE, idP, idCliente, fechaPedido, formaPago) values (89, 89, 8311, '04/14/2018', 'Tarjeta');
insert into PedidoPersonalE (numPedidoPE, idP, idCliente, fechaPedido, formaPago) values (90, 90, 8671, '11/25/2019', 'Efectivo');
insert into PedidoPersonalE (numPedidoPE, idP, idCliente, fechaPedido, formaPago) values (91, 91, 8896, '09/26/2018', 'Efectivo');
insert into PedidoPersonalE (numPedidoPE, idP, idCliente, fechaPedido, formaPago) values (92, 92, 9025, '09/11/2019', 'Tarjeta');
insert into PedidoPersonalE (numPedidoPE, idP, idCliente, fechaPedido, formaPago) values (93, 93, 9387, '06/07/2018', 'Tarjeta');
insert into PedidoPersonalE (numPedidoPE, idP, idCliente, fechaPedido, formaPago) values (94, 94, 9400, '06/09/2019', 'Tarjeta');
insert into PedidoPersonalE (numPedidoPE, idP, idCliente, fechaPedido, formaPago) values (95, 95, 9521, '01/01/2019', 'Tarjeta');
insert into PedidoPersonalE (numPedidoPE, idP, idCliente, fechaPedido, formaPago) values (96, 96, 9523, '09/03/2019', 'Tarjeta');
insert into PedidoPersonalE (numPedidoPE, idP, idCliente, fechaPedido, formaPago) values (97, 97, 9556, '10/21/2019', 'Efectivo');
insert into PedidoPersonalE (numPedidoPE, idP, idCliente, fechaPedido, formaPago) values (98, 98, 9858, '03/07/2018', 'Tarjeta');
insert into PedidoPersonalE (numPedidoPE, idP, idCliente, fechaPedido, formaPago) values (99, 99, 9902, '05/05/2019', 'Tarjeta');
insert into PedidoPersonalE (numPedidoPE, idP, idCliente, fechaPedido, formaPago) values (100, 100, 9962, '11/22/2019', 'Efectivo');

insert into OrdenarDomicilioE (idPlatillo, numPedido, cantidad) values (5, 1, 1);
insert into OrdenarDomicilioE (idPlatillo, numPedido, cantidad) values (4, 2, 15);
insert into OrdenarDomicilioE (idPlatillo, numPedido, cantidad) values (14, 3, 7);
insert into OrdenarDomicilioE (idPlatillo, numPedido, cantidad) values (7, 4, 13);
insert into OrdenarDomicilioE (idPlatillo, numPedido, cantidad) values (10, 5, 10);
insert into OrdenarDomicilioE (idPlatillo, numPedido, cantidad) values (10, 6, 5);
insert into OrdenarDomicilioE (idPlatillo, numPedido, cantidad) values (14, 7, 2);
insert into OrdenarDomicilioE (idPlatillo, numPedido, cantidad) values (2, 8, 6);
insert into OrdenarDomicilioE (idPlatillo, numPedido, cantidad) values (2, 9, 11);
insert into OrdenarDomicilioE (idPlatillo, numPedido, cantidad) values (2, 10, 12);
insert into OrdenarDomicilioE (idPlatillo, numPedido, cantidad) values (2, 11, 13);
insert into OrdenarDomicilioE (idPlatillo, numPedido, cantidad) values (8, 12, 11);
insert into OrdenarDomicilioE (idPlatillo, numPedido, cantidad) values (11, 13, 3);
insert into OrdenarDomicilioE (idPlatillo, numPedido, cantidad) values (15, 14, 15);
insert into OrdenarDomicilioE (idPlatillo, numPedido, cantidad) values (10, 15, 14);
insert into OrdenarDomicilioE (idPlatillo, numPedido, cantidad) values (4, 16, 2);
insert into OrdenarDomicilioE (idPlatillo, numPedido, cantidad) values (15, 17, 3);
insert into OrdenarDomicilioE (idPlatillo, numPedido, cantidad) values (3, 18, 15);
insert into OrdenarDomicilioE (idPlatillo, numPedido, cantidad) values (12, 19, 9);
insert into OrdenarDomicilioE (idPlatillo, numPedido, cantidad) values (13, 20, 5);
insert into OrdenarDomicilioE (idPlatillo, numPedido, cantidad) values (6, 21, 11);
insert into OrdenarDomicilioE (idPlatillo, numPedido, cantidad) values (1, 22, 4);
insert into OrdenarDomicilioE (idPlatillo, numPedido, cantidad) values (2, 23, 4);
insert into OrdenarDomicilioE (idPlatillo, numPedido, cantidad) values (14, 24, 3);
insert into OrdenarDomicilioE (idPlatillo, numPedido, cantidad) values (1, 25, 15);
insert into OrdenarDomicilioE (idPlatillo, numPedido, cantidad) values (13, 26, 7);
insert into OrdenarDomicilioE (idPlatillo, numPedido, cantidad) values (6, 27, 8);
insert into OrdenarDomicilioE (idPlatillo, numPedido, cantidad) values (11, 28, 3);
insert into OrdenarDomicilioE (idPlatillo, numPedido, cantidad) values (15, 29, 12);
insert into OrdenarDomicilioE (idPlatillo, numPedido, cantidad) values (9, 30, 3);
insert into OrdenarDomicilioE (idPlatillo, numPedido, cantidad) values (9, 31, 6);
insert into OrdenarDomicilioE (idPlatillo, numPedido, cantidad) values (10, 32, 6);
insert into OrdenarDomicilioE (idPlatillo, numPedido, cantidad) values (2, 33, 7);
insert into OrdenarDomicilioE (idPlatillo, numPedido, cantidad) values (6, 34, 8);
insert into OrdenarDomicilioE (idPlatillo, numPedido, cantidad) values (10, 35, 13);
insert into OrdenarDomicilioE (idPlatillo, numPedido, cantidad) values (3, 36, 15);
insert into OrdenarDomicilioE (idPlatillo, numPedido, cantidad) values (9, 37, 2);
insert into OrdenarDomicilioE (idPlatillo, numPedido, cantidad) values (2, 38, 11);
insert into OrdenarDomicilioE (idPlatillo, numPedido, cantidad) values (11, 39, 10);
insert into OrdenarDomicilioE (idPlatillo, numPedido, cantidad) values (2, 40, 7);
insert into OrdenarDomicilioE (idPlatillo, numPedido, cantidad) values (1, 41, 11);
insert into OrdenarDomicilioE (idPlatillo, numPedido, cantidad) values (13, 42, 15);
insert into OrdenarDomicilioE (idPlatillo, numPedido, cantidad) values (2, 43, 9);
insert into OrdenarDomicilioE (idPlatillo, numPedido, cantidad) values (6, 44, 2);
insert into OrdenarDomicilioE (idPlatillo, numPedido, cantidad) values (6, 45, 4);
insert into OrdenarDomicilioE (idPlatillo, numPedido, cantidad) values (3, 46, 1);
insert into OrdenarDomicilioE (idPlatillo, numPedido, cantidad) values (8, 47, 3);
insert into OrdenarDomicilioE (idPlatillo, numPedido, cantidad) values (9, 48, 7);
insert into OrdenarDomicilioE (idPlatillo, numPedido, cantidad) values (11, 49, 14);
insert into OrdenarDomicilioE (idPlatillo, numPedido, cantidad) values (15, 50, 4);
insert into OrdenarDomicilioE (idPlatillo, numPedido, cantidad) values (6, 51, 3);
insert into OrdenarDomicilioE (idPlatillo, numPedido, cantidad) values (8, 52, 8);
insert into OrdenarDomicilioE (idPlatillo, numPedido, cantidad) values (14, 53, 10);
insert into OrdenarDomicilioE (idPlatillo, numPedido, cantidad) values (3, 54, 3);
insert into OrdenarDomicilioE (idPlatillo, numPedido, cantidad) values (2, 55, 12);
insert into OrdenarDomicilioE (idPlatillo, numPedido, cantidad) values (11, 56, 6);
insert into OrdenarDomicilioE (idPlatillo, numPedido, cantidad) values (2, 57, 4);
insert into OrdenarDomicilioE (idPlatillo, numPedido, cantidad) values (5, 58, 11);
insert into OrdenarDomicilioE (idPlatillo, numPedido, cantidad) values (8, 59, 2);
insert into OrdenarDomicilioE (idPlatillo, numPedido, cantidad) values (10, 60, 11);
insert into OrdenarDomicilioE (idPlatillo, numPedido, cantidad) values (2, 61, 2);
insert into OrdenarDomicilioE (idPlatillo, numPedido, cantidad) values (15, 62, 4);
insert into OrdenarDomicilioE (idPlatillo, numPedido, cantidad) values (9, 63, 15);
insert into OrdenarDomicilioE (idPlatillo, numPedido, cantidad) values (3, 64, 3);
insert into OrdenarDomicilioE (idPlatillo, numPedido, cantidad) values (4, 65, 8);
insert into OrdenarDomicilioE (idPlatillo, numPedido, cantidad) values (6, 66, 2);
insert into OrdenarDomicilioE (idPlatillo, numPedido, cantidad) values (10, 67, 10);
insert into OrdenarDomicilioE (idPlatillo, numPedido, cantidad) values (10, 68, 14);
insert into OrdenarDomicilioE (idPlatillo, numPedido, cantidad) values (3, 69, 14);
insert into OrdenarDomicilioE (idPlatillo, numPedido, cantidad) values (12, 70, 9);
insert into OrdenarDomicilioE (idPlatillo, numPedido, cantidad) values (4, 71, 15);
insert into OrdenarDomicilioE (idPlatillo, numPedido, cantidad) values (13, 72, 10);
insert into OrdenarDomicilioE (idPlatillo, numPedido, cantidad) values (2, 73, 2);
insert into OrdenarDomicilioE (idPlatillo, numPedido, cantidad) values (9, 74, 10);
insert into OrdenarDomicilioE (idPlatillo, numPedido, cantidad) values (15, 75, 11);
insert into OrdenarDomicilioE (idPlatillo, numPedido, cantidad) values (5, 76, 10);
insert into OrdenarDomicilioE (idPlatillo, numPedido, cantidad) values (10, 77, 5);
insert into OrdenarDomicilioE (idPlatillo, numPedido, cantidad) values (4, 78, 8);
insert into OrdenarDomicilioE (idPlatillo, numPedido, cantidad) values (12, 79, 6);
insert into OrdenarDomicilioE (idPlatillo, numPedido, cantidad) values (11, 80, 1);
insert into OrdenarDomicilioE (idPlatillo, numPedido, cantidad) values (12, 81, 3);
insert into OrdenarDomicilioE (idPlatillo, numPedido, cantidad) values (9, 82, 2);
insert into OrdenarDomicilioE (idPlatillo, numPedido, cantidad) values (12, 83, 8);
insert into OrdenarDomicilioE (idPlatillo, numPedido, cantidad) values (9, 84, 1);
insert into OrdenarDomicilioE (idPlatillo, numPedido, cantidad) values (7, 85, 11);
insert into OrdenarDomicilioE (idPlatillo, numPedido, cantidad) values (11, 86, 7);
insert into OrdenarDomicilioE (idPlatillo, numPedido, cantidad) values (1, 87, 8);
insert into OrdenarDomicilioE (idPlatillo, numPedido, cantidad) values (9, 88, 12);
insert into OrdenarDomicilioE (idPlatillo, numPedido, cantidad) values (12, 89, 3);
insert into OrdenarDomicilioE (idPlatillo, numPedido, cantidad) values (9, 90, 14);
insert into OrdenarDomicilioE (idPlatillo, numPedido, cantidad) values (5, 91, 11);
insert into OrdenarDomicilioE (idPlatillo, numPedido, cantidad) values (12, 92, 12);
insert into OrdenarDomicilioE (idPlatillo, numPedido, cantidad) values (7, 93, 9);
insert into OrdenarDomicilioE (idPlatillo, numPedido, cantidad) values (13, 94, 6);
insert into OrdenarDomicilioE (idPlatillo, numPedido, cantidad) values (10, 95, 15);
insert into OrdenarDomicilioE (idPlatillo, numPedido, cantidad) values (7, 96, 4);
insert into OrdenarDomicilioE (idPlatillo, numPedido, cantidad) values (1, 97, 14);
insert into OrdenarDomicilioE (idPlatillo, numPedido, cantidad) values (2, 98, 14);
insert into OrdenarDomicilioE (idPlatillo, numPedido, cantidad) values (4, 99, 12);
insert into OrdenarDomicilioE (idPlatillo, numPedido, cantidad) values (4, 100, 2);

insert into OrdenarPersonalE (idPlatillo, numPedido, cantidad) values (12, 1, 3);
insert into OrdenarPersonalE (idPlatillo, numPedido, cantidad) values (2, 2, 15);
insert into OrdenarPersonalE (idPlatillo, numPedido, cantidad) values (12, 3, 3);
insert into OrdenarPersonalE (idPlatillo, numPedido, cantidad) values (14, 4, 5);
insert into OrdenarPersonalE (idPlatillo, numPedido, cantidad) values (8, 5, 4);
insert into OrdenarPersonalE (idPlatillo, numPedido, cantidad) values (15, 6, 11);
insert into OrdenarPersonalE (idPlatillo, numPedido, cantidad) values (1, 7, 13);
insert into OrdenarPersonalE (idPlatillo, numPedido, cantidad) values (6, 8, 2);
insert into OrdenarPersonalE (idPlatillo, numPedido, cantidad) values (5, 9, 7);
insert into OrdenarPersonalE (idPlatillo, numPedido, cantidad) values (2, 10, 8);
insert into OrdenarPersonalE (idPlatillo, numPedido, cantidad) values (3, 11, 11);
insert into OrdenarPersonalE (idPlatillo, numPedido, cantidad) values (5, 12, 14);
insert into OrdenarPersonalE (idPlatillo, numPedido, cantidad) values (11, 13, 14);
insert into OrdenarPersonalE (idPlatillo, numPedido, cantidad) values (12, 14, 3);
insert into OrdenarPersonalE (idPlatillo, numPedido, cantidad) values (14, 15, 5);
insert into OrdenarPersonalE (idPlatillo, numPedido, cantidad) values (8, 16, 8);
insert into OrdenarPersonalE (idPlatillo, numPedido, cantidad) values (7, 17, 8);
insert into OrdenarPersonalE (idPlatillo, numPedido, cantidad) values (14, 18, 14);
insert into OrdenarPersonalE (idPlatillo, numPedido, cantidad) values (11, 19, 7);
insert into OrdenarPersonalE (idPlatillo, numPedido, cantidad) values (15, 20, 4);
insert into OrdenarPersonalE (idPlatillo, numPedido, cantidad) values (6, 21, 1);
insert into OrdenarPersonalE (idPlatillo, numPedido, cantidad) values (14, 22, 8);
insert into OrdenarPersonalE (idPlatillo, numPedido, cantidad) values (13, 23, 2);
insert into OrdenarPersonalE (idPlatillo, numPedido, cantidad) values (1, 24, 3);
insert into OrdenarPersonalE (idPlatillo, numPedido, cantidad) values (7, 25, 3);
insert into OrdenarPersonalE (idPlatillo, numPedido, cantidad) values (12, 26, 4);
insert into OrdenarPersonalE (idPlatillo, numPedido, cantidad) values (11, 27, 4);
insert into OrdenarPersonalE (idPlatillo, numPedido, cantidad) values (4, 28, 12);
insert into OrdenarPersonalE (idPlatillo, numPedido, cantidad) values (14, 29, 9);
insert into OrdenarPersonalE (idPlatillo, numPedido, cantidad) values (2, 30, 13);
insert into OrdenarPersonalE (idPlatillo, numPedido, cantidad) values (4, 31, 7);
insert into OrdenarPersonalE (idPlatillo, numPedido, cantidad) values (4, 32, 15);
insert into OrdenarPersonalE (idPlatillo, numPedido, cantidad) values (1, 33, 13);
insert into OrdenarPersonalE (idPlatillo, numPedido, cantidad) values (15, 34, 12);
insert into OrdenarPersonalE (idPlatillo, numPedido, cantidad) values (6, 35, 11);
insert into OrdenarPersonalE (idPlatillo, numPedido, cantidad) values (1, 36, 10);
insert into OrdenarPersonalE (idPlatillo, numPedido, cantidad) values (11, 37, 7);
insert into OrdenarPersonalE (idPlatillo, numPedido, cantidad) values (5, 38, 13);
insert into OrdenarPersonalE (idPlatillo, numPedido, cantidad) values (6, 39, 13);
insert into OrdenarPersonalE (idPlatillo, numPedido, cantidad) values (8, 40, 13);
insert into OrdenarPersonalE (idPlatillo, numPedido, cantidad) values (12, 41, 8);
insert into OrdenarPersonalE (idPlatillo, numPedido, cantidad) values (3, 42, 5);
insert into OrdenarPersonalE (idPlatillo, numPedido, cantidad) values (15, 43, 3);
insert into OrdenarPersonalE (idPlatillo, numPedido, cantidad) values (11, 44, 2);
insert into OrdenarPersonalE (idPlatillo, numPedido, cantidad) values (1, 45, 10);
insert into OrdenarPersonalE (idPlatillo, numPedido, cantidad) values (12, 46, 11);
insert into OrdenarPersonalE (idPlatillo, numPedido, cantidad) values (2, 47, 5);
insert into OrdenarPersonalE (idPlatillo, numPedido, cantidad) values (10, 48, 6);
insert into OrdenarPersonalE (idPlatillo, numPedido, cantidad) values (15, 49, 12);
insert into OrdenarPersonalE (idPlatillo, numPedido, cantidad) values (12, 50, 4);
insert into OrdenarPersonalE (idPlatillo, numPedido, cantidad) values (15, 51, 6);
insert into OrdenarPersonalE (idPlatillo, numPedido, cantidad) values (7, 52, 3);
insert into OrdenarPersonalE (idPlatillo, numPedido, cantidad) values (5, 53, 5);
insert into OrdenarPersonalE (idPlatillo, numPedido, cantidad) values (10, 54, 11);
insert into OrdenarPersonalE (idPlatillo, numPedido, cantidad) values (14, 55, 3);
insert into OrdenarPersonalE (idPlatillo, numPedido, cantidad) values (9, 56, 12);
insert into OrdenarPersonalE (idPlatillo, numPedido, cantidad) values (8, 57, 15);
insert into OrdenarPersonalE (idPlatillo, numPedido, cantidad) values (13, 58, 1);
insert into OrdenarPersonalE (idPlatillo, numPedido, cantidad) values (15, 59, 15);
insert into OrdenarPersonalE (idPlatillo, numPedido, cantidad) values (2, 60, 6);
insert into OrdenarPersonalE (idPlatillo, numPedido, cantidad) values (3, 61, 6);
insert into OrdenarPersonalE (idPlatillo, numPedido, cantidad) values (4, 62, 6);
insert into OrdenarPersonalE (idPlatillo, numPedido, cantidad) values (4, 63, 4);
insert into OrdenarPersonalE (idPlatillo, numPedido, cantidad) values (7, 64, 1);
insert into OrdenarPersonalE (idPlatillo, numPedido, cantidad) values (2, 65, 6);
insert into OrdenarPersonalE (idPlatillo, numPedido, cantidad) values (4, 66, 3);
insert into OrdenarPersonalE (idPlatillo, numPedido, cantidad) values (1, 67, 10);
insert into OrdenarPersonalE (idPlatillo, numPedido, cantidad) values (15, 68, 9);
insert into OrdenarPersonalE (idPlatillo, numPedido, cantidad) values (12, 69, 12);
insert into OrdenarPersonalE (idPlatillo, numPedido, cantidad) values (8, 70, 11);
insert into OrdenarPersonalE (idPlatillo, numPedido, cantidad) values (14, 71, 10);
insert into OrdenarPersonalE (idPlatillo, numPedido, cantidad) values (1, 72, 8);
insert into OrdenarPersonalE (idPlatillo, numPedido, cantidad) values (14, 73, 1);
insert into OrdenarPersonalE (idPlatillo, numPedido, cantidad) values (15, 74, 2);
insert into OrdenarPersonalE (idPlatillo, numPedido, cantidad) values (7, 75, 10);
insert into OrdenarPersonalE (idPlatillo, numPedido, cantidad) values (5, 76, 12);
insert into OrdenarPersonalE (idPlatillo, numPedido, cantidad) values (11, 77, 13);
insert into OrdenarPersonalE (idPlatillo, numPedido, cantidad) values (14, 78, 12);
insert into OrdenarPersonalE (idPlatillo, numPedido, cantidad) values (14, 79, 1);
insert into OrdenarPersonalE (idPlatillo, numPedido, cantidad) values (6, 80, 11);
insert into OrdenarPersonalE (idPlatillo, numPedido, cantidad) values (15, 81, 7);
insert into OrdenarPersonalE (idPlatillo, numPedido, cantidad) values (1, 82, 1);
insert into OrdenarPersonalE (idPlatillo, numPedido, cantidad) values (15, 83, 9);
insert into OrdenarPersonalE (idPlatillo, numPedido, cantidad) values (1, 84, 8);
insert into OrdenarPersonalE (idPlatillo, numPedido, cantidad) values (8, 85, 7);
insert into OrdenarPersonalE (idPlatillo, numPedido, cantidad) values (11, 86, 15);
insert into OrdenarPersonalE (idPlatillo, numPedido, cantidad) values (6, 87, 13);
insert into OrdenarPersonalE (idPlatillo, numPedido, cantidad) values (15, 88, 15);
insert into OrdenarPersonalE (idPlatillo, numPedido, cantidad) values (2, 89, 15);
insert into OrdenarPersonalE (idPlatillo, numPedido, cantidad) values (5, 90, 10);
insert into OrdenarPersonalE (idPlatillo, numPedido, cantidad) values (10, 91, 13);
insert into OrdenarPersonalE (idPlatillo, numPedido, cantidad) values (1, 92, 8);
insert into OrdenarPersonalE (idPlatillo, numPedido, cantidad) values (1, 93, 15);
insert into OrdenarPersonalE (idPlatillo, numPedido, cantidad) values (7, 94, 13);
insert into OrdenarPersonalE (idPlatillo, numPedido, cantidad) values (10, 95, 15);
insert into OrdenarPersonalE (idPlatillo, numPedido, cantidad) values (12, 96, 4);
insert into OrdenarPersonalE (idPlatillo, numPedido, cantidad) values (11, 97, 4);
insert into OrdenarPersonalE (idPlatillo, numPedido, cantidad) values (4, 98, 5);
insert into OrdenarPersonalE (idPlatillo, numPedido, cantidad) values (13, 99, 12);
insert into OrdenarPersonalE (idPlatillo, numPedido, cantidad) values (3, 100, 7);

insert into Salsa (idSalsa, nombreSalsa, nivelPicante) values (1, 'Verde', 'Bajo');
insert into Salsa (idSalsa, nombreSalsa, nivelPicante) values (2, 'Roja', 'Alto');

insert into Acompanar (idSalsa, idPlatillo) values (1, 1);
insert into Acompanar (idSalsa, idPlatillo) values (1, 2);
insert into Acompanar (idSalsa, idPlatillo) values (2, 3);
insert into Acompanar (idSalsa, idPlatillo) values (2, 4);
insert into Acompanar (idSalsa, idPlatillo) values (1, 5);
insert into Acompanar (idSalsa, idPlatillo) values (2, 6);
insert into Acompanar (idSalsa, idPlatillo) values (2, 7);
insert into Acompanar (idSalsa, idPlatillo) values (1, 8);
insert into Acompanar (idSalsa, idPlatillo) values (1, 9);
insert into Acompanar (idSalsa, idPlatillo) values (1, 10);
insert into Acompanar (idSalsa, idPlatillo) values (2, 11);
insert into Acompanar (idSalsa, idPlatillo) values (1, 12);
insert into Acompanar (idSalsa, idPlatillo) values (2, 13);
insert into Acompanar (idSalsa, idPlatillo) values (1, 14);
insert into Acompanar (idSalsa, idPlatillo) values (1, 15);

insert into IngredientesSalsa (idSalsa, Ingrediente) values (2, 'Bay Leaf Fresh');
insert into IngredientesSalsa (idSalsa, Ingrediente) values (1, 'Buttons');
insert into IngredientesSalsa (idSalsa, Ingrediente) values (1, 'Pasta - Bauletti, Chicken White');
insert into IngredientesSalsa (idSalsa, Ingrediente) values (1, 'Pasta - Rotini, Dry');
insert into IngredientesSalsa (idSalsa, Ingrediente) values (1, 'Turkey - Oven Roast Breast');
insert into IngredientesSalsa (idSalsa, Ingrediente) values (1, 'Lettuce - Lolla Rosa');
insert into IngredientesSalsa (idSalsa, Ingrediente) values (1, 'Syrup - Monin, Irish Cream');

insert into ComprarSalsaD (idCliente, idSalsa, presentacion) values (1, 1, 250);
insert into ComprarSalsaD (idCliente, idSalsa, presentacion) values (1, 1, 250);
insert into ComprarSalsaD (idCliente, idSalsa, presentacion) values (1, 2, 450);
insert into ComprarSalsaD (idCliente, idSalsa, presentacion) values (1, 1, 250);
insert into ComprarSalsaD (idCliente, idSalsa, presentacion) values (1, 2, 450);
insert into ComprarSalsaD (idCliente, idSalsa, presentacion) values (1, 2, 450);
insert into ComprarSalsaD (idCliente, idSalsa, presentacion) values (1, 1, 250);
insert into ComprarSalsaD (idCliente, idSalsa, presentacion) values (1, 1, 250);
insert into ComprarSalsaD (idCliente, idSalsa, presentacion) values (1, 1, 250);
insert into ComprarSalsaD (idCliente, idSalsa, presentacion) values (1, 1, 250);
insert into ComprarSalsaD (idCliente, idSalsa, presentacion) values (1, 2, 450);
insert into ComprarSalsaD (idCliente, idSalsa, presentacion) values (1, 1, 250);
insert into ComprarSalsaD (idCliente, idSalsa, presentacion) values (1, 1, 250);
insert into ComprarSalsaD (idCliente, idSalsa, presentacion) values (1, 1, 250);
insert into ComprarSalsaD (idCliente, idSalsa, presentacion) values (1, 1, 250);
insert into ComprarSalsaD (idCliente, idSalsa, presentacion) values (1, 1, 250);
insert into ComprarSalsaD (idCliente, idSalsa, presentacion) values (1, 2, 450);
insert into ComprarSalsaD (idCliente, idSalsa, presentacion) values (1, 1, 250);
insert into ComprarSalsaD (idCliente, idSalsa, presentacion) values (1, 2, 450);
insert into ComprarSalsaD (idCliente, idSalsa, presentacion) values (1, 1, 250);
insert into ComprarSalsaD (idCliente, idSalsa, presentacion) values (1, 1, 250);
insert into ComprarSalsaD (idCliente, idSalsa, presentacion) values (1, 1, 250);
insert into ComprarSalsaD (idCliente, idSalsa, presentacion) values (1, 2, 450);
insert into ComprarSalsaD (idCliente, idSalsa, presentacion) values (1, 2, 450);
insert into ComprarSalsaD (idCliente, idSalsa, presentacion) values (1, 2, 450);
insert into ComprarSalsaD (idCliente, idSalsa, presentacion) values (1, 2, 450);
insert into ComprarSalsaD (idCliente, idSalsa, presentacion) values (1, 1, 250);
insert into ComprarSalsaD (idCliente, idSalsa, presentacion) values (1, 1, 250);
insert into ComprarSalsaD (idCliente, idSalsa, presentacion) values (1, 2, 450);
insert into ComprarSalsaD (idCliente, idSalsa, presentacion) values (1, 2, 450);
insert into ComprarSalsaD (idCliente, idSalsa, presentacion) values (1, 2, 450);
insert into ComprarSalsaD (idCliente, idSalsa, presentacion) values (1, 1, 250);
insert into ComprarSalsaD (idCliente, idSalsa, presentacion) values (1, 1, 250);
insert into ComprarSalsaD (idCliente, idSalsa, presentacion) values (1, 2, 450);
insert into ComprarSalsaD (idCliente, idSalsa, presentacion) values (1, 2, 450);
insert into ComprarSalsaD (idCliente, idSalsa, presentacion) values (1, 1, 250);
insert into ComprarSalsaD (idCliente, idSalsa, presentacion) values (1, 1, 250);
insert into ComprarSalsaD (idCliente, idSalsa, presentacion) values (1, 1, 250);
insert into ComprarSalsaD (idCliente, idSalsa, presentacion) values (1, 2, 450);
insert into ComprarSalsaD (idCliente, idSalsa, presentacion) values (1, 2, 450);
insert into ComprarSalsaD (idCliente, idSalsa, presentacion) values (1, 2, 450);
insert into ComprarSalsaD (idCliente, idSalsa, presentacion) values (1, 2, 450);
insert into ComprarSalsaD (idCliente, idSalsa, presentacion) values (1, 2, 450);
insert into ComprarSalsaD (idCliente, idSalsa, presentacion) values (1, 1, 250);
insert into ComprarSalsaD (idCliente, idSalsa, presentacion) values (1, 1, 250);
insert into ComprarSalsaD (idCliente, idSalsa, presentacion) values (1, 1, 250);
insert into ComprarSalsaD (idCliente, idSalsa, presentacion) values (1, 2, 450);
insert into ComprarSalsaD (idCliente, idSalsa, presentacion) values (1, 2, 450);
insert into ComprarSalsaD (idCliente, idSalsa, presentacion) values (1, 2, 450);
insert into ComprarSalsaD (idCliente, idSalsa, presentacion) values (1, 2, 450);
insert into ComprarSalsaD (idCliente, idSalsa, presentacion) values (1, 1, 250);
insert into ComprarSalsaD (idCliente, idSalsa, presentacion) values (1, 2, 450);
insert into ComprarSalsaD (idCliente, idSalsa, presentacion) values (1, 1, 250);
insert into ComprarSalsaD (idCliente, idSalsa, presentacion) values (1, 2, 450);
insert into ComprarSalsaD (idCliente, idSalsa, presentacion) values (1, 2, 450);
insert into ComprarSalsaD (idCliente, idSalsa, presentacion) values (1, 1, 250);
insert into ComprarSalsaD (idCliente, idSalsa, presentacion) values (1, 1, 250);
insert into ComprarSalsaD (idCliente, idSalsa, presentacion) values (1, 2, 450);
insert into ComprarSalsaD (idCliente, idSalsa, presentacion) values (1, 2, 450);
insert into ComprarSalsaD (idCliente, idSalsa, presentacion) values (1, 2, 450);
insert into ComprarSalsaD (idCliente, idSalsa, presentacion) values (1, 1, 250);
insert into ComprarSalsaD (idCliente, idSalsa, presentacion) values (1, 1, 250);
insert into ComprarSalsaD (idCliente, idSalsa, presentacion) values (1, 2, 450);
insert into ComprarSalsaD (idCliente, idSalsa, presentacion) values (1, 1, 250);
insert into ComprarSalsaD (idCliente, idSalsa, presentacion) values (1, 1, 250);
insert into ComprarSalsaD (idCliente, idSalsa, presentacion) values (1, 1, 250);
insert into ComprarSalsaD (idCliente, idSalsa, presentacion) values (1, 1, 250);
insert into ComprarSalsaD (idCliente, idSalsa, presentacion) values (1, 2, 450);
insert into ComprarSalsaD (idCliente, idSalsa, presentacion) values (1, 2, 450);
insert into ComprarSalsaD (idCliente, idSalsa, presentacion) values (1, 2, 450);
insert into ComprarSalsaD (idCliente, idSalsa, presentacion) values (1, 1, 250);
insert into ComprarSalsaD (idCliente, idSalsa, presentacion) values (1, 2, 450);
insert into ComprarSalsaD (idCliente, idSalsa, presentacion) values (1, 1, 250);
insert into ComprarSalsaD (idCliente, idSalsa, presentacion) values (1, 2, 450);
insert into ComprarSalsaD (idCliente, idSalsa, presentacion) values (1, 1, 250);
insert into ComprarSalsaD (idCliente, idSalsa, presentacion) values (1, 1, 250);
insert into ComprarSalsaD (idCliente, idSalsa, presentacion) values (1, 2, 450);
insert into ComprarSalsaD (idCliente, idSalsa, presentacion) values (1, 2, 450);
insert into ComprarSalsaD (idCliente, idSalsa, presentacion) values (1, 2, 450);
insert into ComprarSalsaD (idCliente, idSalsa, presentacion) values (1, 2, 450);
insert into ComprarSalsaD (idCliente, idSalsa, presentacion) values (1, 1, 250);
insert into ComprarSalsaD (idCliente, idSalsa, presentacion) values (1, 2, 450);
insert into ComprarSalsaD (idCliente, idSalsa, presentacion) values (1, 2, 450);
insert into ComprarSalsaD (idCliente, idSalsa, presentacion) values (1, 1, 250);
insert into ComprarSalsaD (idCliente, idSalsa, presentacion) values (1, 1, 250);
insert into ComprarSalsaD (idCliente, idSalsa, presentacion) values (1, 2, 450);
insert into ComprarSalsaD (idCliente, idSalsa, presentacion) values (1, 1, 250);
insert into ComprarSalsaD (idCliente, idSalsa, presentacion) values (1, 2, 450);
insert into ComprarSalsaD (idCliente, idSalsa, presentacion) values (1, 2, 450);
insert into ComprarSalsaD (idCliente, idSalsa, presentacion) values (1, 2, 450);
insert into ComprarSalsaD (idCliente, idSalsa, presentacion) values (1, 1, 250);
insert into ComprarSalsaD (idCliente, idSalsa, presentacion) values (1, 2, 450);
insert into ComprarSalsaD (idCliente, idSalsa, presentacion) values (1, 1, 250);
insert into ComprarSalsaD (idCliente, idSalsa, presentacion) values (1, 1, 250);
insert into ComprarSalsaD (idCliente, idSalsa, presentacion) values (1, 1, 250);
insert into ComprarSalsaD (idCliente, idSalsa, presentacion) values (1, 2, 450);
insert into ComprarSalsaD (idCliente, idSalsa, presentacion) values (1, 2, 450);
insert into ComprarSalsaD (idCliente, idSalsa, presentacion) values (1, 1, 250);
insert into ComprarSalsaD (idCliente, idSalsa, presentacion) values (1, 1, 250);
insert into ComprarSalsaD (idCliente, idSalsa, presentacion) values (1, 2, 450);

insert into ComprarSalsaE (idCliente, idSalsa, presentacion) values (9858, 2, 450);
insert into ComprarSalsaE (idCliente, idSalsa, presentacion) values (5382, 2, 450);
insert into ComprarSalsaE (idCliente, idSalsa, presentacion) values (4314, 1, 250);
insert into ComprarSalsaE (idCliente, idSalsa, presentacion) values (2124, 2, 450);
insert into ComprarSalsaE (idCliente, idSalsa, presentacion) values (7157, 1, 250);
insert into ComprarSalsaE (idCliente, idSalsa, presentacion) values (7001, 2, 450);
insert into ComprarSalsaE (idCliente, idSalsa, presentacion) values (9902, 1, 250);
insert into ComprarSalsaE (idCliente, idSalsa, presentacion) values (8254, 1, 250);
insert into ComprarSalsaE (idCliente, idSalsa, presentacion) values (8061, 2, 450);
insert into ComprarSalsaE (idCliente, idSalsa, presentacion) values (7178, 2, 450);
insert into ComprarSalsaE (idCliente, idSalsa, presentacion) values (9556, 2, 450);
insert into ComprarSalsaE (idCliente, idSalsa, presentacion) values (4728, 1, 250);
insert into ComprarSalsaE (idCliente, idSalsa, presentacion) values (8896, 2, 450);
insert into ComprarSalsaE (idCliente, idSalsa, presentacion) values (9387, 2, 450);
insert into ComprarSalsaE (idCliente, idSalsa, presentacion) values (4302, 1, 250);
insert into ComprarSalsaE (idCliente, idSalsa, presentacion) values (5481, 2, 450);
insert into ComprarSalsaE (idCliente, idSalsa, presentacion) values (9387, 2, 450);
insert into ComprarSalsaE (idCliente, idSalsa, presentacion) values (5075, 2, 450);
insert into ComprarSalsaE (idCliente, idSalsa, presentacion) values (5995, 2, 450);
insert into ComprarSalsaE (idCliente, idSalsa, presentacion) values (5626, 1, 250);
insert into ComprarSalsaE (idCliente, idSalsa, presentacion) values (5313, 1, 250);
insert into ComprarSalsaE (idCliente, idSalsa, presentacion) values (9556, 1, 250);
insert into ComprarSalsaE (idCliente, idSalsa, presentacion) values (8311, 2, 450);
insert into ComprarSalsaE (idCliente, idSalsa, presentacion) values (8219, 1, 250);
insert into ComprarSalsaE (idCliente, idSalsa, presentacion) values (8004, 1, 250);
insert into ComprarSalsaE (idCliente, idSalsa, presentacion) values (5829, 1, 250);
insert into ComprarSalsaE (idCliente, idSalsa, presentacion) values (8671, 2, 450);
insert into ComprarSalsaE (idCliente, idSalsa, presentacion) values (8054, 1, 250);
insert into ComprarSalsaE (idCliente, idSalsa, presentacion) values (8004, 2, 450);
insert into ComprarSalsaE (idCliente, idSalsa, presentacion) values (9387, 2, 450);
insert into ComprarSalsaE (idCliente, idSalsa, presentacion) values (8201, 2, 450);
insert into ComprarSalsaE (idCliente, idSalsa, presentacion) values (4493, 1, 250);
insert into ComprarSalsaE (idCliente, idSalsa, presentacion) values (5249, 1, 250);
insert into ComprarSalsaE (idCliente, idSalsa, presentacion) values (7093, 2, 450);
insert into ComprarSalsaE (idCliente, idSalsa, presentacion) values (2014, 1, 250);
insert into ComprarSalsaE (idCliente, idSalsa, presentacion) values (8241, 1, 250);
insert into ComprarSalsaE (idCliente, idSalsa, presentacion) values (6407, 2, 450);
insert into ComprarSalsaE (idCliente, idSalsa, presentacion) values (2949, 2, 450);
insert into ComprarSalsaE (idCliente, idSalsa, presentacion) values (2499, 2, 450);
insert into ComprarSalsaE (idCliente, idSalsa, presentacion) values (5829, 1, 250);
insert into ComprarSalsaE (idCliente, idSalsa, presentacion) values (1271, 2, 450);
insert into ComprarSalsaE (idCliente, idSalsa, presentacion) values (2165, 1, 250);
insert into ComprarSalsaE (idCliente, idSalsa, presentacion) values (9556, 1, 250);
insert into ComprarSalsaE (idCliente, idSalsa, presentacion) values (3379, 2, 450);
insert into ComprarSalsaE (idCliente, idSalsa, presentacion) values (7001, 2, 450);
insert into ComprarSalsaE (idCliente, idSalsa, presentacion) values (3879, 1, 250);
insert into ComprarSalsaE (idCliente, idSalsa, presentacion) values (8896, 1, 250);
insert into ComprarSalsaE (idCliente, idSalsa, presentacion) values (1165, 1, 250);
insert into ComprarSalsaE (idCliente, idSalsa, presentacion) values (5052, 2, 450);
insert into ComprarSalsaE (idCliente, idSalsa, presentacion) values (4302, 1, 250);
